0 verbose cli /usr/local/bin/node /usr/local/bin/npm
1 info using npm@10.2.4
2 info using node@v21.6.1
3 timing npm:load:whichnode Completed in 1ms
4 timing config:load:defaults Completed in 2ms
5 timing config:load:file:/usr/local/lib/node_modules/npm/npmrc Completed in 2ms
6 timing config:load:builtin Completed in 2ms
7 timing config:load:cli Completed in 3ms
8 timing config:load:env Completed in 1ms
9 timing config:load:file:/Users/mr.akpini/Desktop/urban-kicks/backend/.npmrc Completed in 0ms
10 timing config:load:project Completed in 1ms
11 timing config:load:file:/Users/mr.akpini/.npmrc Completed in 0ms
12 timing config:load:user Completed in 1ms
13 timing config:load:file:/usr/local/etc/npmrc Completed in 0ms
14 timing config:load:global Completed in 0ms
15 timing config:load:setEnvs Completed in 1ms
16 timing config:load Completed in 11ms
17 timing npm:load:configload Completed in 11ms
18 timing config:load:flatten Completed in 37ms
19 timing npm:load:mkdirpcache Completed in 1ms
20 timing npm:load:mkdirplogs Completed in 0ms
21 verbose title npm install
22 verbose argv "install" "--loglevel" "silent"
23 timing npm:load:setTitle Completed in 42ms
24 timing npm:load:display Completed in 2ms
25 verbose logfile logs-max:10 dir:/Users/mr.akpini/Desktop/urban-kicks/.npm-cache/_logs/2026-04-08T15_21_21_507Z-
26 verbose logfile /Users/mr.akpini/Desktop/urban-kicks/.npm-cache/_logs/2026-04-08T15_21_21_507Z-debug-0.log
27 timing npm:load:logFile Completed in 15ms
28 timing npm:load:timers Completed in 0ms
29 timing npm:load:configScope Completed in 0ms
30 timing npm:load Completed in 163ms
31 timing arborist:ctor Completed in 1ms
32 silly logfile done cleaning log files
33 timing arborist:ctor Completed in 0ms
34 timing idealTree:init Completed in 47ms
35 timing idealTree:userRequests Completed in 0ms
36 silly idealTree buildDeps
37 silly fetch manifest @nestjs/common@^10.0.0
38 http fetch GET 200 https://registry.npmjs.org/@nestjs%2fcommon 1752ms (cache miss)
39 silly fetch manifest class-transformer@*
40 http fetch GET 200 https://registry.npmjs.org/class-transformer 354ms (cache miss)
41 silly fetch manifest class-validator@*
42 http fetch GET 200 https://registry.npmjs.org/class-validator 1445ms (cache miss)
43 silly fetch manifest reflect-metadata@^0.2.0
44 http fetch GET 200 https://registry.npmjs.org/reflect-metadata 343ms (cache miss)
45 silly fetch manifest rxjs@^7.8.1
46 http fetch GET 200 https://registry.npmjs.org/rxjs 13ms (cache hit)
47 silly fetch manifest @nestjs/core@^10.0.0
48 http fetch GET 200 https://registry.npmjs.org/@nestjs%2fcore 845ms (cache miss)
49 silly fetch manifest @nestjs/microservices@^10.0.0
50 http fetch GET 200 https://registry.npmjs.org/@nestjs%2fmicroservices 905ms (cache miss)
51 silly fetch manifest @grpc/grpc-js@*
52 http fetch GET 200 https://registry.npmjs.org/@grpc%2fgrpc-js 1900ms (cache miss)
53 silly fetch manifest @nestjs/websockets@^10.0.0
54 http fetch GET 200 https://registry.npmjs.org/@nestjs%2fwebsockets 736ms (cache miss)
55 silly fetch manifest @nestjs/platform-socket.io@^10.0.0
56 http fetch GET 200 https://registry.npmjs.org/@nestjs%2fplatform-socket.io 889ms (cache miss)
57 silly fetch manifest amqp-connection-manager@*
58 http fetch GET 200 https://registry.npmjs.org/amqp-connection-manager 1106ms (cache miss)
59 silly fetch manifest amqplib@*
60 http fetch GET 200 https://registry.npmjs.org/amqplib 1310ms (cache miss)
61 silly fetch manifest cache-manager@*
62 http fetch GET 200 https://registry.npmjs.org/cache-manager 327ms (cache miss)
63 silly fetch manifest ioredis@*
64 http fetch GET 200 https://registry.npmjs.org/ioredis 445ms (cache miss)
65 silly fetch manifest kafkajs@*
66 http fetch GET 200 https://registry.npmjs.org/kafkajs 475ms (cache miss)
67 silly fetch manifest mqtt@*
68 http fetch GET 200 https://registry.npmjs.org/mqtt 328ms (cache miss)
69 silly fetch manifest nats@*
70 http fetch GET 200 https://registry.npmjs.org/nats 404ms (cache miss)
71 silly fetch manifest @nestjs/platform-express@^10.0.0
72 http fetch GET 200 https://registry.npmjs.org/@nestjs%2fplatform-express 744ms (cache miss)
73 silly fetch manifest @nestjs/cli@^10.0.0
74 http fetch GET 200 https://registry.npmjs.org/@nestjs%2fcli 6ms (cache hit)
75 silly fetch manifest @swc/cli@^0.1.62 || ^0.3.0 || ^0.4.0 || ^0.5.0
76 http fetch GET 200 https://registry.npmjs.org/@swc%2fcli 17ms (cache hit)
77 silly fetch manifest @swc/core@^1.2.66
78 http fetch GET 200 https://registry.npmjs.org/@swc%2fcore 10ms (cache hit)
79 silly fetch manifest @swc/helpers@>=0.5.17
80 http fetch GET 200 https://registry.npmjs.org/@swc%2fhelpers 3ms (cache hit)
81 silly fetch manifest chokidar@^3.5.1
82 http fetch GET 200 https://registry.npmjs.org/chokidar 4ms (cache hit)
83 silly fetch manifest @nestjs/schematics@^10.0.0
84 http fetch GET 200 https://registry.npmjs.org/@nestjs%2fschematics 5ms (cache hit)
85 silly fetch manifest typescript@^5.1.3
86 http fetch GET 200 https://registry.npmjs.org/typescript 29ms (cache hit)
87 silly fetch manifest @nestjs/testing@^10.0.0
88 http fetch GET 200 https://registry.npmjs.org/@nestjs%2ftesting 2140ms (cache miss)
89 silly fetch manifest @types/express@^5.0.0
90 http fetch GET 200 https://registry.npmjs.org/@types%2fexpress 596ms (cache miss)
91 silly fetch manifest @types/jest@^29.5.2
92 http fetch GET 200 https://registry.npmjs.org/@types%2fjest 608ms (cache miss)
93 silly fetch manifest @types/node@^20.3.1
94 http fetch GET 200 https://registry.npmjs.org/@types%2fnode 10ms (cache hit)
95 silly fetch manifest @types/supertest@^6.0.0
96 http fetch GET 200 https://registry.npmjs.org/@types%2fsupertest 649ms (cache miss)
97 silly fetch manifest @typescript-eslint/eslint-plugin@^8.0.0
98 http fetch GET 200 https://registry.npmjs.org/@typescript-eslint%2feslint-plugin 2375ms (cache miss)
99 silly fetch manifest @typescript-eslint/parser@^8.0.0
100 http fetch GET 200 https://registry.npmjs.org/@typescript-eslint%2fparser 891ms (cache miss)
101 silly fetch manifest eslint@^8.0.0
102 http fetch GET 200 https://registry.npmjs.org/eslint 210ms (cache miss)
103 silly fetch manifest eslint-config-prettier@^9.0.0
104 http fetch GET 200 https://registry.npmjs.org/eslint-config-prettier 1519ms (cache miss)
105 silly fetch manifest eslint-plugin-prettier@^5.0.0
106 http fetch GET 200 https://registry.npmjs.org/eslint-plugin-prettier 415ms (cache miss)
107 silly fetch manifest @types/eslint@>=8.0.0
108 http fetch GET 200 https://registry.npmjs.org/@types%2feslint 6ms (cache hit)
109 silly fetch manifest prettier@^3.0.0
110 http fetch GET 200 https://registry.npmjs.org/prettier 847ms (cache miss)
111 silly fetch manifest jest@^29.5.0
112 http fetch GET 200 https://registry.npmjs.org/jest 143ms (cache miss)
113 silly fetch manifest node-notifier@^8.0.1 || ^9.0.0 || ^10.0.0
114 http fetch GET 200 https://registry.npmjs.org/node-notifier 378ms (cache miss)
115 silly fetch manifest source-map-support@^0.5.21
116 http fetch GET 200 https://registry.npmjs.org/source-map-support 4ms (cache hit)
117 silly fetch manifest supertest@^7.0.0
118 http fetch GET 200 https://registry.npmjs.org/supertest 631ms (cache miss)
119 silly fetch manifest ts-jest@^29.1.0
120 http fetch GET 200 https://registry.npmjs.org/ts-jest 367ms (cache miss)
121 silly fetch manifest @babel/core@>=7.0.0-beta.0 <8
122 http fetch GET 200 https://registry.npmjs.org/@babel%2fcore 1231ms (cache miss)
123 silly fetch manifest @jest/transform@^29.0.0 || ^30.0.0
124 http fetch GET 200 https://registry.npmjs.org/@jest%2ftransform 827ms (cache miss)
125 silly fetch manifest @jest/types@^29.0.0 || ^30.0.0
126 http fetch GET 200 https://registry.npmjs.org/@jest%2ftypes 761ms (cache miss)
127 silly fetch manifest babel-jest@^29.0.0 || ^30.0.0
128 http fetch GET 200 https://registry.npmjs.org/babel-jest 510ms (cache miss)
129 silly fetch manifest jest-util@^29.0.0 || ^30.0.0
130 http fetch GET 200 https://registry.npmjs.org/jest-util 2173ms (cache miss)
131 silly fetch manifest ts-loader@^9.4.3
132 http fetch GET 200 https://registry.npmjs.org/ts-loader 724ms (cache miss)
133 silly fetch manifest webpack@^5.0.0
134 http fetch GET 200 https://registry.npmjs.org/webpack 9ms (cache hit)
135 silly fetch manifest ts-node@^10.9.1
136 http fetch GET 200 https://registry.npmjs.org/ts-node 699ms (cache miss)
137 silly fetch manifest @swc/core@>=1.2.50
138 silly fetch manifest @swc/wasm@>=1.2.50
139 http fetch GET 200 https://registry.npmjs.org/@swc%2fwasm 3676ms (cache miss)
140 silly fetch manifest tsconfig-paths@^4.2.0
141 http fetch GET 200 https://registry.npmjs.org/tsconfig-paths 3ms (cache hit)
142 silly placeDep ROOT @nestjs/cli@10.4.9 OK for: backend@0.0.1 want: ^10.0.0
143 silly fetch manifest ora@5.4.1
144 silly fetch manifest glob@10.4.5
145 silly fetch manifest chalk@4.1.2
146 silly fetch manifest webpack@5.97.1
147 silly fetch manifest chokidar@3.6.0
148 silly fetch manifest inquirer@8.2.6
149 silly fetch manifest commander@4.1.1
150 silly fetch manifest tree-kill@1.2.2
151 silly fetch manifest cli-table3@0.6.5
152 silly fetch manifest node-emoji@1.11.0
153 silly fetch manifest typescript@5.7.2
154 silly fetch manifest tsconfig-paths@4.2.0
155 silly fetch manifest @nestjs/schematics@^10.0.1
156 silly fetch manifest @angular-devkit/core@17.3.11
157 silly fetch manifest webpack-node-externals@3.0.0
158 silly fetch manifest @angular-devkit/schematics@17.3.11
159 silly fetch manifest tsconfig-paths-webpack-plugin@4.2.0
160 silly fetch manifest @angular-devkit/schematics-cli@17.3.11
161 silly fetch manifest fork-ts-checker-webpack-plugin@9.0.2
162 silly placeDep ROOT @nestjs/common@10.4.22 OK for: backend@0.0.1 want: ^10.0.0
163 silly placeDep ROOT rxjs@7.8.2 OK for: @nestjs/common@10.4.22 want: ^7.1.0
164 silly placeDep ROOT reflect-metadata@0.2.2 OK for: @nestjs/common@10.4.22 want: ^0.1.12 || ^0.2.0
165 silly fetch manifest uid@2.0.2
166 silly fetch manifest tslib@2.8.1
167 silly fetch manifest iterare@1.2.1
168 silly fetch manifest file-type@20.4.1
169 silly fetch manifest tslib@^2.1.0
170 silly placeDep ROOT @nestjs/core@10.4.22 OK for: backend@0.0.1 want: ^10.0.0
171 silly fetch manifest path-to-regexp@3.3.0
172 silly fetch manifest fast-safe-stringify@2.1.1
173 silly fetch manifest @nuxtjs/opencollective@0.3.2
174 silly placeDep ROOT @nestjs/platform-express@10.4.22 OK for: backend@0.0.1 want: ^10.0.0
175 silly fetch manifest cors@2.8.5
176 silly fetch manifest multer@2.0.2
177 silly fetch manifest express@4.22.1
178 silly fetch manifest body-parser@1.20.4
179 silly placeDep ROOT @nestjs/schematics@10.2.3 OK for: backend@0.0.1 want: ^10.0.0
180 silly placeDep ROOT typescript@5.9.3 OK for: @nestjs/schematics@10.2.3 want: >=4.8.2
181 silly fetch manifest pluralize@8.0.0
182 silly fetch manifest comment-json@4.2.5
183 silly fetch manifest jsonc-parser@3.3.1
184 silly placeDep ROOT @nestjs/testing@10.4.22 OK for: backend@0.0.1 want: ^10.0.0
185 silly placeDep ROOT @types/express@5.0.6 OK for: backend@0.0.1 want: ^5.0.0
186 silly fetch manifest @types/body-parser@*
187 silly fetch manifest @types/serve-static@^2
188 silly fetch manifest @types/express-serve-static-core@^5.0.0
189 silly placeDep ROOT @types/jest@29.5.14 OK for: backend@0.0.1 want: ^29.5.2
190 silly fetch manifest expect@^29.0.0
191 silly fetch manifest pretty-format@^29.0.0
192 silly placeDep ROOT @types/node@20.19.39 OK for: backend@0.0.1 want: ^20.3.1
193 silly fetch manifest undici-types@~6.21.0
194 silly placeDep ROOT @types/supertest@6.0.3 OK for: backend@0.0.1 want: ^6.0.0
195 silly fetch manifest @types/methods@^1.1.4
196 silly fetch manifest @types/superagent@^8.1.0
197 silly placeDep ROOT @typescript-eslint/eslint-plugin@8.58.1 OK for: backend@0.0.1 want: ^8.0.0
198 silly placeDep ROOT eslint@8.57.1 OK for: @typescript-eslint/eslint-plugin@8.58.1 want: ^8.57.0 || ^9.0.0 || ^10.0.0
199 silly placeDep ROOT @typescript-eslint/parser@8.58.1 OK for: @typescript-eslint/eslint-plugin@8.58.1 want: ^8.58.1
200 silly fetch manifest ignore@^7.0.5
201 silly fetch manifest ts-api-utils@^2.5.0
202 silly fetch manifest natural-compare@^1.4.0
203 silly fetch manifest @typescript-eslint/utils@8.58.1
204 silly fetch manifest @eslint-community/regexpp@^4.12.2
205 silly fetch manifest @typescript-eslint/type-utils@8.58.1
206 silly fetch manifest @typescript-eslint/visitor-keys@8.58.1
207 silly fetch manifest @typescript-eslint/scope-manager@8.58.1
208 silly fetch manifest debug@^4.4.3
209 silly fetch manifest @typescript-eslint/types@8.58.1
210 silly fetch manifest @typescript-eslint/typescript-estree@8.58.1
211 silly fetch manifest ajv@^6.12.4
212 silly fetch manifest levn@^0.4.1
213 silly fetch manifest chalk@^4.0.0
214 silly fetch manifest debug@^4.3.2
215 silly fetch manifest espree@^9.6.1
216 silly fetch manifest ignore@^5.2.0
217 silly fetch manifest esquery@^1.4.2
218 silly fetch manifest esutils@^2.0.2
219 silly fetch manifest find-up@^5.0.0
220 silly fetch manifest globals@^13.19.0
221 silly fetch manifest is-glob@^4.0.0
222 silly fetch manifest js-yaml@^4.1.0
223 silly fetch manifest doctrine@^3.0.0
224 silly fetch manifest graphemer@^1.4.0
225 silly fetch manifest minimatch@^3.1.2
226 silly fetch manifest @eslint/js@8.57.1
227 silly fetch manifest optionator@^0.9.3
228 silly fetch manifest strip-ansi@^6.0.1
229 silly fetch manifest text-table@^0.2.0
230 silly fetch manifest cross-spawn@^7.0.2
231 silly fetch manifest glob-parent@^6.0.2
232 silly fetch manifest imurmurhash@^0.1.4
233 silly fetch manifest eslint-scope@^7.2.2
234 silly fetch manifest lodash.merge@^4.6.2
235 silly fetch manifest is-path-inside@^3.0.3
236 silly fetch manifest fast-deep-equal@^3.1.3
237 silly fetch manifest @eslint/eslintrc@^2.1.4
238 silly fetch manifest @nodelib/fs.walk@^1.2.8
239 silly fetch manifest file-entry-cache@^6.0.1
240 silly fetch manifest eslint-visitor-keys@^3.4.3
241 silly fetch manifest escape-string-regexp@^4.0.0
242 silly fetch manifest @ungap/structured-clone@^1.2.0
243 silly fetch manifest @eslint-community/regexpp@^4.6.1
244 silly fetch manifest @humanwhocodes/config-array@^0.13.0
245 silly fetch manifest @eslint-community/eslint-utils@^4.2.0
246 silly fetch manifest @humanwhocodes/module-importer@^1.0.1
247 silly fetch manifest json-stable-stringify-without-jsonify@^1.0.1
248 silly placeDep ROOT eslint-config-prettier@9.1.2 OK for: backend@0.0.1 want: ^9.0.0
249 silly placeDep ROOT eslint-plugin-prettier@5.5.5 OK for: backend@0.0.1 want: ^5.0.0
250 silly placeDep ROOT prettier@3.8.1 OK for: eslint-plugin-prettier@5.5.5 want: >=3.0.0
251 silly fetch manifest prettier-linter-helpers@^1.0.1
252 silly fetch manifest synckit@^0.11.12
253 silly placeDep ROOT jest@29.7.0 OK for: backend@0.0.1 want: ^29.5.0
254 silly fetch manifest jest-cli@^29.7.0
255 silly fetch manifest @jest/core@^29.7.0
256 silly fetch manifest @jest/types@^29.6.3
257 silly fetch manifest import-local@^3.0.2
258 silly placeDep ROOT source-map-support@0.5.21 OK for: backend@0.0.1 want: ^0.5.21
259 silly fetch manifest buffer-from@^1.0.0
260 silly fetch manifest source-map@^0.6.0
261 silly placeDep ROOT supertest@7.2.2 OK for: backend@0.0.1 want: ^7.0.0
262 silly fetch manifest methods@^1.1.2
263 silly fetch manifest superagent@^10.3.0
264 silly fetch manifest cookie-signature@^1.2.2
265 silly placeDep ROOT ts-jest@29.4.9 OK for: backend@0.0.1 want: ^29.1.0
266 silly fetch manifest bs-logger@^0.2.6
267 silly fetch manifest fast-json-stable-stringify@^2.1.0
268 silly fetch manifest handlebars@^4.7.9
269 silly fetch manifest json5@^2.2.3
270 silly fetch manifest lodash.memoize@^4.1.2
271 silly fetch manifest make-error@^1.3.6
272 silly fetch manifest semver@^7.7.4
273 silly fetch manifest type-fest@^4.41.0
274 silly fetch manifest yargs-parser@^21.1.1
275 silly placeDep ROOT ts-loader@9.5.7 OK for: backend@0.0.1 want: ^9.4.3
276 silly placeDep ROOT webpack@5.106.0 OK for: ts-loader@9.5.7 want: ^5.0.0
277 silly fetch manifest chalk@^4.1.0
278 silly fetch manifest semver@^7.3.4
279 silly fetch manifest micromatch@^4.0.0
280 silly fetch manifest source-map@^0.7.4
281 silly fetch manifest enhanced-resolve@^5.0.0
282 silly fetch manifest @types/eslint-scope@^3.7.7
283 silly fetch manifest @types/estree@^1.0.8
284 silly fetch manifest @types/json-schema@^7.0.15
285 silly fetch manifest @webassemblyjs/ast@^1.14.1
286 silly fetch manifest @webassemblyjs/wasm-edit@^1.14.1
287 silly fetch manifest @webassemblyjs/wasm-parser@^1.14.1
288 silly fetch manifest acorn@^8.16.0
289 silly fetch manifest acorn-import-phases@^1.0.3
290 silly fetch manifest browserslist@^4.28.1
291 silly fetch manifest chrome-trace-event@^1.0.2
292 silly fetch manifest enhanced-resolve@^5.20.0
293 silly fetch manifest es-module-lexer@^2.0.0
294 silly fetch manifest eslint-scope@5.1.1
295 silly fetch manifest events@^3.2.0
296 silly fetch manifest glob-to-regexp@^0.4.1
297 silly fetch manifest graceful-fs@^4.2.11
298 silly fetch manifest json-parse-even-better-errors@^2.3.1
299 silly fetch manifest loader-runner@^4.3.1
300 silly fetch manifest mime-types@^2.1.27
301 silly fetch manifest neo-async@^2.6.2
302 silly fetch manifest schema-utils@^4.3.3
303 silly fetch manifest tapable@^2.3.0
304 silly fetch manifest terser-webpack-plugin@^5.3.17
305 silly fetch manifest watchpack@^2.5.1
306 silly fetch manifest webpack-sources@^3.3.4
307 silly placeDep ROOT ts-node@10.9.2 OK for: backend@0.0.1 want: ^10.9.1
308 silly fetch manifest yn@3.1.1
309 silly fetch manifest arg@^4.1.0
310 silly fetch manifest diff@^4.0.1
311 silly fetch manifest acorn@^8.4.1
312 silly fetch manifest acorn-walk@^8.1.1
313 silly fetch manifest make-error@^1.1.1
314 silly fetch manifest create-require@^1.1.0
315 silly fetch manifest @tsconfig/node10@^1.0.7
316 silly fetch manifest @tsconfig/node12@^1.0.7
317 silly fetch manifest @tsconfig/node14@^1.0.0
318 silly fetch manifest @tsconfig/node16@^1.0.2
319 silly fetch manifest v8-compile-cache-lib@^3.0.1
320 silly fetch manifest @cspotcode/source-map-support@^0.8.0
321 silly placeDep ROOT tsconfig-paths@4.2.0 OK for: backend@0.0.1 want: ^4.2.0
322 silly fetch manifest json5@^2.2.2
323 silly fetch manifest minimist@^1.2.6
324 silly fetch manifest strip-bom@^3.0.0
325 http fetch GET 200 https://registry.npmjs.org/cli-table3 448ms (cache hit)
326 http fetch GET 200 https://registry.npmjs.org/tsconfig-paths-webpack-plugin 447ms (cache hit)
327 http fetch GET 200 https://registry.npmjs.org/commander 451ms (cache hit)
328 http fetch GET 200 https://registry.npmjs.org/@angular-devkit%2fschematics-cli 452ms (cache hit)
329 http fetch GET 200 https://registry.npmjs.org/glob 466ms (cache hit)
330 http fetch GET 200 https://registry.npmjs.org/pluralize 442ms (cache hit)
331 http fetch GET 200 https://registry.npmjs.org/@angular-devkit%2fschematics 468ms (cache hit)
332 http fetch GET 200 https://registry.npmjs.org/tslib 469ms (cache hit)
333 http fetch GET 200 https://registry.npmjs.org/chalk 481ms (cache hit)
334 http fetch GET 200 https://registry.npmjs.org/webpack-node-externals 478ms (cache hit)
335 http fetch GET 200 https://registry.npmjs.org/chalk 429ms (cache hit)
336 http fetch GET 200 https://registry.npmjs.org/tslib 474ms (cache hit)
337 http fetch GET 200 https://registry.npmjs.org/is-glob 426ms (cache hit)
338 http fetch GET 200 https://registry.npmjs.org/strip-ansi 425ms (cache hit)
339 http fetch GET 200 https://registry.npmjs.org/node-emoji 483ms (cache hit)
340 http fetch GET 200 https://registry.npmjs.org/source-map 414ms (cache hit)
341 http fetch GET 200 https://registry.npmjs.org/cross-spawn 427ms (cache hit)
342 http fetch GET 200 https://registry.npmjs.org/comment-json 462ms (cache hit)
343 http fetch GET 200 https://registry.npmjs.org/@angular-devkit%2fcore 489ms (cache hit)
344 http fetch GET 200 https://registry.npmjs.org/jsonc-parser 480ms (cache hit)
345 http fetch GET 200 https://registry.npmjs.org/fast-deep-equal 445ms (cache hit)
346 http fetch GET 200 https://registry.npmjs.org/ajv 456ms (cache hit)
347 http fetch GET 200 https://registry.npmjs.org/chalk 439ms (cache hit)
348 http fetch GET 200 https://registry.npmjs.org/source-map 440ms (cache hit)
349 http fetch GET 200 https://registry.npmjs.org/escape-string-regexp 458ms (cache hit)
350 http fetch GET 200 https://registry.npmjs.org/semver 444ms (cache hit)
351 http fetch GET 200 https://registry.npmjs.org/inquirer 522ms (cache hit)
352 http fetch GET 200 https://registry.npmjs.org/semver 445ms (cache hit)
353 http fetch GET 200 https://registry.npmjs.org/fast-json-stable-stringify 451ms (cache hit)
354 http fetch GET 200 https://registry.npmjs.org/enhanced-resolve 446ms (cache hit)
355 http fetch GET 200 https://registry.npmjs.org/@types%2festree 629ms (cache hit)
356 http fetch GET 200 https://registry.npmjs.org/type-fest 634ms (cache hit)
357 http fetch GET 200 https://registry.npmjs.org/js-yaml 655ms (cache hit)
358 http fetch GET 200 https://registry.npmjs.org/@webassemblyjs%2fwasm-edit 635ms (cache hit)
359 http fetch GET 200 https://registry.npmjs.org/glob-parent 658ms (cache hit)
360 http fetch GET 200 https://registry.npmjs.org/@webassemblyjs%2fast 638ms (cache hit)
361 http fetch GET 200 https://registry.npmjs.org/enhanced-resolve 638ms (cache hit)
362 http fetch GET 200 https://registry.npmjs.org/eslint-scope 662ms (cache hit)
363 http fetch GET 200 https://registry.npmjs.org/events 640ms (cache hit)
364 http fetch GET 200 https://registry.npmjs.org/undici-types 684ms (cache hit)
365 http fetch GET 200 https://registry.npmjs.org/acorn 645ms (cache hit)
366 http fetch GET 200 https://registry.npmjs.org/@types%2fjson-schema 647ms (cache hit)
367 http fetch GET 200 https://registry.npmjs.org/loader-runner 643ms (cache hit)
368 http fetch GET 200 https://registry.npmjs.org/ora 730ms (cache hit)
369 http fetch GET 200 https://registry.npmjs.org/eslint-scope 647ms (cache hit)
370 http fetch GET 200 https://registry.npmjs.org/chrome-trace-event 648ms (cache hit)
371 http fetch GET 200 https://registry.npmjs.org/glob-to-regexp 647ms (cache hit)
372 http fetch GET 200 https://registry.npmjs.org/tree-kill 730ms (cache hit)
373 http fetch GET 200 https://registry.npmjs.org/browserslist 650ms (cache hit)
374 http fetch GET 200 https://registry.npmjs.org/json-parse-even-better-errors 650ms (cache hit)
375 http fetch GET 200 https://registry.npmjs.org/es-module-lexer 652ms (cache hit)
376 http fetch GET 200 https://registry.npmjs.org/acorn 648ms (cache hit)
377 http fetch GET 200 https://registry.npmjs.org/tapable 660ms (cache hit)
378 http fetch GET 200 https://registry.npmjs.org/neo-async 662ms (cache hit)
379 http fetch GET 200 https://registry.npmjs.org/mime-types 663ms (cache hit)
380 http fetch GET 200 https://registry.npmjs.org/graceful-fs 666ms (cache hit)
381 http fetch GET 200 https://registry.npmjs.org/json5 657ms (cache hit)
382 http fetch GET 200 https://registry.npmjs.org/buffer-from 681ms (cache hit)
383 http fetch GET 200 https://registry.npmjs.org/schema-utils 667ms (cache hit)
384 http fetch GET 200 https://registry.npmjs.org/watchpack 667ms (cache hit)
385 http fetch GET 200 https://registry.npmjs.org/strip-bom 661ms (cache hit)
386 http fetch GET 200 https://registry.npmjs.org/terser-webpack-plugin 670ms (cache hit)
387 http fetch GET 200 https://registry.npmjs.org/webpack-sources 672ms (cache hit)
388 http fetch GET 200 https://registry.npmjs.org/minimist 667ms (cache hit)
389 http fetch GET 200 https://registry.npmjs.org/yargs-parser 684ms (cache hit)
390 http fetch GET 200 https://registry.npmjs.org/json5 792ms (cache hit)
391 http fetch GET 200 https://registry.npmjs.org/minimatch 810ms (cache hit)
392 http fetch GET 200 https://registry.npmjs.org/fork-ts-checker-webpack-plugin 868ms (cache hit)
393 http fetch GET 200 https://registry.npmjs.org/@types%2feslint-scope 807ms (cache hit)
394 http fetch GET 200 https://registry.npmjs.org/@webassemblyjs%2fwasm-parser 807ms (cache hit)
395 http fetch GET 200 https://registry.npmjs.org/uid 891ms (cache miss)
396 http fetch GET 200 https://registry.npmjs.org/esquery 850ms (cache miss)
397 http fetch GET 200 https://registry.npmjs.org/lodash.merge 844ms (cache miss)
398 http fetch GET 200 https://registry.npmjs.org/micromatch 829ms (cache miss)
399 http fetch GET 200 https://registry.npmjs.org/@eslint%2fjs 851ms (cache miss)
400 http fetch GET 200 https://registry.npmjs.org/ignore 859ms (cache miss)
401 http fetch GET 200 https://registry.npmjs.org/globals 858ms (cache miss)
402 http fetch GET 200 https://registry.npmjs.org/file-type 911ms (cache miss)
403 http fetch GET 200 https://registry.npmjs.org/eslint-visitor-keys 1543ms (cache miss)
404 http fetch GET 200 https://registry.npmjs.org/iterare 1599ms (cache miss)
405 http fetch GET 200 https://registry.npmjs.org/multer 1834ms (cache miss)
406 http fetch GET 200 https://registry.npmjs.org/json-stable-stringify-without-jsonify 1918ms (cache miss)
407 http fetch GET 200 https://registry.npmjs.org/acorn-import-phases 1903ms (cache miss)
408 http fetch GET 200 https://registry.npmjs.org/text-table 1927ms (cache miss)
409 http fetch GET 200 https://registry.npmjs.org/imurmurhash 1926ms (cache miss)
410 http fetch GET 200 https://registry.npmjs.org/@humanwhocodes%2fmodule-importer 1925ms (cache miss)
411 http fetch GET 200 https://registry.npmjs.org/lodash.memoize 1915ms (cache miss)
412 http fetch GET 200 https://registry.npmjs.org/prettier-linter-helpers 1924ms (cache miss)
413 http fetch GET 200 https://registry.npmjs.org/import-local 1922ms (cache miss)
414 http fetch GET 200 https://registry.npmjs.org/make-error 1917ms (cache miss)
415 http fetch GET 200 https://registry.npmjs.org/create-require 1904ms (cache miss)
416 http fetch GET 200 https://registry.npmjs.org/yn 1906ms (cache miss)
417 http fetch GET 200 https://registry.npmjs.org/bs-logger 1921ms (cache miss)
418 http fetch GET 200 https://registry.npmjs.org/@nuxtjs%2fopencollective 1978ms (cache miss)
419 http fetch GET 200 https://registry.npmjs.org/levn 1946ms (cache miss)
420 http fetch GET 200 https://registry.npmjs.org/doctrine 1940ms (cache miss)
421 http fetch GET 200 https://registry.npmjs.org/methods 1929ms (cache miss)
422 http fetch GET 200 https://registry.npmjs.org/arg 1913ms (cache miss)
423 http fetch GET 200 https://registry.npmjs.org/graphemer 1946ms (cache miss)
424 http fetch GET 200 https://registry.npmjs.org/fast-safe-stringify 1985ms (cache miss)
425 http fetch GET 200 https://registry.npmjs.org/v8-compile-cache-lib 1914ms (cache miss)
426 http fetch GET 200 https://registry.npmjs.org/make-error 1916ms (cache miss)
427 http fetch GET 200 https://registry.npmjs.org/cors 1986ms (cache miss)
428 http fetch GET 200 https://registry.npmjs.org/@eslint-community%2fregexpp 1946ms (cache miss)
429 http fetch GET 200 https://registry.npmjs.org/@ungap%2fstructured-clone 1949ms (cache miss)
430 http fetch GET 200 https://registry.npmjs.org/optionator 1953ms (cache miss)
431 http fetch GET 200 https://registry.npmjs.org/esutils 1960ms (cache miss)
432 http fetch GET 200 https://registry.npmjs.org/is-path-inside 1961ms (cache miss)
433 http fetch GET 200 https://registry.npmjs.org/@nodelib%2ffs.walk 1961ms (cache miss)
434 http fetch GET 200 https://registry.npmjs.org/@eslint-community%2feslint-utils 1988ms (cache miss)
435 http fetch GET 200 https://registry.npmjs.org/cookie-signature 1979ms (cache miss)
436 http fetch GET 200 https://registry.npmjs.org/find-up 1998ms (cache miss)
437 http fetch GET 200 https://registry.npmjs.org/file-entry-cache 1992ms (cache miss)
438 http fetch GET 200 https://registry.npmjs.org/diff 1969ms (cache miss)
439 http fetch GET 200 https://registry.npmjs.org/path-to-regexp 2041ms (cache miss)
440 http fetch GET 200 https://registry.npmjs.org/debug 2009ms (cache miss)
441 http fetch GET 200 https://registry.npmjs.org/@eslint%2feslintrc 2003ms (cache miss)
442 http fetch GET 200 https://registry.npmjs.org/@humanwhocodes%2fconfig-array 2002ms (cache miss)
443 http fetch GET 200 https://registry.npmjs.org/espree 2014ms (cache miss)
444 http fetch GET 200 https://registry.npmjs.org/synckit 2001ms (cache miss)
445 http fetch GET 200 https://registry.npmjs.org/handlebars 1999ms (cache miss)
446 http fetch GET 200 https://registry.npmjs.org/@tsconfig%2fnode10 1987ms (cache miss)
447 http fetch GET 200 https://registry.npmjs.org/superagent 2010ms (cache miss)
448 http fetch GET 200 https://registry.npmjs.org/jest-cli 2023ms (cache miss)
449 http fetch GET 200 https://registry.npmjs.org/ts-api-utils 2105ms (cache miss)
450 http fetch GET 200 https://registry.npmjs.org/@jest%2fcore 2086ms (cache miss)
451 http fetch GET 200 https://registry.npmjs.org/natural-compare 2113ms (cache miss)
452 http fetch GET 200 https://registry.npmjs.org/ignore 2115ms (cache miss)
453 http fetch GET 200 https://registry.npmjs.org/debug 2133ms (cache miss)
454 http fetch GET 200 https://registry.npmjs.org/@eslint-community%2fregexpp 2139ms (cache miss)
455 http fetch GET 200 https://registry.npmjs.org/@cspotcode%2fsource-map-support 2141ms (cache miss)
456 http fetch GET 200 https://registry.npmjs.org/@tsconfig%2fnode16 2207ms (cache miss)
457 http fetch GET 200 https://registry.npmjs.org/@tsconfig%2fnode12 2255ms (cache miss)
458 http fetch GET 200 https://registry.npmjs.org/acorn-walk 2271ms (cache miss)
459 http fetch GET 200 https://registry.npmjs.org/body-parser 2388ms (cache miss)
460 http fetch GET 200 https://registry.npmjs.org/pretty-format 2472ms (cache miss)
461 http fetch GET 200 https://registry.npmjs.org/expect 2483ms (cache miss)
462 http fetch GET 200 https://registry.npmjs.org/@types%2fmethods 2590ms (cache miss)
463 http fetch GET 200 https://registry.npmjs.org/@types%2fserve-static 2595ms (cache miss)
464 http fetch GET 200 https://registry.npmjs.org/@types%2fsuperagent 2617ms (cache miss)
465 http fetch GET 200 https://registry.npmjs.org/@types%2fexpress-serve-static-core 2721ms (cache miss)
466 http fetch GET 200 https://registry.npmjs.org/@tsconfig%2fnode14 2690ms (cache miss)
467 http fetch GET 200 https://registry.npmjs.org/express 2777ms (cache miss)
468 http fetch GET 200 https://registry.npmjs.org/@types%2fbody-parser 3772ms (cache miss)
469 http fetch GET 200 https://registry.npmjs.org/@typescript-eslint%2ftype-utils 3936ms (cache miss)
470 http fetch GET 200 https://registry.npmjs.org/@typescript-eslint%2ftypes 4114ms (cache miss)
471 http fetch GET 200 https://registry.npmjs.org/@typescript-eslint%2fvisitor-keys 4343ms (cache miss)
472 http fetch GET 200 https://registry.npmjs.org/@typescript-eslint%2ftypescript-estree 4658ms (cache miss)
473 http fetch GET 200 https://registry.npmjs.org/@typescript-eslint%2futils 4802ms (cache miss)
474 http fetch GET 200 https://registry.npmjs.org/@typescript-eslint%2fscope-manager 4906ms (cache miss)
475 timing idealTree:#root Completed in 42282ms
476 silly placeDep ROOT @angular-devkit/core@17.3.11 OK for: @nestjs/cli@10.4.9 want: 17.3.11
477 silly fetch manifest ajv@8.12.0
478 silly fetch manifest rxjs@7.8.1
479 silly fetch manifest picomatch@4.0.1
480 silly fetch manifest source-map@0.7.4
481 silly fetch manifest ajv-formats@2.1.1
482 silly fetch manifest jsonc-parser@3.2.1
483 silly placeDep ROOT @angular-devkit/schematics@17.3.11 OK for: @nestjs/cli@10.4.9 want: 17.3.11
484 silly fetch manifest magic-string@0.30.8
485 silly placeDep ROOT @angular-devkit/schematics-cli@17.3.11 OK for: @nestjs/cli@10.4.9 want: 17.3.11
486 silly fetch manifest inquirer@9.2.15
487 silly fetch manifest ansi-colors@4.1.3
488 silly fetch manifest yargs-parser@21.1.1
489 silly fetch manifest symbol-observable@4.0.0
490 silly placeDep ROOT chalk@4.1.2 OK for: @nestjs/cli@10.4.9 want: 4.1.2
491 silly fetch manifest ansi-styles@^4.1.0
492 silly fetch manifest supports-color@^7.1.0
493 silly placeDep ROOT chokidar@3.6.0 OK for: @nestjs/cli@10.4.9 want: 3.6.0
494 silly fetch manifest braces@~3.0.2
495 silly fetch manifest is-glob@~4.0.1
496 silly fetch manifest anymatch@~3.1.2
497 silly fetch manifest readdirp@~3.6.0
498 silly fetch manifest glob-parent@~5.1.2
499 silly fetch manifest is-binary-path@~2.1.0
500 silly fetch manifest normalize-path@~3.0.0
501 silly fetch manifest fsevents@~2.3.2
502 silly placeDep ROOT cli-table3@0.6.5 OK for: @nestjs/cli@10.4.9 want: 0.6.5
503 silly fetch manifest string-width@^4.2.0
504 silly fetch manifest @colors/colors@1.5.0
505 silly placeDep ROOT commander@4.1.1 OK for: @nestjs/cli@10.4.9 want: 4.1.1
506 silly placeDep ROOT fork-ts-checker-webpack-plugin@9.0.2 OK for: @nestjs/cli@10.4.9 want: 9.0.2
507 silly fetch manifest memfs@^3.4.1
508 silly fetch manifest semver@^7.3.5
509 silly fetch manifest tapable@^2.2.1
510 silly fetch manifest fs-extra@^10.0.0
511 silly fetch manifest deepmerge@^4.2.2
512 silly fetch manifest minimatch@^3.0.4
513 silly fetch manifest cosmiconfig@^8.2.0
514 silly fetch manifest schema-utils@^3.1.1
515 silly fetch manifest @babel/code-frame@^7.16.7
516 silly fetch manifest node-abort-controller@^3.0.1
517 silly placeDep ROOT glob@10.4.5 OK for: @nestjs/cli@10.4.9 want: 10.4.5
518 silly fetch manifest minipass@^7.1.2
519 silly fetch manifest jackspeak@^3.1.2
520 silly fetch manifest minimatch@^9.0.4
521 silly fetch manifest path-scurry@^1.11.1
522 silly fetch manifest foreground-child@^3.1.0
523 silly fetch manifest package-json-from-dist@^1.0.0
524 silly placeDep ROOT inquirer@8.2.6 OK for: @nestjs/cli@10.4.9 want: 8.2.6
525 silly fetch manifest ora@^5.4.1
526 silly fetch manifest lodash@^4.17.21
527 silly fetch manifest figures@^3.0.0
528 silly fetch manifest through@^2.3.6
529 silly fetch manifest cli-width@^3.0.0
530 silly fetch manifest run-async@^2.4.0
531 silly fetch manifest wrap-ansi@^6.0.1
532 silly fetch manifest cli-cursor@^3.1.0
533 silly fetch manifest strip-ansi@^6.0.0
534 silly fetch manifest mute-stream@0.0.8
535 silly fetch manifest ansi-escapes@^4.2.1
536 silly fetch manifest string-width@^4.1.0
537 silly fetch manifest external-editor@^3.0.3
538 silly placeDep ROOT node-emoji@1.11.0 OK for: @nestjs/cli@10.4.9 want: 1.11.0
539 silly placeDep ROOT ora@5.4.1 OK for: @nestjs/cli@10.4.9 want: 5.4.1
540 silly fetch manifest bl@^4.1.0
541 silly fetch manifest wcwidth@^1.0.1
542 silly fetch manifest log-symbols@^4.1.0
543 silly fetch manifest cli-spinners@^2.5.0
544 silly fetch manifest is-interactive@^1.0.0
545 silly fetch manifest is-unicode-supported@^0.1.0
546 silly placeDep ROOT tree-kill@1.2.2 OK for: @nestjs/cli@10.4.9 want: 1.2.2
547 silly placeDep ROOT tsconfig-paths-webpack-plugin@4.2.0 OK for: @nestjs/cli@10.4.9 want: 4.2.0
548 silly fetch manifest enhanced-resolve@^5.7.0
549 silly placeDep node_modules/@nestjs/cli typescript@5.7.2 OK for: @nestjs/cli@10.4.9 want: 5.7.2
550 silly placeDep node_modules/@nestjs/cli webpack@5.97.1 OK for: @nestjs/cli@10.4.9 want: 5.97.1
551 silly fetch manifest acorn@^8.14.0
552 silly fetch manifest tapable@^2.1.1
553 silly fetch manifest watchpack@^2.4.1
554 silly fetch manifest browserslist@^4.24.0
555 silly fetch manifest schema-utils@^3.2.0
556 silly fetch manifest @types/estree@^1.0.6
557 silly fetch manifest loader-runner@^4.2.0
558 silly fetch manifest es-module-lexer@^1.2.1
559 silly fetch manifest webpack-sources@^3.2.3
560 silly fetch manifest enhanced-resolve@^5.17.1
561 silly fetch manifest terser-webpack-plugin@^5.3.10
562 silly placeDep ROOT webpack-node-externals@3.0.0 OK for: @nestjs/cli@10.4.9 want: 3.0.0
563 http fetch GET 200 https://registry.npmjs.org/picomatch 97ms (cache hit)
564 http fetch GET 200 https://registry.npmjs.org/ajv-formats 97ms (cache hit)
565 http fetch GET 200 https://registry.npmjs.org/braces 91ms (cache hit)
566 http fetch GET 200 https://registry.npmjs.org/supports-color 93ms (cache hit)
567 http fetch GET 200 https://registry.npmjs.org/readdirp 92ms (cache hit)
568 http fetch GET 200 https://registry.npmjs.org/symbol-observable 96ms (cache hit)
569 http fetch GET 200 https://registry.npmjs.org/ansi-colors 98ms (cache hit)
570 http fetch GET 200 https://registry.npmjs.org/is-binary-path 94ms (cache hit)
571 http fetch GET 200 https://registry.npmjs.org/fsevents 94ms (cache hit)
572 http fetch GET 200 https://registry.npmjs.org/cosmiconfig 88ms (cache hit)
573 http fetch GET 200 https://registry.npmjs.org/ansi-styles 100ms (cache hit)
574 http fetch GET 200 https://registry.npmjs.org/string-width 97ms (cache hit)
575 http fetch GET 200 https://registry.npmjs.org/deepmerge 92ms (cache hit)
576 http fetch GET 200 https://registry.npmjs.org/memfs 97ms (cache hit)
577 http fetch GET 200 https://registry.npmjs.org/fs-extra 100ms (cache hit)
578 http fetch GET 200 https://registry.npmjs.org/package-json-from-dist 96ms (cache hit)
579 http fetch GET 200 https://registry.npmjs.org/node-abort-controller 99ms (cache hit)
580 http fetch GET 200 https://registry.npmjs.org/@colors%2fcolors 106ms (cache hit)
581 http fetch GET 200 https://registry.npmjs.org/figures 93ms (cache hit)
582 http fetch GET 200 https://registry.npmjs.org/magic-string 115ms (cache hit)
583 http fetch GET 200 https://registry.npmjs.org/@babel%2fcode-frame 103ms (cache hit)
584 http fetch GET 200 https://registry.npmjs.org/jackspeak 102ms (cache hit)
585 http fetch GET 200 https://registry.npmjs.org/foreground-child 102ms (cache hit)
586 http fetch GET 200 https://registry.npmjs.org/lodash 99ms (cache hit)
587 http fetch GET 200 https://registry.npmjs.org/run-async 99ms (cache hit)
588 http fetch GET 200 https://registry.npmjs.org/through 100ms (cache hit)
589 http fetch GET 200 https://registry.npmjs.org/cli-width 100ms (cache hit)
590 http fetch GET 200 https://registry.npmjs.org/anymatch 118ms (cache hit)
591 http fetch GET 200 https://registry.npmjs.org/ansi-escapes 100ms (cache hit)
592 http fetch GET 200 https://registry.npmjs.org/cli-cursor 102ms (cache hit)
593 http fetch GET 200 https://registry.npmjs.org/path-scurry 108ms (cache hit)
594 http fetch GET 200 https://registry.npmjs.org/string-width 102ms (cache hit)
595 http fetch GET 200 https://registry.npmjs.org/wrap-ansi 104ms (cache hit)
596 http fetch GET 200 https://registry.npmjs.org/normalize-path 121ms (cache hit)
597 http fetch GET 200 https://registry.npmjs.org/mute-stream 105ms (cache hit)
598 http fetch GET 200 https://registry.npmjs.org/minipass 113ms (cache hit)
599 http fetch GET 200 https://registry.npmjs.org/wcwidth 103ms (cache hit)
600 http fetch GET 200 https://registry.npmjs.org/log-symbols 102ms (cache hit)
601 http fetch GET 200 https://registry.npmjs.org/bl 103ms (cache hit)
602 http fetch GET 200 https://registry.npmjs.org/external-editor 107ms (cache hit)
603 http fetch GET 200 https://registry.npmjs.org/cli-spinners 104ms (cache hit)
604 http fetch GET 200 https://registry.npmjs.org/is-unicode-supported 104ms (cache hit)
605 http fetch GET 200 https://registry.npmjs.org/is-interactive 106ms (cache hit)
606 timing idealTree:node_modules/@nestjs/cli Completed in 161ms
607 silly placeDep ROOT ajv@8.12.0 OK for: @angular-devkit/core@17.3.11 want: 8.12.0
608 silly fetch manifest uri-js@^4.2.2
609 silly fetch manifest fast-deep-equal@^3.1.1
610 silly fetch manifest require-from-string@^2.0.2
611 silly fetch manifest json-schema-traverse@^1.0.0
612 silly placeDep ROOT ajv-formats@2.1.1 OK for: @angular-devkit/core@17.3.11 want: 2.1.1
613 silly placeDep ROOT jsonc-parser@3.2.1 OK for: @angular-devkit/core@17.3.11 want: 3.2.1
614 silly placeDep ROOT picomatch@4.0.1 OK for: @angular-devkit/core@17.3.11 want: 4.0.1
615 silly placeDep node_modules/@angular-devkit/core rxjs@7.8.1 OK for: @angular-devkit/core@17.3.11 want: 7.8.1
616 silly placeDep ROOT source-map@0.7.4 OK for: @angular-devkit/core@17.3.11 want: 0.7.4
617 http fetch GET 200 https://registry.npmjs.org/uri-js 9ms (cache hit)
618 http fetch GET 200 https://registry.npmjs.org/require-from-string 9ms (cache hit)
619 http fetch GET 200 https://registry.npmjs.org/json-schema-traverse 9ms (cache hit)
620 timing idealTree:node_modules/@angular-devkit/core Completed in 13ms
621 silly placeDep ROOT magic-string@0.30.8 OK for: @angular-devkit/schematics@17.3.11 want: 0.30.8
622 silly fetch manifest @jridgewell/sourcemap-codec@^1.4.15
623 silly placeDep node_modules/@angular-devkit/schematics rxjs@7.8.1 OK for: @angular-devkit/schematics@17.3.11 want: 7.8.1
624 http fetch GET 200 https://registry.npmjs.org/@jridgewell%2fsourcemap-codec 5ms (cache hit)
625 timing idealTree:node_modules/@angular-devkit/schematics Completed in 7ms
626 silly placeDep ROOT ansi-colors@4.1.3 OK for: @angular-devkit/schematics-cli@17.3.11 want: 4.1.3
627 silly placeDep node_modules/@angular-devkit/schematics-cli inquirer@9.2.15 OK for: @angular-devkit/schematics-cli@17.3.11 want: 9.2.15
628 silly fetch manifest chalk@^5.3.0
629 silly fetch manifest figures@^3.2.0
630 silly fetch manifest cli-width@^4.1.0
631 silly fetch manifest run-async@^3.0.0
632 silly fetch manifest wrap-ansi@^6.2.0
633 silly fetch manifest mute-stream@1.0.0
634 silly fetch manifest ansi-escapes@^4.3.2
635 silly fetch manifest string-width@^4.2.3
636 silly fetch manifest @ljharb/through@^2.3.12
637 silly fetch manifest external-editor@^3.1.0
638 silly placeDep ROOT symbol-observable@4.0.0 OK for: @angular-devkit/schematics-cli@17.3.11 want: 4.0.0
639 silly placeDep ROOT yargs-parser@21.1.1 OK for: @angular-devkit/schematics-cli@17.3.11 want: 21.1.1
640 http fetch GET 200 https://registry.npmjs.org/@ljharb%2fthrough 9ms (cache hit)
641 timing idealTree:node_modules/@angular-devkit/schematics-cli Completed in 16ms
642 silly placeDep ROOT file-type@20.4.1 OK for: @nestjs/common@10.4.22 want: 20.4.1
643 silly fetch manifest strtok3@^10.2.0
644 silly fetch manifest token-types@^6.0.0
645 silly fetch manifest uint8array-extras@^1.4.0
646 silly fetch manifest @tokenizer/inflate@^0.2.6
647 silly placeDep ROOT iterare@1.2.1 OK for: @nestjs/common@10.4.22 want: 1.2.1
648 silly placeDep ROOT tslib@2.8.1 OK for: @nestjs/common@10.4.22 want: 2.8.1
649 silly placeDep ROOT uid@2.0.2 OK for: @nestjs/common@10.4.22 want: 2.0.2
650 silly fetch manifest @lukeed/csprng@^1.0.0
651 http fetch GET 200 https://registry.npmjs.org/uint8array-extras 602ms (cache miss)
652 http fetch GET 200 https://registry.npmjs.org/strtok3 650ms (cache miss)
653 http fetch GET 200 https://registry.npmjs.org/@tokenizer%2finflate 947ms (cache miss)
654 http fetch GET 200 https://registry.npmjs.org/@lukeed%2fcsprng 949ms (cache miss)
655 http fetch GET 200 https://registry.npmjs.org/token-types 1090ms (cache miss)
656 timing idealTree:node_modules/@nestjs/common Completed in 1093ms
657 silly placeDep ROOT @nuxtjs/opencollective@0.3.2 OK for: @nestjs/core@10.4.22 want: 0.3.2
658 silly fetch manifest consola@^2.15.0
659 silly fetch manifest node-fetch@^2.6.1
660 silly placeDep ROOT fast-safe-stringify@2.1.1 OK for: @nestjs/core@10.4.22 want: 2.1.1
661 silly placeDep ROOT path-to-regexp@3.3.0 OK for: @nestjs/core@10.4.22 want: 3.3.0
662 http fetch GET 200 https://registry.npmjs.org/consola 351ms (cache miss)
663 http fetch GET 200 https://registry.npmjs.org/node-fetch 356ms (cache miss)
664 timing idealTree:node_modules/@nestjs/core Completed in 362ms
665 silly placeDep ROOT body-parser@1.20.4 OK for: @nestjs/platform-express@10.4.22 want: 1.20.4
666 silly fetch manifest qs@~6.14.0
667 silly fetch manifest depd@2.0.0
668 silly fetch manifest bytes@~3.1.2
669 silly fetch manifest debug@2.6.9
670 silly fetch manifest unpipe@~1.0.0
671 silly fetch manifest destroy@~1.2.0
672 silly fetch manifest type-is@~1.6.18
673 silly fetch manifest raw-body@~2.5.3
674 silly fetch manifest iconv-lite@~0.4.24
675 silly fetch manifest http-errors@~2.0.1
676 silly fetch manifest on-finished@~2.4.1
677 silly fetch manifest content-type@~1.0.5
678 silly placeDep ROOT cors@2.8.5 OK for: @nestjs/platform-express@10.4.22 want: 2.8.5
679 silly fetch manifest vary@^1
680 silly fetch manifest object-assign@^4
681 silly placeDep ROOT express@4.22.1 OK for: @nestjs/platform-express@10.4.22 want: 4.22.1
682 silly fetch manifest etag@~1.8.1
683 silly fetch manifest send@~0.19.0
684 silly fetch manifest vary@~1.1.2
685 silly fetch manifest fresh@~0.5.2
686 silly fetch manifest cookie@~0.7.1
687 silly fetch manifest accepts@~1.3.8
688 silly fetch manifest methods@~1.1.2
689 silly fetch manifest parseurl@~1.3.3
690 silly fetch manifest statuses@~2.0.1
691 silly fetch manifest encodeurl@~2.0.0
692 silly fetch manifest proxy-addr@~2.0.7
693 silly fetch manifest escape-html@~1.0.3
694 silly fetch manifest http-errors@~2.0.0
695 silly fetch manifest safe-buffer@5.2.1
696 silly fetch manifest utils-merge@1.0.1
697 silly fetch manifest content-type@~1.0.4
698 silly fetch manifest finalhandler@~1.3.1
699 silly fetch manifest range-parser@~1.2.1
700 silly fetch manifest serve-static@~1.16.2
701 silly fetch manifest array-flatten@1.1.1
702 silly fetch manifest path-to-regexp@~0.1.12
703 silly fetch manifest setprototypeof@1.2.0
704 silly fetch manifest cookie-signature@~1.0.6
705 silly fetch manifest merge-descriptors@1.0.3
706 silly fetch manifest content-disposition@~0.5.4
707 silly placeDep ROOT multer@2.0.2 OK for: @nestjs/platform-express@10.4.22 want: 2.0.2
708 silly fetch manifest xtend@^4.0.2
709 silly fetch manifest busboy@^1.6.0
710 silly fetch manifest mkdirp@^0.5.6
711 silly fetch manifest type-is@^1.6.18
712 silly fetch manifest append-field@^1.0.0
713 silly fetch manifest concat-stream@^2.0.0
714 silly fetch manifest object-assign@^4.1.1
715 http fetch GET 200 https://registry.npmjs.org/iconv-lite 46ms (cache hit)
716 http fetch GET 200 https://registry.npmjs.org/safe-buffer 38ms (cache hit)
717 http fetch GET 200 https://registry.npmjs.org/destroy 692ms (cache miss)
718 http fetch GET 200 https://registry.npmjs.org/vary 712ms (cache miss)
719 http fetch GET 200 https://registry.npmjs.org/vary 713ms (cache miss)
720 http fetch GET 200 https://registry.npmjs.org/content-type 716ms (cache miss)
721 http fetch GET 200 https://registry.npmjs.org/unpipe 720ms (cache miss)
722 http fetch GET 200 https://registry.npmjs.org/bytes 720ms (cache miss)
723 http fetch GET 200 https://registry.npmjs.org/type-is 720ms (cache miss)
724 http fetch GET 200 https://registry.npmjs.org/http-errors 720ms (cache miss)
725 http fetch GET 200 https://registry.npmjs.org/object-assign 719ms (cache miss)
726 http fetch GET 200 https://registry.npmjs.org/on-finished 721ms (cache miss)
727 http fetch GET 200 https://registry.npmjs.org/etag 717ms (cache miss)
728 http fetch GET 200 https://registry.npmjs.org/qs 725ms (cache miss)
729 http fetch GET 200 https://registry.npmjs.org/raw-body 725ms (cache miss)
730 http fetch GET 200 https://registry.npmjs.org/depd 727ms (cache miss)
731 http fetch GET 200 https://registry.npmjs.org/content-type 769ms (cache miss)
732 http fetch GET 200 https://registry.npmjs.org/http-errors 785ms (cache miss)
733 http fetch GET 200 https://registry.npmjs.org/send 790ms (cache miss)
734 http fetch GET 200 https://registry.npmjs.org/fresh 982ms (cache miss)
735 http fetch GET 200 https://registry.npmjs.org/proxy-addr 1003ms (cache miss)
736 http fetch GET 200 https://registry.npmjs.org/accepts 1006ms (cache miss)
737 http fetch GET 200 https://registry.npmjs.org/parseurl 1006ms (cache miss)
738 http fetch GET 200 https://registry.npmjs.org/statuses 1028ms (cache miss)
739 http fetch GET 200 https://registry.npmjs.org/cookie 1031ms (cache miss)
740 http fetch GET 200 https://registry.npmjs.org/escape-html 1030ms (cache miss)
741 http fetch GET 200 https://registry.npmjs.org/range-parser 1046ms (cache miss)
742 http fetch GET 200 https://registry.npmjs.org/utils-merge 1047ms (cache miss)
743 http fetch GET 200 https://registry.npmjs.org/finalhandler 1048ms (cache miss)
744 http fetch GET 200 https://registry.npmjs.org/serve-static 1047ms (cache miss)
745 http fetch GET 200 https://registry.npmjs.org/encodeurl 1080ms (cache miss)
746 http fetch GET 200 https://registry.npmjs.org/setprototypeof 1077ms (cache miss)
747 http fetch GET 200 https://registry.npmjs.org/array-flatten 1077ms (cache miss)
748 http fetch GET 200 https://registry.npmjs.org/merge-descriptors 1081ms (cache miss)
749 http fetch GET 200 https://registry.npmjs.org/type-is 1131ms (cache miss)
750 http fetch GET 200 https://registry.npmjs.org/object-assign 1136ms (cache miss)
751 http fetch GET 200 https://registry.npmjs.org/content-disposition 1269ms (cache miss)
752 http fetch GET 200 https://registry.npmjs.org/xtend 1348ms (cache miss)
753 http fetch GET 200 https://registry.npmjs.org/mkdirp 1349ms (cache miss)
754 http fetch GET 200 https://registry.npmjs.org/append-field 1357ms (cache miss)
755 http fetch GET 200 https://registry.npmjs.org/concat-stream 1370ms (cache miss)
756 http fetch GET 200 https://registry.npmjs.org/busboy 1886ms (cache miss)
757 timing idealTree:node_modules/@nestjs/platform-express Completed in 1905ms
758 silly placeDep ROOT comment-json@4.2.5 OK for: @nestjs/schematics@10.2.3 want: 4.2.5
759 silly fetch manifest esprima@^4.0.1
760 silly fetch manifest core-util-is@^1.0.3
761 silly fetch manifest has-own-prop@^2.0.0
762 silly fetch manifest array-timsort@^1.0.3
763 silly fetch manifest repeat-string@^1.6.1
764 silly placeDep node_modules/@nestjs/schematics jsonc-parser@3.3.1 OK for: @nestjs/schematics@10.2.3 want: 3.3.1
765 silly placeDep ROOT pluralize@8.0.0 OK for: @nestjs/schematics@10.2.3 want: 8.0.0
766 http fetch GET 200 https://registry.npmjs.org/has-own-prop 8ms (cache hit)
767 http fetch GET 200 https://registry.npmjs.org/core-util-is 9ms (cache hit)
768 http fetch GET 200 https://registry.npmjs.org/esprima 9ms (cache hit)
769 http fetch GET 200 https://registry.npmjs.org/array-timsort 10ms (cache hit)
770 http fetch GET 200 https://registry.npmjs.org/repeat-string 9ms (cache hit)
771 timing idealTree:node_modules/@nestjs/schematics Completed in 14ms
772 timing idealTree:node_modules/@nestjs/testing Completed in 0ms
773 silly fetch manifest encoding@^0.1.0
774 http fetch GET 200 https://registry.npmjs.org/encoding 798ms (cache miss)
775 silly placeDep ROOT consola@2.15.3 OK for: @nuxtjs/opencollective@0.3.2 want: ^2.15.0
776 silly placeDep ROOT node-fetch@2.7.0 OK for: @nuxtjs/opencollective@0.3.2 want: ^2.6.1
777 silly fetch manifest whatwg-url@^5.0.0
778 http fetch GET 200 https://registry.npmjs.org/whatwg-url 77ms (cache miss)
779 timing idealTree:node_modules/@nuxtjs/opencollective Completed in 879ms
780 silly placeDep ROOT @types/body-parser@1.19.6 OK for: @types/express@5.0.6 want: *
781 silly fetch manifest @types/connect@*
782 silly placeDep ROOT @types/express-serve-static-core@5.1.1 OK for: @types/express@5.0.6 want: ^5.0.0
783 silly fetch manifest @types/qs@*
784 silly fetch manifest @types/send@*
785 silly fetch manifest @types/range-parser@*
786 silly placeDep ROOT @types/serve-static@2.2.0 OK for: @types/express@5.0.6 want: ^2
787 silly fetch manifest @types/http-errors@*
788 http fetch GET 200 https://registry.npmjs.org/@types%2frange-parser 552ms (cache miss)
789 http fetch GET 200 https://registry.npmjs.org/@types%2fqs 569ms (cache miss)
790 http fetch GET 200 https://registry.npmjs.org/@types%2fconnect 571ms (cache miss)
791 http fetch GET 200 https://registry.npmjs.org/@types%2fhttp-errors 606ms (cache miss)
792 http fetch GET 200 https://registry.npmjs.org/@types%2fsend 1538ms (cache miss)
793 timing idealTree:node_modules/@types/express Completed in 1542ms
794 silly placeDep ROOT @types/connect@3.4.38 OK for: @types/body-parser@1.19.6 want: *
795 timing idealTree:node_modules/@types/body-parser Completed in 1ms
796 timing idealTree:node_modules/@types/connect Completed in 0ms
797 silly placeDep ROOT @types/qs@6.15.0 OK for: @types/express-serve-static-core@5.1.1 want: *
798 silly placeDep ROOT @types/range-parser@1.2.7 OK for: @types/express-serve-static-core@5.1.1 want: *
799 silly placeDep ROOT @types/send@1.2.1 OK for: @types/express-serve-static-core@5.1.1 want: *
800 timing idealTree:node_modules/@types/express-serve-static-core Completed in 2ms
801 silly placeDep ROOT expect@29.7.0 OK for: @types/jest@29.5.14 want: ^29.0.0
802 silly fetch manifest jest-util@^29.7.0
803 silly fetch manifest jest-get-type@^29.6.3
804 silly fetch manifest jest-message-util@^29.7.0
805 silly fetch manifest @jest/expect-utils@^29.7.0
806 silly fetch manifest jest-matcher-utils@^29.7.0
807 silly placeDep ROOT pretty-format@29.7.0 OK for: @types/jest@29.5.14 want: ^29.0.0
808 silly fetch manifest react-is@^18.0.0
809 silly fetch manifest ansi-styles@^5.0.0
810 silly fetch manifest @jest/schemas@^29.6.3
811 http fetch GET 200 https://registry.npmjs.org/jest-message-util 412ms (cache miss)
812 http fetch GET 200 https://registry.npmjs.org/jest-get-type 417ms (cache miss)
813 http fetch GET 200 https://registry.npmjs.org/jest-matcher-utils 506ms (cache miss)
814 http fetch GET 200 https://registry.npmjs.org/react-is 742ms (cache miss)
815 http fetch GET 200 https://registry.npmjs.org/@jest%2fschemas 775ms (cache miss)
816 http fetch GET 200 https://registry.npmjs.org/@jest%2fexpect-utils 780ms (cache miss)
817 timing idealTree:node_modules/@types/jest Completed in 784ms
818 silly placeDep ROOT undici-types@6.21.0 OK for: @types/node@20.19.39 want: ~6.21.0
819 timing idealTree:node_modules/@types/node Completed in 1ms
820 timing idealTree:node_modules/@types/qs Completed in 0ms
821 timing idealTree:node_modules/@types/range-parser Completed in 0ms
822 timing idealTree:node_modules/@types/send Completed in 0ms
823 silly placeDep ROOT @types/http-errors@2.0.5 OK for: @types/serve-static@2.2.0 want: *
824 timing idealTree:node_modules/@types/serve-static Completed in 1ms
825 timing idealTree:node_modules/@types/http-errors Completed in 0ms
826 silly placeDep ROOT @types/methods@1.1.4 OK for: @types/supertest@6.0.3 want: ^1.1.4
827 silly placeDep ROOT @types/superagent@8.1.9 OK for: @types/supertest@6.0.3 want: ^8.1.0
828 silly fetch manifest form-data@^4.0.0
829 silly fetch manifest @types/cookiejar@^2.1.5
830 http fetch GET 200 https://registry.npmjs.org/form-data 353ms (cache miss)
831 http fetch GET 200 https://registry.npmjs.org/@types%2fcookiejar 582ms (cache miss)
832 timing idealTree:node_modules/@types/supertest Completed in 585ms
833 timing idealTree:node_modules/@types/methods Completed in 0ms
834 silly placeDep ROOT @types/cookiejar@2.1.5 OK for: @types/superagent@8.1.9 want: ^2.1.5
835 silly placeDep ROOT form-data@4.0.5 OK for: @types/superagent@8.1.9 want: ^4.0.0
836 silly fetch manifest asynckit@^0.4.0
837 silly fetch manifest combined-stream@^1.0.8
838 silly fetch manifest es-set-tostringtag@^2.1.0
839 silly fetch manifest hasown@^2.0.2
840 silly fetch manifest mime-types@^2.1.12
841 http fetch GET 200 https://registry.npmjs.org/hasown 6ms (cache hit)
842 http fetch GET 200 https://registry.npmjs.org/asynckit 717ms (cache miss)
843 http fetch GET 200 https://registry.npmjs.org/combined-stream 726ms (cache miss)
844 http fetch GET 200 https://registry.npmjs.org/es-set-tostringtag 850ms (cache miss)
845 timing idealTree:node_modules/@types/superagent Completed in 853ms
846 timing idealTree:node_modules/@types/cookiejar Completed in 0ms
847 silly fetch manifest typescript@>=4.8.4 <6.1.0
848 silly fetch manifest eslint@^8.57.0 || ^9.0.0 || ^10.0.0
849 silly fetch manifest jiti@*
850 http fetch GET 200 https://registry.npmjs.org/jiti 4ms (cache hit)
851 silly placeDep ROOT @eslint-community/regexpp@4.12.2 OK for: @typescript-eslint/eslint-plugin@8.58.1 want: ^4.12.2
852 silly placeDep ROOT @typescript-eslint/scope-manager@8.58.1 OK for: @typescript-eslint/eslint-plugin@8.58.1 want: 8.58.1
853 silly placeDep ROOT @typescript-eslint/type-utils@8.58.1 OK for: @typescript-eslint/eslint-plugin@8.58.1 want: 8.58.1
854 silly placeDep ROOT @typescript-eslint/utils@8.58.1 OK for: @typescript-eslint/eslint-plugin@8.58.1 want: 8.58.1
855 silly fetch manifest @eslint-community/eslint-utils@^4.9.1
856 silly placeDep ROOT @typescript-eslint/visitor-keys@8.58.1 OK for: @typescript-eslint/eslint-plugin@8.58.1 want: 8.58.1
857 silly fetch manifest eslint-visitor-keys@^5.0.0
858 silly placeDep ROOT ignore@7.0.5 OK for: @typescript-eslint/eslint-plugin@8.58.1 want: ^7.0.5
859 silly placeDep ROOT natural-compare@1.4.0 OK for: @typescript-eslint/eslint-plugin@8.58.1 want: ^1.4.0
860 silly placeDep ROOT ts-api-utils@2.5.0 OK for: @typescript-eslint/eslint-plugin@8.58.1 want: ^2.5.0
861 timing idealTree:node_modules/@typescript-eslint/eslint-plugin Completed in 32ms
862 timing idealTree:node_modules/@eslint-community/regexpp Completed in 0ms
863 silly placeDep ROOT @typescript-eslint/types@8.58.1 OK for: @typescript-eslint/parser@8.58.1 want: 8.58.1
864 silly placeDep ROOT @typescript-eslint/typescript-estree@8.58.1 OK for: @typescript-eslint/parser@8.58.1 want: 8.58.1
865 silly fetch manifest semver@^7.7.3
866 silly fetch manifest minimatch@^10.2.2
867 silly fetch manifest tinyglobby@^0.2.15
868 silly fetch manifest @typescript-eslint/tsconfig-utils@8.58.1
869 silly fetch manifest @typescript-eslint/project-service@8.58.1
870 silly placeDep ROOT debug@4.4.3 OK for: @typescript-eslint/parser@8.58.1 want: ^4.4.3
871 silly fetch manifest ms@^2.1.3
872 http fetch GET 200 https://registry.npmjs.org/tinyglobby 88ms (cache miss)
873 http fetch GET 200 https://registry.npmjs.org/@typescript-eslint%2ftsconfig-utils 144ms (cache miss)
874 http fetch GET 200 https://registry.npmjs.org/@typescript-eslint%2fproject-service 264ms (cache miss)
875 http fetch GET 200 https://registry.npmjs.org/ms 312ms (cache miss)
876 timing idealTree:node_modules/@typescript-eslint/parser Completed in 330ms
877 timing idealTree:node_modules/@typescript-eslint/scope-manager Completed in 0ms
878 timing idealTree:node_modules/@typescript-eslint/type-utils Completed in 0ms
879 timing idealTree:node_modules/@typescript-eslint/types Completed in 0ms
880 silly placeDep ROOT @typescript-eslint/project-service@8.58.1 OK for: @typescript-eslint/typescript-estree@8.58.1 want: 8.58.1
881 silly fetch manifest @typescript-eslint/tsconfig-utils@^8.58.1
882 silly placeDep ROOT @typescript-eslint/tsconfig-utils@8.58.1 OK for: @typescript-eslint/typescript-estree@8.58.1 want: 8.58.1
883 silly placeDep ROOT minimatch@10.2.5 OK for: @typescript-eslint/typescript-estree@8.58.1 want: ^10.2.2
884 silly fetch manifest brace-expansion@^5.0.5
885 silly placeDep ROOT semver@7.7.4 OK for: @typescript-eslint/typescript-estree@8.58.1 want: ^7.7.3
886 silly placeDep ROOT tinyglobby@0.2.16 OK for: @typescript-eslint/typescript-estree@8.58.1 want: ^0.2.15
887 silly fetch manifest fdir@^6.5.0
888 silly fetch manifest picomatch@^4.0.4
889 http fetch GET 200 https://registry.npmjs.org/brace-expansion 7ms (cache hit)
890 http fetch GET 200 https://registry.npmjs.org/fdir 377ms (cache miss)
891 timing idealTree:node_modules/@typescript-eslint/typescript-estree Completed in 388ms
892 timing idealTree:node_modules/@typescript-eslint/project-service Completed in 0ms
893 timing idealTree:node_modules/@typescript-eslint/tsconfig-utils Completed in 0ms
894 silly placeDep ROOT @eslint-community/eslint-utils@4.9.1 OK for: @typescript-eslint/utils@8.58.1 want: ^4.9.1
895 timing idealTree:node_modules/@typescript-eslint/utils Completed in 4ms
896 silly placeDep ROOT eslint-visitor-keys@3.4.3 OK for: @eslint-community/eslint-utils@4.9.1 want: ^3.4.3
897 timing idealTree:node_modules/@eslint-community/eslint-utils Completed in 1ms
898 silly placeDep node_modules/@typescript-eslint/visitor-keys eslint-visitor-keys@5.0.1 OK for: @typescript-eslint/visitor-keys@8.58.1 want: ^5.0.0
899 timing idealTree:node_modules/@typescript-eslint/visitor-keys Completed in 1ms
900 silly placeDep ROOT fast-deep-equal@3.1.3 OK for: ajv@8.12.0 want: ^3.1.1
901 silly placeDep ROOT json-schema-traverse@1.0.0 OK for: ajv@8.12.0 want: ^1.0.0
902 silly placeDep ROOT require-from-string@2.0.2 OK for: ajv@8.12.0 want: ^2.0.2
903 silly placeDep ROOT uri-js@4.4.1 OK for: ajv@8.12.0 want: ^4.2.2
904 silly fetch manifest punycode@^2.1.0
905 http fetch GET 200 https://registry.npmjs.org/punycode 3ms (cache hit)
906 timing idealTree:node_modules/ajv Completed in 9ms
907 timing idealTree:node_modules/ajv-formats Completed in 0ms
908 timing idealTree:node_modules/ansi-colors Completed in 0ms
909 silly placeDep ROOT bytes@3.1.2 OK for: body-parser@1.20.4 want: ~3.1.2
910 silly placeDep ROOT content-type@1.0.5 OK for: body-parser@1.20.4 want: ~1.0.5
911 silly placeDep node_modules/body-parser debug@2.6.9 OK for: body-parser@1.20.4 want: 2.6.9
912 silly fetch manifest ms@2.0.0
913 silly placeDep ROOT depd@2.0.0 OK for: body-parser@1.20.4 want: 2.0.0
914 silly placeDep ROOT destroy@1.2.0 OK for: body-parser@1.20.4 want: ~1.2.0
915 silly placeDep ROOT http-errors@2.0.1 OK for: body-parser@1.20.4 want: ~2.0.1
916 silly fetch manifest inherits@~2.0.4
917 silly fetch manifest setprototypeof@~1.2.0
918 silly fetch manifest statuses@~2.0.2
919 silly fetch manifest toidentifier@~1.0.1
920 silly placeDep ROOT iconv-lite@0.4.24 OK for: body-parser@1.20.4 want: ~0.4.24
921 silly fetch manifest safer-buffer@>= 2.1.2 < 3
922 silly placeDep ROOT on-finished@2.4.1 OK for: body-parser@1.20.4 want: ~2.4.1
923 silly fetch manifest ee-first@1.1.1
924 silly placeDep ROOT qs@6.14.2 OK for: body-parser@1.20.4 want: ~6.14.0
925 silly fetch manifest side-channel@^1.1.0
926 silly placeDep ROOT raw-body@2.5.3 OK for: body-parser@1.20.4 want: ~2.5.3
927 silly placeDep ROOT type-is@1.6.18 OK for: body-parser@1.20.4 want: ~1.6.18
928 silly fetch manifest mime-types@~2.1.24
929 silly fetch manifest media-typer@0.3.0
930 silly placeDep ROOT unpipe@1.0.0 OK for: body-parser@1.20.4 want: ~1.0.0
931 http fetch GET 200 https://registry.npmjs.org/safer-buffer 13ms (cache hit)
932 http fetch GET 200 https://registry.npmjs.org/inherits 16ms (cache hit)
933 http fetch GET 200 https://registry.npmjs.org/side-channel 585ms (cache miss)
934 http fetch GET 200 https://registry.npmjs.org/media-typer 584ms (cache miss)
935 http fetch GET 200 https://registry.npmjs.org/ee-first 587ms (cache miss)
936 http fetch GET 200 https://registry.npmjs.org/toidentifier 592ms (cache miss)
937 timing idealTree:node_modules/body-parser Completed in 601ms
938 timing idealTree:node_modules/bytes Completed in 0ms
939 silly placeDep ROOT ansi-styles@4.3.0 OK for: chalk@4.1.2 want: ^4.1.0
940 silly fetch manifest color-convert@^2.0.1
941 silly placeDep ROOT supports-color@7.2.0 OK for: chalk@4.1.2 want: ^7.1.0
942 silly fetch manifest has-flag@^4.0.0
943 http fetch GET 200 https://registry.npmjs.org/has-flag 13ms (cache hit)
944 http fetch GET 200 https://registry.npmjs.org/color-convert 16ms (cache hit)
945 timing idealTree:node_modules/chalk Completed in 21ms
946 silly placeDep ROOT color-convert@2.0.1 OK for: ansi-styles@4.3.0 want: ^2.0.1
947 silly fetch manifest color-name@~1.1.4
948 http fetch GET 200 https://registry.npmjs.org/color-name 6ms (cache hit)
949 timing idealTree:node_modules/ansi-styles Completed in 8ms
950 silly placeDep ROOT anymatch@3.1.3 OK for: chokidar@3.6.0 want: ~3.1.2
951 silly fetch manifest picomatch@^2.0.4
952 silly fetch manifest normalize-path@^3.0.0
953 silly placeDep ROOT braces@3.0.3 OK for: chokidar@3.6.0 want: ~3.0.2
954 silly fetch manifest fill-range@^7.1.1
955 silly placeDep ROOT fsevents@2.3.3 OK for: chokidar@3.6.0 want: ~2.3.2
956 silly placeDep ROOT glob-parent@5.1.2 OK for: chokidar@3.6.0 want: ~5.1.2
957 silly fetch manifest is-glob@^4.0.1
958 silly placeDep ROOT is-binary-path@2.1.0 OK for: chokidar@3.6.0 want: ~2.1.0
959 silly fetch manifest binary-extensions@^2.0.0
960 silly placeDep ROOT is-glob@4.0.3 OK for: chokidar@3.6.0 want: ~4.0.1
961 silly fetch manifest is-extglob@^2.1.1
962 silly placeDep ROOT normalize-path@3.0.0 OK for: chokidar@3.6.0 want: ~3.0.0
963 silly placeDep ROOT readdirp@3.6.0 OK for: chokidar@3.6.0 want: ~3.6.0
964 silly fetch manifest picomatch@^2.2.1
965 http fetch GET 200 https://registry.npmjs.org/fill-range 45ms (cache hit)
966 http fetch GET 200 https://registry.npmjs.org/binary-extensions 44ms (cache hit)
967 http fetch GET 200 https://registry.npmjs.org/is-extglob 44ms (cache hit)
968 timing idealTree:node_modules/chokidar Completed in 53ms
969 silly placeDep node_modules/anymatch picomatch@2.3.2 OK for: anymatch@3.1.3 want: ^2.0.4
970 timing idealTree:node_modules/anymatch Completed in 3ms
971 silly placeDep ROOT fill-range@7.1.1 OK for: braces@3.0.3 want: ^7.1.1
972 silly fetch manifest to-regex-range@^5.0.1
973 http fetch GET 200 https://registry.npmjs.org/to-regex-range 6ms (cache hit)
974 timing idealTree:node_modules/braces Completed in 9ms
975 silly placeDep ROOT @colors/colors@1.5.0 OK for: cli-table3@0.6.5 want: 1.5.0
976 silly placeDep ROOT string-width@4.2.3 OK for: cli-table3@0.6.5 want: ^4.2.0
977 silly fetch manifest emoji-regex@^8.0.0
978 silly fetch manifest is-fullwidth-code-point@^3.0.0
979 http fetch GET 200 https://registry.npmjs.org/is-fullwidth-code-point 6ms (cache hit)
980 http fetch GET 200 https://registry.npmjs.org/emoji-regex 8ms (cache hit)
981 timing idealTree:node_modules/cli-table3 Completed in 11ms
982 timing idealTree:node_modules/@colors/colors Completed in 0ms
983 silly placeDep ROOT color-name@1.1.4 OK for: color-convert@2.0.1 want: ~1.1.4
984 timing idealTree:node_modules/color-convert Completed in 2ms
985 timing idealTree:node_modules/color-name Completed in 0ms
986 timing idealTree:node_modules/commander Completed in 0ms
987 silly placeDep ROOT array-timsort@1.0.3 OK for: comment-json@4.2.5 want: ^1.0.3
988 silly placeDep ROOT core-util-is@1.0.3 OK for: comment-json@4.2.5 want: ^1.0.3
989 silly placeDep ROOT esprima@4.0.1 OK for: comment-json@4.2.5 want: ^4.0.1
990 silly placeDep ROOT has-own-prop@2.0.0 OK for: comment-json@4.2.5 want: ^2.0.0
991 silly placeDep ROOT repeat-string@1.6.1 OK for: comment-json@4.2.5 want: ^1.6.1
992 timing idealTree:node_modules/comment-json Completed in 9ms
993 timing idealTree:node_modules/array-timsort Completed in 0ms
994 timing idealTree:node_modules/consola Completed in 0ms
995 timing idealTree:node_modules/content-type Completed in 0ms
996 timing idealTree:node_modules/core-util-is Completed in 0ms
997 silly placeDep ROOT object-assign@4.1.1 OK for: cors@2.8.5 want: ^4
998 silly placeDep ROOT vary@1.1.2 OK for: cors@2.8.5 want: ^1
999 timing idealTree:node_modules/cors Completed in 3ms
1000 silly placeDep ROOT ms@2.1.3 OK for: debug@4.4.3 want: ^2.1.3
1001 timing idealTree:node_modules/debug Completed in 2ms
1002 timing idealTree:node_modules/depd Completed in 0ms
1003 timing idealTree:node_modules/destroy Completed in 0ms
1004 silly placeDep ROOT @eslint/eslintrc@2.1.4 OK for: eslint@8.57.1 want: ^2.1.4
1005 silly fetch manifest espree@^9.6.0
1006 silly fetch manifest import-fresh@^3.2.1
1007 silly fetch manifest strip-json-comments@^3.1.1
1008 silly placeDep ROOT @eslint/js@8.57.1 OK for: eslint@8.57.1 want: 8.57.1
1009 silly placeDep ROOT @humanwhocodes/config-array@0.13.0 OK for: eslint@8.57.1 want: ^0.13.0
1010 silly fetch manifest minimatch@^3.0.5
1011 silly fetch manifest @humanwhocodes/object-schema@^2.0.3
1012 silly placeDep ROOT @humanwhocodes/module-importer@1.0.1 OK for: eslint@8.57.1 want: ^1.0.1
1013 silly placeDep ROOT @nodelib/fs.walk@1.2.8 OK for: eslint@8.57.1 want: ^1.2.8
1014 silly fetch manifest fastq@^1.6.0
1015 silly fetch manifest @nodelib/fs.scandir@2.1.5
1016 silly placeDep ROOT @ungap/structured-clone@1.3.0 OK for: eslint@8.57.1 want: ^1.2.0
1017 silly placeDep node_modules/eslint ajv@6.14.0 OK for: eslint@8.57.1 want: ^6.12.4
1018 silly fetch manifest fast-json-stable-stringify@^2.0.0
1019 silly fetch manifest json-schema-traverse@^0.4.1
1020 silly placeDep ROOT cross-spawn@7.0.6 OK for: eslint@8.57.1 want: ^7.0.2
1021 silly fetch manifest which@^2.0.1
1022 silly fetch manifest path-key@^3.1.0
1023 silly fetch manifest shebang-command@^2.0.0
1024 silly placeDep ROOT doctrine@3.0.0 OK for: eslint@8.57.1 want: ^3.0.0
1025 silly placeDep ROOT escape-string-regexp@4.0.0 OK for: eslint@8.57.1 want: ^4.0.0
1026 silly placeDep ROOT eslint-scope@7.2.2 OK for: eslint@8.57.1 want: ^7.2.2
1027 silly fetch manifest esrecurse@^4.3.0
1028 silly fetch manifest estraverse@^5.2.0
1029 silly placeDep ROOT espree@9.6.1 OK for: eslint@8.57.1 want: ^9.6.1
1030 silly fetch manifest acorn@^8.9.0
1031 silly fetch manifest acorn-jsx@^5.3.2
1032 silly placeDep ROOT esquery@1.7.0 OK for: eslint@8.57.1 want: ^1.4.2
1033 silly fetch manifest estraverse@^5.1.0
1034 silly placeDep ROOT esutils@2.0.3 OK for: eslint@8.57.1 want: ^2.0.2
1035 silly placeDep ROOT file-entry-cache@6.0.1 OK for: eslint@8.57.1 want: ^6.0.1
1036 silly fetch manifest flat-cache@^3.0.4
1037 silly placeDep ROOT find-up@5.0.0 OK for: eslint@8.57.1 want: ^5.0.0
1038 silly fetch manifest locate-path@^6.0.0
1039 silly fetch manifest path-exists@^4.0.0
1040 silly placeDep node_modules/eslint glob-parent@6.0.2 OK for: eslint@8.57.1 want: ^6.0.2
1041 silly placeDep ROOT globals@13.24.0 OK for: eslint@8.57.1 want: ^13.19.0
1042 silly fetch manifest type-fest@^0.20.2
1043 silly placeDep ROOT graphemer@1.4.0 OK for: eslint@8.57.1 want: ^1.4.0
1044 silly placeDep node_modules/eslint ignore@5.3.2 OK for: eslint@8.57.1 want: ^5.2.0
1045 silly placeDep ROOT imurmurhash@0.1.4 OK for: eslint@8.57.1 want: ^0.1.4
1046 silly placeDep ROOT is-path-inside@3.0.3 OK for: eslint@8.57.1 want: ^3.0.3
1047 silly placeDep ROOT js-yaml@4.1.1 OK for: eslint@8.57.1 want: ^4.1.0
1048 silly fetch manifest argparse@^2.0.1
1049 silly placeDep ROOT json-stable-stringify-without-jsonify@1.0.1 OK for: eslint@8.57.1 want: ^1.0.1
1050 silly placeDep ROOT levn@0.4.1 OK for: eslint@8.57.1 want: ^0.4.1
1051 silly fetch manifest prelude-ls@^1.2.1
1052 silly fetch manifest type-check@~0.4.0
1053 silly placeDep ROOT lodash.merge@4.6.2 OK for: eslint@8.57.1 want: ^4.6.2
1054 silly placeDep node_modules/eslint minimatch@3.1.5 OK for: eslint@8.57.1 want: ^3.1.2
1055 silly fetch manifest brace-expansion@^1.1.7
1056 silly placeDep ROOT optionator@0.9.4 OK for: eslint@8.57.1 want: ^0.9.3
1057 silly fetch manifest deep-is@^0.1.3
1058 silly fetch manifest word-wrap@^1.2.5
1059 silly fetch manifest type-check@^0.4.0
1060 silly fetch manifest fast-levenshtein@^2.0.6
1061 silly placeDep ROOT strip-ansi@6.0.1 OK for: eslint@8.57.1 want: ^6.0.1
1062 silly fetch manifest ansi-regex@^5.0.1
1063 silly placeDep ROOT text-table@0.2.0 OK for: eslint@8.57.1 want: ^0.2.0
1064 http fetch GET 200 https://registry.npmjs.org/shebang-command 85ms (cache hit)
1065 http fetch GET 200 https://registry.npmjs.org/estraverse 83ms (cache hit)
1066 http fetch GET 200 https://registry.npmjs.org/path-key 88ms (cache hit)
1067 http fetch GET 200 https://registry.npmjs.org/argparse 66ms (cache hit)
1068 http fetch GET 200 https://registry.npmjs.org/import-fresh 99ms (cache hit)
1069 http fetch GET 200 https://registry.npmjs.org/esrecurse 86ms (cache hit)
1070 http fetch GET 200 https://registry.npmjs.org/ansi-regex 61ms (cache hit)
1071 http fetch GET 200 https://registry.npmjs.org/which 91ms (cache hit)
1072 http fetch GET 200 https://registry.npmjs.org/estraverse 84ms (cache hit)
1073 http fetch GET 200 https://registry.npmjs.org/prelude-ls 125ms (cache miss)
1074 http fetch GET 200 https://registry.npmjs.org/deep-is 132ms (cache miss)
1075 http fetch GET 200 https://registry.npmjs.org/flat-cache 178ms (cache miss)
1076 http fetch GET 200 https://registry.npmjs.org/fast-levenshtein 163ms (cache miss)
1077 http fetch GET 200 https://registry.npmjs.org/fastq 359ms (cache miss)
1078 http fetch GET 200 https://registry.npmjs.org/strip-json-comments 371ms (cache miss)
1079 http fetch GET 200 https://registry.npmjs.org/type-check 345ms (cache miss)
1080 http fetch GET 200 https://registry.npmjs.org/acorn-jsx 370ms (cache miss)
1081 http fetch GET 200 https://registry.npmjs.org/type-check 364ms (cache miss)
1082 http fetch GET 200 https://registry.npmjs.org/path-exists 380ms (cache miss)
1083 http fetch GET 200 https://registry.npmjs.org/word-wrap 364ms (cache miss)
1084 http fetch GET 200 https://registry.npmjs.org/locate-path 382ms (cache miss)
1085 http fetch GET 200 https://registry.npmjs.org/@nodelib%2ffs.scandir 773ms (cache miss)
1086 http fetch GET 200 https://registry.npmjs.org/@humanwhocodes%2fobject-schema 923ms (cache miss)
1087 timing idealTree:node_modules/eslint Completed in 940ms
1088 silly placeDep node_modules/@eslint/eslintrc ajv@6.14.0 OK for: @eslint/eslintrc@2.1.4 want: ^6.12.4
1089 silly placeDep node_modules/@eslint/eslintrc ignore@5.3.2 OK for: @eslint/eslintrc@2.1.4 want: ^5.2.0
1090 silly placeDep ROOT import-fresh@3.3.1 OK for: @eslint/eslintrc@2.1.4 want: ^3.2.1
1091 silly fetch manifest resolve-from@^4.0.0
1092 silly fetch manifest parent-module@^1.0.0
1093 silly placeDep node_modules/@eslint/eslintrc minimatch@3.1.5 OK for: @eslint/eslintrc@2.1.4 want: ^3.1.2
1094 silly placeDep ROOT strip-json-comments@3.1.1 OK for: @eslint/eslintrc@2.1.4 want: ^3.1.1
1095 http fetch GET 200 https://registry.npmjs.org/resolve-from 8ms (cache hit)
1096 http fetch GET 200 https://registry.npmjs.org/parent-module 7ms (cache hit)
1097 timing idealTree:node_modules/@eslint/eslintrc Completed in 13ms
1098 timing idealTree:node_modules/@eslint/js Completed in 0ms
1099 silly placeDep ROOT @humanwhocodes/object-schema@2.0.3 OK for: @humanwhocodes/config-array@0.13.0 want: ^2.0.3
1100 silly placeDep node_modules/@humanwhocodes/config-array minimatch@3.1.5 OK for: @humanwhocodes/config-array@0.13.0 want: ^3.0.5
1101 timing idealTree:node_modules/@humanwhocodes/config-array Completed in 2ms
1102 timing idealTree:node_modules/@humanwhocodes/module-importer Completed in 0ms
1103 timing idealTree:node_modules/@humanwhocodes/object-schema Completed in 0ms
1104 silly placeDep ROOT @nodelib/fs.scandir@2.1.5 OK for: @nodelib/fs.walk@1.2.8 want: 2.1.5
1105 silly fetch manifest run-parallel@^1.1.9
1106 silly fetch manifest @nodelib/fs.stat@2.0.5
1107 silly placeDep ROOT fastq@1.20.1 OK for: @nodelib/fs.walk@1.2.8 want: ^1.6.0
1108 silly fetch manifest reusify@^1.0.4
1109 http fetch GET 200 https://registry.npmjs.org/run-parallel 286ms (cache miss)
1110 http fetch GET 200 https://registry.npmjs.org/reusify 301ms (cache miss)
1111 http fetch GET 200 https://registry.npmjs.org/@nodelib%2ffs.stat 746ms (cache miss)
1112 timing idealTree:node_modules/@nodelib/fs.walk Completed in 749ms
1113 silly placeDep ROOT @nodelib/fs.stat@2.0.5 OK for: @nodelib/fs.scandir@2.1.5 want: 2.0.5
1114 silly placeDep ROOT run-parallel@1.2.0 OK for: @nodelib/fs.scandir@2.1.5 want: ^1.1.9
1115 silly fetch manifest queue-microtask@^1.2.2
1116 http fetch GET 200 https://registry.npmjs.org/queue-microtask 312ms (cache miss)
1117 timing idealTree:node_modules/@nodelib/fs.scandir Completed in 316ms
1118 timing idealTree:node_modules/@nodelib/fs.stat Completed in 0ms
1119 timing idealTree:node_modules/@ungap/structured-clone Completed in 0ms
1120 silly placeDep ROOT path-key@3.1.1 OK for: cross-spawn@7.0.6 want: ^3.1.0
1121 silly placeDep ROOT shebang-command@2.0.0 OK for: cross-spawn@7.0.6 want: ^2.0.0
1122 silly fetch manifest shebang-regex@^3.0.0
1123 silly placeDep ROOT which@2.0.2 OK for: cross-spawn@7.0.6 want: ^2.0.1
1124 silly fetch manifest isexe@^2.0.0
1125 http fetch GET 200 https://registry.npmjs.org/shebang-regex 8ms (cache hit)
1126 http fetch GET 200 https://registry.npmjs.org/isexe 8ms (cache hit)
1127 timing idealTree:node_modules/cross-spawn Completed in 12ms
1128 timing idealTree:node_modules/doctrine Completed in 0ms
1129 timing idealTree:node_modules/escape-string-regexp Completed in 0ms
1130 timing idealTree:node_modules/eslint-config-prettier Completed in 0ms
1131 silly placeDep ROOT prettier-linter-helpers@1.0.1 OK for: eslint-plugin-prettier@5.5.5 want: ^1.0.1
1132 silly fetch manifest fast-diff@^1.1.2
1133 silly placeDep ROOT synckit@0.11.12 OK for: eslint-plugin-prettier@5.5.5 want: ^0.11.12
1134 silly fetch manifest @pkgr/core@^0.2.9
1135 http fetch GET 200 https://registry.npmjs.org/fast-diff 307ms (cache miss)
1136 http fetch GET 200 https://registry.npmjs.org/@pkgr%2fcore 703ms (cache miss)
1137 timing idealTree:node_modules/eslint-plugin-prettier Completed in 707ms
1138 silly placeDep ROOT esrecurse@4.3.0 OK for: eslint-scope@7.2.2 want: ^4.3.0
1139 silly placeDep ROOT estraverse@5.3.0 OK for: eslint-scope@7.2.2 want: ^5.2.0
1140 timing idealTree:node_modules/eslint-scope Completed in 3ms
1141 timing idealTree:node_modules/eslint-visitor-keys Completed in 0ms
1142 silly placeDep ROOT acorn@8.16.0 OK for: espree@9.6.1 want: ^8.9.0
1143 silly placeDep ROOT acorn-jsx@5.3.2 OK for: espree@9.6.1 want: ^5.3.2
1144 timing idealTree:node_modules/espree Completed in 5ms
1145 timing idealTree:node_modules/acorn Completed in 0ms
1146 timing idealTree:node_modules/acorn-jsx Completed in 0ms
1147 timing idealTree:node_modules/esprima Completed in 0ms
1148 timing idealTree:node_modules/esquery Completed in 0ms
1149 timing idealTree:node_modules/esrecurse Completed in 0ms
1150 timing idealTree:node_modules/estraverse Completed in 0ms
1151 timing idealTree:node_modules/esutils Completed in 0ms
1152 silly placeDep ROOT @jest/expect-utils@29.7.0 OK for: expect@29.7.0 want: ^29.7.0
1153 silly placeDep ROOT jest-get-type@29.6.3 OK for: expect@29.7.0 want: ^29.6.3
1154 silly placeDep ROOT jest-matcher-utils@29.7.0 OK for: expect@29.7.0 want: ^29.7.0
1155 silly fetch manifest jest-diff@^29.7.0
1156 silly placeDep ROOT jest-message-util@29.7.0 OK for: expect@29.7.0 want: ^29.7.0
1157 silly fetch manifest slash@^3.0.0
1158 silly fetch manifest micromatch@^4.0.4
1159 silly fetch manifest graceful-fs@^4.2.9
1160 silly fetch manifest stack-utils@^2.0.3
1161 silly fetch manifest @babel/code-frame@^7.12.13
1162 silly fetch manifest @types/stack-utils@^2.0.0
1163 silly placeDep ROOT jest-util@29.7.0 OK for: expect@29.7.0 want: ^29.7.0
1164 silly fetch manifest ci-info@^3.2.0
1165 silly fetch manifest picomatch@^2.2.3
1166 http fetch GET 200 https://registry.npmjs.org/stack-utils 323ms (cache miss)
1167 http fetch GET 200 https://registry.npmjs.org/ci-info 649ms (cache miss)
1168 http fetch GET 200 https://registry.npmjs.org/slash 657ms (cache miss)
1169 http fetch GET 200 https://registry.npmjs.org/@types%2fstack-utils 713ms (cache miss)
1170 http fetch GET 200 https://registry.npmjs.org/jest-diff 977ms (cache miss)
1171 timing idealTree:node_modules/expect Completed in 987ms
1172 timing idealTree:node_modules/@jest/expect-utils Completed in 0ms
1173 silly placeDep ROOT accepts@1.3.8 OK for: express@4.22.1 want: ~1.3.8
1174 silly fetch manifest mime-types@~2.1.34
1175 silly fetch manifest negotiator@0.6.3
1176 silly placeDep ROOT array-flatten@1.1.1 OK for: express@4.22.1 want: 1.1.1
1177 silly placeDep ROOT content-disposition@0.5.4 OK for: express@4.22.1 want: ~0.5.4
1178 silly placeDep ROOT cookie@0.7.2 OK for: express@4.22.1 want: ~0.7.1
1179 silly placeDep ROOT cookie-signature@1.0.7 OK for: express@4.22.1 want: ~1.0.6
1180 silly placeDep node_modules/express debug@2.6.9 OK for: express@4.22.1 want: 2.6.9
1181 silly placeDep ROOT encodeurl@2.0.0 OK for: express@4.22.1 want: ~2.0.0
1182 silly placeDep ROOT escape-html@1.0.3 OK for: express@4.22.1 want: ~1.0.3
1183 silly placeDep ROOT etag@1.8.1 OK for: express@4.22.1 want: ~1.8.1
1184 silly placeDep ROOT finalhandler@1.3.2 OK for: express@4.22.1 want: ~1.3.1
1185 silly placeDep ROOT fresh@0.5.2 OK for: express@4.22.1 want: ~0.5.2
1186 silly placeDep ROOT merge-descriptors@1.0.3 OK for: express@4.22.1 want: 1.0.3
1187 silly placeDep ROOT methods@1.1.2 OK for: express@4.22.1 want: ~1.1.2
1188 silly placeDep ROOT parseurl@1.3.3 OK for: express@4.22.1 want: ~1.3.3
1189 silly placeDep node_modules/express path-to-regexp@0.1.13 OK for: express@4.22.1 want: ~0.1.12
1190 silly placeDep ROOT proxy-addr@2.0.7 OK for: express@4.22.1 want: ~2.0.7
1191 silly fetch manifest forwarded@0.2.0
1192 silly fetch manifest ipaddr.js@1.9.1
1193 silly placeDep ROOT range-parser@1.2.1 OK for: express@4.22.1 want: ~1.2.1
1194 silly placeDep ROOT safe-buffer@5.2.1 OK for: express@4.22.1 want: 5.2.1
1195 silly placeDep ROOT send@0.19.2 OK for: express@4.22.1 want: ~0.19.0
1196 silly fetch manifest mime@1.6.0
1197 silly placeDep ROOT serve-static@1.16.3 OK for: express@4.22.1 want: ~1.16.2
1198 silly placeDep ROOT setprototypeof@1.2.0 OK for: express@4.22.1 want: 1.2.0
1199 silly placeDep ROOT statuses@2.0.2 OK for: express@4.22.1 want: ~2.0.1
1200 silly placeDep ROOT utils-merge@1.0.1 OK for: express@4.22.1 want: 1.0.1
1201 http fetch GET 200 https://registry.npmjs.org/negotiator 368ms (cache miss)
1202 http fetch GET 200 https://registry.npmjs.org/forwarded 400ms (cache miss)
1203 http fetch GET 200 https://registry.npmjs.org/mime 395ms (cache miss)
1204 http fetch GET 200 https://registry.npmjs.org/ipaddr.js 441ms (cache miss)
1205 timing idealTree:node_modules/express Completed in 466ms
1206 silly placeDep ROOT mime-types@2.1.35 OK for: accepts@1.3.8 want: ~2.1.34
1207 silly fetch manifest mime-db@1.52.0
1208 silly placeDep ROOT negotiator@0.6.3 OK for: accepts@1.3.8 want: 0.6.3
1209 http fetch GET 200 https://registry.npmjs.org/mime-db 5ms (cache hit)
1210 timing idealTree:node_modules/accepts Completed in 8ms
1211 timing idealTree:node_modules/array-flatten Completed in 0ms
1212 timing idealTree:node_modules/content-disposition Completed in 0ms
1213 timing idealTree:node_modules/cookie Completed in 0ms
1214 timing idealTree:node_modules/cookie-signature Completed in 0ms
1215 timing idealTree:node_modules/encodeurl Completed in 0ms
1216 timing idealTree:node_modules/escape-html Completed in 0ms
1217 timing idealTree:node_modules/etag Completed in 0ms
1218 timing idealTree:node_modules/fast-deep-equal Completed in 0ms
1219 timing idealTree:node_modules/fast-safe-stringify Completed in 0ms
1220 silly placeDep ROOT reusify@1.1.0 OK for: fastq@1.20.1 want: ^1.0.4
1221 timing idealTree:node_modules/fastq Completed in 1ms
1222 silly placeDep ROOT flat-cache@3.2.0 OK for: file-entry-cache@6.0.1 want: ^3.0.4
1223 silly fetch manifest keyv@^4.5.3
1224 silly fetch manifest rimraf@^3.0.2
1225 silly fetch manifest flatted@^3.2.9
1226 http fetch GET 200 https://registry.npmjs.org/flatted 7ms (cache hit)
1227 http fetch GET 200 https://registry.npmjs.org/keyv 117ms (cache miss)
1228 http fetch GET 200 https://registry.npmjs.org/rimraf 334ms (cache miss)
1229 timing idealTree:node_modules/file-entry-cache Completed in 337ms
1230 silly placeDep ROOT @tokenizer/inflate@0.2.7 OK for: file-type@20.4.1 want: ^0.2.6
1231 silly fetch manifest fflate@^0.8.2
1232 silly placeDep ROOT strtok3@10.3.5 OK for: file-type@20.4.1 want: ^10.2.0
1233 silly fetch manifest @tokenizer/token@^0.3.0
1234 silly placeDep ROOT token-types@6.1.2 OK for: file-type@20.4.1 want: ^6.0.0
1235 silly fetch manifest @borewit/text-codec@^0.2.1
1236 silly fetch manifest ieee754@^1.2.1
1237 silly placeDep ROOT uint8array-extras@1.5.0 OK for: file-type@20.4.1 want: ^1.4.0
1238 http fetch GET 200 https://registry.npmjs.org/ieee754 8ms (cache hit)
1239 http fetch GET 200 https://registry.npmjs.org/fflate 720ms (cache miss)
1240 http fetch GET 200 https://registry.npmjs.org/@borewit%2ftext-codec 722ms (cache miss)
1241 http fetch GET 200 https://registry.npmjs.org/@tokenizer%2ftoken 724ms (cache miss)
1242 timing idealTree:node_modules/file-type Completed in 729ms
1243 silly placeDep ROOT fflate@0.8.2 OK for: @tokenizer/inflate@0.2.7 want: ^0.8.2
1244 timing idealTree:node_modules/@tokenizer/inflate Completed in 6ms
1245 timing idealTree:node_modules/fflate Completed in 0ms
1246 silly placeDep ROOT to-regex-range@5.0.1 OK for: fill-range@7.1.1 want: ^5.0.1
1247 silly fetch manifest is-number@^7.0.0
1248 http fetch GET 200 https://registry.npmjs.org/is-number 7ms (cache hit)
1249 timing idealTree:node_modules/fill-range Completed in 9ms
1250 silly placeDep node_modules/finalhandler debug@2.6.9 OK for: finalhandler@1.3.2 want: 2.6.9
1251 timing idealTree:node_modules/finalhandler Completed in 1ms
1252 silly placeDep ROOT locate-path@6.0.0 OK for: find-up@5.0.0 want: ^6.0.0
1253 silly fetch manifest p-locate@^5.0.0
1254 silly placeDep ROOT path-exists@4.0.0 OK for: find-up@5.0.0 want: ^4.0.0
1255 http fetch GET 200 https://registry.npmjs.org/p-locate 5ms (cache hit)
1256 timing idealTree:node_modules/find-up Completed in 9ms
1257 silly placeDep ROOT flatted@3.4.2 OK for: flat-cache@3.2.0 want: ^3.2.9
1258 silly placeDep ROOT keyv@4.5.4 OK for: flat-cache@3.2.0 want: ^4.5.3
1259 silly fetch manifest json-buffer@3.0.1
1260 silly placeDep ROOT rimraf@3.0.2 OK for: flat-cache@3.2.0 want: ^3.0.2
1261 silly fetch manifest glob@^7.1.3
1262 http fetch GET 200 https://registry.npmjs.org/json-buffer 267ms (cache miss)
1263 timing idealTree:node_modules/flat-cache Completed in 270ms
1264 timing idealTree:node_modules/flatted Completed in 0ms
1265 silly fetch manifest typescript@>3.6.0
1266 silly placeDep ROOT @babel/code-frame@7.29.0 OK for: fork-ts-checker-webpack-plugin@9.0.2 want: ^7.16.7
1267 silly fetch manifest js-tokens@^4.0.0
1268 silly fetch manifest picocolors@^1.1.1
1269 silly fetch manifest @babel/helper-validator-identifier@^7.28.5
1270 silly placeDep ROOT cosmiconfig@8.3.6 OK for: fork-ts-checker-webpack-plugin@9.0.2 want: ^8.2.0
1271 silly fetch manifest path-type@^4.0.0
1272 silly fetch manifest parse-json@^5.2.0
1273 silly placeDep ROOT deepmerge@4.3.1 OK for: fork-ts-checker-webpack-plugin@9.0.2 want: ^4.2.2
1274 silly placeDep ROOT fs-extra@10.1.0 OK for: fork-ts-checker-webpack-plugin@9.0.2 want: ^10.0.0
1275 silly fetch manifest jsonfile@^6.0.1
1276 silly fetch manifest graceful-fs@^4.2.0
1277 silly fetch manifest universalify@^2.0.0
1278 silly placeDep ROOT memfs@3.5.3 OK for: fork-ts-checker-webpack-plugin@9.0.2 want: ^3.4.1
1279 silly fetch manifest fs-monkey@^1.0.4
1280 silly placeDep node_modules/fork-ts-checker-webpack-plugin minimatch@3.1.5 OK for: fork-ts-checker-webpack-plugin@9.0.2 want: ^3.0.4
1281 silly placeDep ROOT node-abort-controller@3.1.1 OK for: fork-ts-checker-webpack-plugin@9.0.2 want: ^3.0.1
1282 silly placeDep ROOT schema-utils@3.3.0 OK for: fork-ts-checker-webpack-plugin@9.0.2 want: ^3.1.1
1283 silly fetch manifest ajv@^6.12.5
1284 silly fetch manifest ajv-keywords@^3.5.2
1285 silly fetch manifest @types/json-schema@^7.0.8
1286 silly placeDep ROOT tapable@2.3.2 OK for: fork-ts-checker-webpack-plugin@9.0.2 want: ^2.2.1
1287 http fetch GET 200 https://registry.npmjs.org/picocolors 43ms (cache hit)
1288 http fetch GET 200 https://registry.npmjs.org/js-tokens 45ms (cache hit)
1289 http fetch GET 200 https://registry.npmjs.org/@babel%2fhelper-validator-identifier 45ms (cache hit)
1290 http fetch GET 200 https://registry.npmjs.org/fs-monkey 41ms (cache hit)
1291 http fetch GET 200 https://registry.npmjs.org/parse-json 46ms (cache hit)
1292 http fetch GET 200 https://registry.npmjs.org/ajv-keywords 36ms (cache hit)
1293 http fetch GET 200 https://registry.npmjs.org/path-type 48ms (cache hit)
1294 http fetch GET 200 https://registry.npmjs.org/universalify 46ms (cache hit)
1295 http fetch GET 200 https://registry.npmjs.org/jsonfile 47ms (cache hit)
1296 timing idealTree:node_modules/fork-ts-checker-webpack-plugin Completed in 62ms
1297 silly placeDep ROOT @babel/helper-validator-identifier@7.28.5 OK for: @babel/code-frame@7.29.0 want: ^7.28.5
1298 silly placeDep ROOT js-tokens@4.0.0 OK for: @babel/code-frame@7.29.0 want: ^4.0.0
1299 silly placeDep ROOT picocolors@1.1.1 OK for: @babel/code-frame@7.29.0 want: ^1.1.1
1300 timing idealTree:node_modules/@babel/code-frame Completed in 3ms
1301 timing idealTree:node_modules/@babel/helper-validator-identifier Completed in 1ms
1302 silly placeDep ROOT parse-json@5.2.0 OK for: cosmiconfig@8.3.6 want: ^5.2.0
1303 silly fetch manifest error-ex@^1.3.1
1304 silly fetch manifest lines-and-columns@^1.1.6
1305 silly fetch manifest json-parse-even-better-errors@^2.3.0
1306 silly placeDep ROOT path-type@4.0.0 OK for: cosmiconfig@8.3.6 want: ^4.0.0
1307 http fetch GET 200 https://registry.npmjs.org/error-ex 7ms (cache hit)
1308 http fetch GET 200 https://registry.npmjs.org/lines-and-columns 9ms (cache hit)
1309 timing idealTree:node_modules/cosmiconfig Completed in 13ms
1310 timing idealTree:node_modules/deepmerge Completed in 0ms
1311 silly placeDep ROOT asynckit@0.4.0 OK for: form-data@4.0.5 want: ^0.4.0
1312 silly placeDep ROOT combined-stream@1.0.8 OK for: form-data@4.0.5 want: ^1.0.8
1313 silly fetch manifest delayed-stream@~1.0.0
1314 silly placeDep ROOT es-set-tostringtag@2.1.0 OK for: form-data@4.0.5 want: ^2.1.0
1315 silly fetch manifest es-errors@^1.3.0
1316 silly fetch manifest get-intrinsic@^1.2.6
1317 silly fetch manifest has-tostringtag@^1.0.2
1318 silly placeDep ROOT hasown@2.0.2 OK for: form-data@4.0.5 want: ^2.0.2
1319 silly fetch manifest function-bind@^1.1.2
1320 http fetch GET 200 https://registry.npmjs.org/function-bind 8ms (cache hit)
1321 http fetch GET 200 https://registry.npmjs.org/get-intrinsic 10ms (cache hit)
1322 http fetch GET 200 https://registry.npmjs.org/es-errors 12ms (cache hit)
1323 http fetch GET 200 https://registry.npmjs.org/has-tostringtag 314ms (cache miss)
1324 http fetch GET 200 https://registry.npmjs.org/delayed-stream 930ms (cache miss)
1325 timing idealTree:node_modules/form-data Completed in 934ms
1326 timing idealTree:node_modules/asynckit Completed in 0ms
1327 silly placeDep ROOT delayed-stream@1.0.0 OK for: combined-stream@1.0.8 want: ~1.0.0
1328 timing idealTree:node_modules/combined-stream Completed in 1ms
1329 timing idealTree:node_modules/delayed-stream Completed in 0ms
1330 silly placeDep ROOT es-errors@1.3.0 OK for: es-set-tostringtag@2.1.0 want: ^1.3.0
1331 silly placeDep ROOT get-intrinsic@1.3.0 OK for: es-set-tostringtag@2.1.0 want: ^1.2.6
1332 silly fetch manifest gopd@^1.2.0
1333 silly fetch manifest get-proto@^1.0.1
1334 silly fetch manifest has-symbols@^1.1.0
1335 silly fetch manifest es-object-atoms@^1.1.1
1336 silly fetch manifest math-intrinsics@^1.1.0
1337 silly fetch manifest es-define-property@^1.0.1
1338 silly fetch manifest call-bind-apply-helpers@^1.0.2
1339 silly placeDep ROOT has-tostringtag@1.0.2 OK for: es-set-tostringtag@2.1.0 want: ^1.0.2
1340 silly fetch manifest has-symbols@^1.0.3
1341 http fetch GET 200 https://registry.npmjs.org/call-bind-apply-helpers 12ms (cache hit)
1342 http fetch GET 200 https://registry.npmjs.org/gopd 14ms (cache hit)
1343 http fetch GET 200 https://registry.npmjs.org/es-object-atoms 14ms (cache hit)
1344 http fetch GET 200 https://registry.npmjs.org/math-intrinsics 14ms (cache hit)
1345 http fetch GET 200 https://registry.npmjs.org/has-symbols 13ms (cache hit)
1346 http fetch GET 200 https://registry.npmjs.org/get-proto 17ms (cache hit)
1347 http fetch GET 200 https://registry.npmjs.org/es-define-property 16ms (cache hit)
1348 http fetch GET 200 https://registry.npmjs.org/has-symbols 18ms (cache hit)
1349 timing idealTree:node_modules/es-set-tostringtag Completed in 22ms
1350 timing idealTree:node_modules/es-errors Completed in 0ms
1351 timing idealTree:node_modules/fresh Completed in 0ms
1352 silly placeDep ROOT graceful-fs@4.2.11 OK for: fs-extra@10.1.0 want: ^4.2.0
1353 silly placeDep ROOT jsonfile@6.2.0 OK for: fs-extra@10.1.0 want: ^6.0.1
1354 silly placeDep ROOT universalify@2.0.1 OK for: fs-extra@10.1.0 want: ^2.0.0
1355 timing idealTree:node_modules/fs-extra Completed in 5ms
1356 timing idealTree:node_modules/fsevents Completed in 0ms
1357 silly placeDep ROOT call-bind-apply-helpers@1.0.2 OK for: get-intrinsic@1.3.0 want: ^1.0.2
1358 silly placeDep ROOT es-define-property@1.0.1 OK for: get-intrinsic@1.3.0 want: ^1.0.1
1359 silly placeDep ROOT es-object-atoms@1.1.1 OK for: get-intrinsic@1.3.0 want: ^1.1.1
1360 silly placeDep ROOT function-bind@1.1.2 OK for: get-intrinsic@1.3.0 want: ^1.1.2
1361 silly placeDep ROOT get-proto@1.0.1 OK for: get-intrinsic@1.3.0 want: ^1.0.1
1362 silly fetch manifest dunder-proto@^1.0.1
1363 silly placeDep ROOT gopd@1.2.0 OK for: get-intrinsic@1.3.0 want: ^1.2.0
1364 silly placeDep ROOT has-symbols@1.1.0 OK for: get-intrinsic@1.3.0 want: ^1.1.0
1365 silly placeDep ROOT math-intrinsics@1.1.0 OK for: get-intrinsic@1.3.0 want: ^1.1.0
1366 http fetch GET 200 https://registry.npmjs.org/dunder-proto 7ms (cache hit)
1367 timing idealTree:node_modules/get-intrinsic Completed in 15ms
1368 timing idealTree:node_modules/call-bind-apply-helpers Completed in 0ms
1369 timing idealTree:node_modules/es-define-property Completed in 0ms
1370 timing idealTree:node_modules/es-object-atoms Completed in 0ms
1371 timing idealTree:node_modules/function-bind Completed in 0ms
1372 silly placeDep ROOT dunder-proto@1.0.1 OK for: get-proto@1.0.1 want: ^1.0.1
1373 timing idealTree:node_modules/get-proto Completed in 2ms
1374 timing idealTree:node_modules/dunder-proto Completed in 0ms
1375 silly placeDep ROOT foreground-child@3.3.1 OK for: glob@10.4.5 want: ^3.1.0
1376 silly fetch manifest signal-exit@^4.0.1
1377 silly placeDep ROOT jackspeak@3.4.3 OK for: glob@10.4.5 want: ^3.1.2
1378 silly fetch manifest @isaacs/cliui@^8.0.2
1379 silly fetch manifest @pkgjs/parseargs@^0.11.0
1380 silly placeDep node_modules/glob minimatch@9.0.9 OK for: glob@10.4.5 want: ^9.0.4
1381 silly fetch manifest brace-expansion@^2.0.2
1382 silly placeDep ROOT minipass@7.1.3 OK for: glob@10.4.5 want: ^7.1.2
1383 silly placeDep ROOT package-json-from-dist@1.0.1 OK for: glob@10.4.5 want: ^1.0.0
1384 silly placeDep ROOT path-scurry@1.11.1 OK for: glob@10.4.5 want: ^1.11.1
1385 silly fetch manifest lru-cache@^10.2.0
1386 http fetch GET 200 https://registry.npmjs.org/@pkgjs%2fparseargs 18ms (cache hit)
1387 http fetch GET 200 https://registry.npmjs.org/signal-exit 21ms (cache hit)
1388 http fetch GET 200 https://registry.npmjs.org/@isaacs%2fcliui 20ms (cache hit)
1389 http fetch GET 200 https://registry.npmjs.org/lru-cache 16ms (cache hit)
1390 timing idealTree:node_modules/glob Completed in 34ms
1391 silly placeDep ROOT signal-exit@4.1.0 OK for: foreground-child@3.3.1 want: ^4.0.1
1392 timing idealTree:node_modules/foreground-child Completed in 2ms
1393 timing idealTree:node_modules/glob-parent Completed in 0ms
1394 silly placeDep ROOT type-fest@0.20.2 OK for: globals@13.24.0 want: ^0.20.2
1395 timing idealTree:node_modules/globals Completed in 2ms
1396 timing idealTree:node_modules/gopd Completed in 0ms
1397 timing idealTree:node_modules/graceful-fs Completed in 0ms
1398 timing idealTree:node_modules/graphemer Completed in 0ms
1399 timing idealTree:node_modules/has-own-prop Completed in 0ms
1400 timing idealTree:node_modules/has-symbols Completed in 0ms
1401 timing idealTree:node_modules/has-tostringtag Completed in 0ms
1402 timing idealTree:node_modules/hasown Completed in 0ms
1403 silly placeDep ROOT inherits@2.0.4 OK for: http-errors@2.0.1 want: ~2.0.4
1404 silly placeDep ROOT toidentifier@1.0.1 OK for: http-errors@2.0.1 want: ~1.0.1
1405 timing idealTree:node_modules/http-errors Completed in 2ms
1406 silly placeDep ROOT safer-buffer@2.1.2 OK for: iconv-lite@0.4.24 want: >= 2.1.2 < 3
1407 timing idealTree:node_modules/iconv-lite Completed in 2ms
1408 timing idealTree:node_modules/ignore Completed in 0ms
1409 silly placeDep ROOT parent-module@1.0.1 OK for: import-fresh@3.3.1 want: ^1.0.0
1410 silly fetch manifest callsites@^3.0.0
1411 silly placeDep ROOT resolve-from@4.0.0 OK for: import-fresh@3.3.1 want: ^4.0.0
1412 http fetch GET 200 https://registry.npmjs.org/callsites 4ms (cache hit)
1413 timing idealTree:node_modules/import-fresh Completed in 8ms
1414 timing idealTree:node_modules/imurmurhash Completed in 0ms
1415 timing idealTree:node_modules/inherits Completed in 0ms
1416 silly placeDep ROOT ansi-escapes@4.3.2 OK for: inquirer@8.2.6 want: ^4.2.1
1417 silly fetch manifest type-fest@^0.21.3
1418 silly placeDep ROOT cli-cursor@3.1.0 OK for: inquirer@8.2.6 want: ^3.1.0
1419 silly fetch manifest restore-cursor@^3.1.0
1420 silly placeDep ROOT cli-width@3.0.0 OK for: inquirer@8.2.6 want: ^3.0.0
1421 silly placeDep ROOT external-editor@3.1.0 OK for: inquirer@8.2.6 want: ^3.0.3
1422 silly fetch manifest chardet@^0.7.0
1423 silly fetch manifest tmp@^0.0.33
1424 silly placeDep ROOT figures@3.2.0 OK for: inquirer@8.2.6 want: ^3.0.0
1425 silly fetch manifest escape-string-regexp@^1.0.5
1426 silly placeDep ROOT lodash@4.18.1 OK for: inquirer@8.2.6 want: ^4.17.21
1427 silly placeDep ROOT mute-stream@0.0.8 OK for: inquirer@8.2.6 want: 0.0.8
1428 silly placeDep ROOT run-async@2.4.1 OK for: inquirer@8.2.6 want: ^2.4.0
1429 silly placeDep ROOT through@2.3.8 OK for: inquirer@8.2.6 want: ^2.3.6
1430 silly placeDep ROOT wrap-ansi@6.2.0 OK for: inquirer@8.2.6 want: ^6.0.1
1431 http fetch GET 200 https://registry.npmjs.org/restore-cursor 19ms (cache hit)
1432 http fetch GET 200 https://registry.npmjs.org/chardet 16ms (cache hit)
1433 http fetch GET 200 https://registry.npmjs.org/tmp 17ms (cache hit)
1434 timing idealTree:node_modules/inquirer Completed in 29ms
1435 silly placeDep node_modules/ansi-escapes type-fest@0.21.3 OK for: ansi-escapes@4.3.2 want: ^0.21.3
1436 timing idealTree:node_modules/ansi-escapes Completed in 1ms
1437 silly placeDep ROOT restore-cursor@3.1.0 OK for: cli-cursor@3.1.0 want: ^3.1.0
1438 silly fetch manifest onetime@^5.1.0
1439 silly fetch manifest signal-exit@^3.0.2
1440 http fetch GET 200 https://registry.npmjs.org/onetime 5ms (cache hit)
1441 timing idealTree:node_modules/cli-cursor Completed in 7ms
1442 timing idealTree:node_modules/cli-width Completed in 0ms
1443 silly placeDep ROOT chardet@0.7.0 OK for: external-editor@3.1.0 want: ^0.7.0
1444 silly placeDep ROOT tmp@0.0.33 OK for: external-editor@3.1.0 want: ^0.0.33
1445 silly fetch manifest os-tmpdir@~1.0.2
1446 http fetch GET 200 https://registry.npmjs.org/os-tmpdir 5ms (cache hit)
1447 timing idealTree:node_modules/external-editor Completed in 9ms
1448 timing idealTree:node_modules/chardet Completed in 0ms
1449 silly placeDep node_modules/figures escape-string-regexp@1.0.5 OK for: figures@3.2.0 want: ^1.0.5
1450 timing idealTree:node_modules/figures Completed in 1ms
1451 silly placeDep ROOT binary-extensions@2.3.0 OK for: is-binary-path@2.1.0 want: ^2.0.0
1452 timing idealTree:node_modules/is-binary-path Completed in 3ms
1453 timing idealTree:node_modules/binary-extensions Completed in 0ms
1454 silly placeDep ROOT is-extglob@2.1.1 OK for: is-glob@4.0.3 want: ^2.1.1
1455 timing idealTree:node_modules/is-glob Completed in 1ms
1456 timing idealTree:node_modules/is-extglob Completed in 0ms
1457 timing idealTree:node_modules/is-path-inside Completed in 0ms
1458 timing idealTree:node_modules/iterare Completed in 0ms
1459 silly placeDep ROOT @isaacs/cliui@8.0.2 OK for: jackspeak@3.4.3 want: ^8.0.2
1460 silly fetch manifest wrap-ansi@^8.1.0
1461 silly fetch manifest strip-ansi@^7.0.1
1462 silly fetch manifest string-width@^5.1.2
1463 silly fetch manifest wrap-ansi-cjs@npm:wrap-ansi@^7.0.0
1464 silly fetch manifest strip-ansi-cjs@npm:strip-ansi@^6.0.1
1465 silly fetch manifest string-width-cjs@npm:string-width@^4.2.0
1466 silly placeDep ROOT @pkgjs/parseargs@0.11.0 OK for: jackspeak@3.4.3 want: ^0.11.0
1467 timing idealTree:node_modules/jackspeak Completed in 7ms
1468 silly placeDep node_modules/@isaacs/cliui string-width@5.1.2 OK for: @isaacs/cliui@8.0.2 want: ^5.1.2
1469 silly fetch manifest emoji-regex@^9.2.2
1470 silly fetch manifest eastasianwidth@^0.2.0
1471 silly placeDep ROOT string-width-cjs@4.2.3 OK for: @isaacs/cliui@8.0.2 want: npm:string-width@^4.2.0
1472 silly placeDep node_modules/@isaacs/cliui strip-ansi@7.2.0 OK for: @isaacs/cliui@8.0.2 want: ^7.0.1
1473 silly fetch manifest ansi-regex@^6.2.2
1474 silly placeDep ROOT strip-ansi-cjs@6.0.1 OK for: @isaacs/cliui@8.0.2 want: npm:strip-ansi@^6.0.1
1475 silly placeDep node_modules/@isaacs/cliui wrap-ansi@8.1.0 OK for: @isaacs/cliui@8.0.2 want: ^8.1.0
1476 silly fetch manifest ansi-styles@^6.1.0
1477 silly placeDep ROOT wrap-ansi-cjs@7.0.0 OK for: @isaacs/cliui@8.0.2 want: npm:wrap-ansi@^7.0.0
1478 http fetch GET 200 https://registry.npmjs.org/eastasianwidth 13ms (cache hit)
1479 timing idealTree:node_modules/@isaacs/cliui Completed in 19ms
1480 timing idealTree:node_modules/@pkgjs/parseargs Completed in 0ms
1481 silly placeDep ROOT @jest/core@29.7.0 OK for: jest@29.7.0 want: ^29.7.0
1482 silly fetch manifest exit@^0.1.2
1483 silly fetch manifest jest-config@^29.7.0
1484 silly fetch manifest jest-runner@^29.7.0
1485 silly fetch manifest jest-resolve@^29.7.0
1486 silly fetch manifest jest-runtime@^29.7.0
1487 silly fetch manifest jest-watcher@^29.7.0
1488 silly fetch manifest @jest/console@^29.7.0
1489 silly fetch manifest jest-snapshot@^29.7.0
1490 silly fetch manifest jest-validate@^29.7.0
1491 silly fetch manifest jest-haste-map@^29.7.0
1492 silly fetch manifest @jest/reporters@^29.7.0
1493 silly fetch manifest @jest/transform@^29.7.0
1494 silly fetch manifest jest-regex-util@^29.6.3
1495 silly fetch manifest @jest/test-result@^29.7.0
1496 silly fetch manifest jest-changed-files@^29.7.0
1497 silly fetch manifest jest-resolve-dependencies@^29.7.0
1498 silly placeDep ROOT @jest/types@29.6.3 OK for: jest@29.7.0 want: ^29.6.3
1499 silly fetch manifest @types/yargs@^17.0.8
1500 silly fetch manifest @types/istanbul-reports@^3.0.0
1501 silly fetch manifest @types/istanbul-lib-coverage@^2.0.0
1502 silly placeDep ROOT import-local@3.2.0 OK for: jest@29.7.0 want: ^3.0.2
1503 silly fetch manifest pkg-dir@^4.2.0
1504 silly fetch manifest resolve-cwd@^3.0.0
1505 silly placeDep ROOT jest-cli@29.7.0 OK for: jest@29.7.0 want: ^29.7.0
1506 silly fetch manifest yargs@^17.3.1
1507 silly fetch manifest create-jest@^29.7.0
1508 http fetch GET 200 https://registry.npmjs.org/jest-config 376ms (cache miss)
1509 http fetch GET 200 https://registry.npmjs.org/jest-runner 434ms (cache miss)
1510 http fetch GET 200 https://registry.npmjs.org/jest-validate 634ms (cache miss)
1511 http fetch GET 200 https://registry.npmjs.org/exit 647ms (cache miss)
1512 http fetch GET 200 https://registry.npmjs.org/jest-regex-util 645ms (cache miss)
1513 http fetch GET 200 https://registry.npmjs.org/jest-haste-map 652ms (cache miss)
1514 http fetch GET 200 https://registry.npmjs.org/jest-watcher 688ms (cache miss)
1515 http fetch GET 200 https://registry.npmjs.org/jest-resolve 784ms (cache miss)
1516 http fetch GET 200 https://registry.npmjs.org/jest-snapshot 798ms (cache miss)
1517 http fetch GET 200 https://registry.npmjs.org/jest-resolve-dependencies 806ms (cache miss)
1518 http fetch GET 200 https://registry.npmjs.org/jest-runtime 821ms (cache miss)
1519 http fetch GET 200 https://registry.npmjs.org/resolve-cwd 938ms (cache miss)
1520 http fetch GET 200 https://registry.npmjs.org/create-jest 934ms (cache miss)
1521 http fetch GET 200 https://registry.npmjs.org/@types%2fistanbul-reports 941ms (cache miss)
1522 http fetch GET 200 https://registry.npmjs.org/yargs 948ms (cache miss)
1523 http fetch GET 200 https://registry.npmjs.org/@jest%2fconsole 1013ms (cache miss)
1524 http fetch GET 200 https://registry.npmjs.org/@types%2fistanbul-lib-coverage 1020ms (cache miss)
1525 http fetch GET 200 https://registry.npmjs.org/jest-changed-files 1044ms (cache miss)
1526 http fetch GET 200 https://registry.npmjs.org/pkg-dir 1049ms (cache miss)
1527 http fetch GET 200 https://registry.npmjs.org/@jest%2freporters 1247ms (cache miss)
1528 http fetch GET 200 https://registry.npmjs.org/@types%2fyargs 1291ms (cache miss)
1529 http fetch GET 200 https://registry.npmjs.org/@jest%2ftest-result 1563ms (cache miss)
1530 timing idealTree:node_modules/jest Completed in 1577ms
1531 silly fetch manifest @types/node@*
1532 silly fetch manifest ts-node@>=9.0.0
1533 silly fetch manifest typescript@>=2.7
1534 silly placeDep ROOT @jest/console@29.7.0 OK for: @jest/core@29.7.0 want: ^29.7.0
1535 silly placeDep ROOT @jest/reporters@29.7.0 OK for: @jest/core@29.7.0 want: ^29.7.0
1536 silly fetch manifest jest-worker@^29.7.0
1537 silly fetch manifest string-length@^4.0.1
1538 silly fetch manifest v8-to-istanbul@^9.0.1
1539 silly fetch manifest istanbul-reports@^3.1.3
1540 silly fetch manifest @bcoe/v8-coverage@^0.2.3
1541 silly fetch manifest collect-v8-coverage@^1.0.0
1542 silly fetch manifest istanbul-lib-report@^3.0.0
1543 silly fetch manifest istanbul-lib-coverage@^3.0.0
1544 silly fetch manifest istanbul-lib-instrument@^6.0.0
1545 silly fetch manifest istanbul-lib-source-maps@^4.0.0
1546 silly fetch manifest @jridgewell/trace-mapping@^0.3.18
1547 silly placeDep ROOT @jest/test-result@29.7.0 OK for: @jest/core@29.7.0 want: ^29.7.0
1548 silly placeDep ROOT @jest/transform@29.7.0 OK for: @jest/core@29.7.0 want: ^29.7.0
1549 silly fetch manifest pirates@^4.0.4
1550 silly fetch manifest @babel/core@^7.11.6
1551 silly fetch manifest write-file-atomic@^4.0.2
1552 silly fetch manifest convert-source-map@^2.0.0
1553 silly fetch manifest babel-plugin-istanbul@^6.1.1
1554 silly placeDep ROOT ci-info@3.9.0 OK for: @jest/core@29.7.0 want: ^3.2.0
1555 silly placeDep ROOT exit@0.1.2 OK for: @jest/core@29.7.0 want: ^0.1.2
1556 silly placeDep ROOT jest-changed-files@29.7.0 OK for: @jest/core@29.7.0 want: ^29.7.0
1557 silly fetch manifest execa@^5.0.0
1558 silly fetch manifest p-limit@^3.1.0
1559 silly placeDep ROOT jest-config@29.7.0 OK for: @jest/core@29.7.0 want: ^29.7.0
1560 silly fetch manifest babel-jest@^29.7.0
1561 silly fetch manifest jest-circus@^29.7.0
1562 silly fetch manifest @jest/test-sequencer@^29.7.0
1563 silly fetch manifest jest-environment-node@^29.7.0
1564 silly placeDep ROOT jest-haste-map@29.7.0 OK for: @jest/core@29.7.0 want: ^29.7.0
1565 silly fetch manifest walker@^1.0.8
1566 silly fetch manifest fb-watchman@^2.0.0
1567 silly fetch manifest @types/graceful-fs@^4.1.3
1568 silly placeDep ROOT jest-regex-util@29.6.3 OK for: @jest/core@29.7.0 want: ^29.6.3
1569 silly placeDep ROOT jest-resolve@29.7.0 OK for: @jest/core@29.7.0 want: ^29.7.0
1570 silly fetch manifest resolve@^1.20.0
1571 silly fetch manifest resolve.exports@^2.0.0
1572 silly fetch manifest jest-pnp-resolver@^1.2.2
1573 silly placeDep ROOT jest-resolve-dependencies@29.7.0 OK for: @jest/core@29.7.0 want: ^29.7.0
1574 silly placeDep ROOT jest-runner@29.7.0 OK for: @jest/core@29.7.0 want: ^29.7.0
1575 silly fetch manifest emittery@^0.13.1
1576 silly fetch manifest jest-docblock@^29.7.0
1577 silly fetch manifest @jest/environment@^29.7.0
1578 silly fetch manifest jest-leak-detector@^29.7.0
1579 silly fetch manifest source-map-support@0.5.13
1580 silly placeDep ROOT jest-runtime@29.7.0 OK for: @jest/core@29.7.0 want: ^29.7.0
1581 silly fetch manifest jest-mock@^29.7.0
1582 silly fetch manifest strip-bom@^4.0.0
1583 silly fetch manifest @jest/globals@^29.7.0
1584 silly fetch manifest @jest/source-map@^29.6.3
1585 silly fetch manifest cjs-module-lexer@^1.0.0
1586 silly fetch manifest @jest/fake-timers@^29.7.0
1587 silly placeDep ROOT jest-snapshot@29.7.0 OK for: @jest/core@29.7.0 want: ^29.7.0
1588 silly fetch manifest @babel/types@^7.3.3
1589 silly fetch manifest @babel/generator@^7.7.2
1590 silly fetch manifest @babel/plugin-syntax-jsx@^7.7.2
1591 silly fetch manifest @babel/plugin-syntax-typescript@^7.7.2
1592 silly fetch manifest babel-preset-current-node-syntax@^1.0.0
1593 silly placeDep ROOT jest-validate@29.7.0 OK for: @jest/core@29.7.0 want: ^29.7.0
1594 silly fetch manifest leven@^3.1.0
1595 silly fetch manifest camelcase@^6.2.0
1596 silly placeDep ROOT jest-watcher@29.7.0 OK for: @jest/core@29.7.0 want: ^29.7.0
1597 silly placeDep ROOT micromatch@4.0.8 OK for: @jest/core@29.7.0 want: ^4.0.4
1598 silly fetch manifest picomatch@^2.3.1
1599 silly placeDep ROOT slash@3.0.0 OK for: @jest/core@29.7.0 want: ^3.0.0
1600 http fetch GET 200 https://registry.npmjs.org/p-limit 84ms (cache hit)
1601 http fetch GET 200 https://registry.npmjs.org/jest-worker 101ms (cache hit)
1602 http fetch GET 200 https://registry.npmjs.org/@babel%2ftypes 64ms (cache hit)
1603 http fetch GET 200 https://registry.npmjs.org/convert-source-map 96ms (cache hit)
1604 http fetch GET 200 https://registry.npmjs.org/@jridgewell%2ftrace-mapping 106ms (cache hit)
1605 http fetch GET 200 https://registry.npmjs.org/@babel%2fgenerator 70ms (cache hit)
1606 http fetch GET 200 https://registry.npmjs.org/istanbul-lib-source-maps 484ms (cache miss)
1607 http fetch GET 200 https://registry.npmjs.org/string-length 489ms (cache miss)
1608 http fetch GET 200 https://registry.npmjs.org/istanbul-lib-report 593ms (cache miss)
1609 http fetch GET 200 https://registry.npmjs.org/istanbul-lib-instrument 601ms (cache miss)
1610 http fetch GET 200 https://registry.npmjs.org/v8-to-istanbul 606ms (cache miss)
1611 http fetch GET 200 https://registry.npmjs.org/collect-v8-coverage 616ms (cache miss)
1612 http fetch GET 200 https://registry.npmjs.org/execa 611ms (cache miss)
1613 http fetch GET 200 https://registry.npmjs.org/istanbul-reports 627ms (cache miss)
1614 http fetch GET 200 https://registry.npmjs.org/babel-plugin-istanbul 643ms (cache miss)
1615 http fetch GET 200 https://registry.npmjs.org/@bcoe%2fv8-coverage 729ms (cache miss)
1616 http fetch GET 200 https://registry.npmjs.org/jest-environment-node 789ms (cache miss)
1617 http fetch GET 200 https://registry.npmjs.org/walker 794ms (cache miss)
1618 http fetch GET 200 https://registry.npmjs.org/istanbul-lib-coverage 829ms (cache miss)
1619 http fetch GET 200 https://registry.npmjs.org/write-file-atomic 821ms (cache miss)
1620 http fetch GET 200 https://registry.npmjs.org/pirates 821ms (cache miss)
1621 http fetch GET 200 https://registry.npmjs.org/fb-watchman 938ms (cache miss)
1622 http fetch GET 200 https://registry.npmjs.org/resolve 939ms (cache miss)
1623 http fetch GET 200 https://registry.npmjs.org/jest-circus 1017ms (cache miss)
1624 http fetch GET 200 https://registry.npmjs.org/resolve.exports 1083ms (cache miss)
1625 http fetch GET 200 https://registry.npmjs.org/emittery 1089ms (cache miss)
1626 http fetch GET 200 https://registry.npmjs.org/jest-mock 1150ms (cache miss)
1627 http fetch GET 200 https://registry.npmjs.org/@jest%2ftest-sequencer 1173ms (cache miss)
1628 http fetch GET 200 https://registry.npmjs.org/@types%2fgraceful-fs 1246ms (cache miss)
1629 http fetch GET 200 https://registry.npmjs.org/jest-leak-detector 1324ms (cache miss)
1630 http fetch GET 200 https://registry.npmjs.org/cjs-module-lexer 1333ms (cache miss)
1631 http fetch GET 200 https://registry.npmjs.org/jest-pnp-resolver 1363ms (cache miss)
1632 http fetch GET 200 https://registry.npmjs.org/babel-preset-current-node-syntax 1350ms (cache miss)
1633 http fetch GET 200 https://registry.npmjs.org/leven 1365ms (cache miss)
1634 http fetch GET 200 https://registry.npmjs.org/@jest%2fsource-map 1528ms (cache miss)
1635 http fetch GET 200 https://registry.npmjs.org/@jest%2fglobals 1532ms (cache miss)
1636 http fetch GET 200 https://registry.npmjs.org/@jest%2fenvironment 1539ms (cache miss)
1637 http fetch GET 200 https://registry.npmjs.org/camelcase 1566ms (cache miss)
1638 http fetch GET 200 https://registry.npmjs.org/@babel%2fplugin-syntax-jsx 1573ms (cache miss)
1639 http fetch GET 200 https://registry.npmjs.org/@jest%2ffake-timers 1764ms (cache miss)
1640 http fetch GET 200 https://registry.npmjs.org/jest-docblock 2351ms (cache miss)
1641 http fetch GET 200 https://registry.npmjs.org/@babel%2fplugin-syntax-typescript 2346ms (cache miss)
1642 timing idealTree:node_modules/@jest/core Completed in 2402ms
1643 timing idealTree:node_modules/@jest/console Completed in 0ms
1644 silly placeDep ROOT @bcoe/v8-coverage@0.2.3 OK for: @jest/reporters@29.7.0 want: ^0.2.3
1645 silly placeDep ROOT @jridgewell/trace-mapping@0.3.31 OK for: @jest/reporters@29.7.0 want: ^0.3.18
1646 silly fetch manifest @jridgewell/resolve-uri@^3.1.0
1647 silly fetch manifest @jridgewell/sourcemap-codec@^1.4.14
1648 silly placeDep ROOT collect-v8-coverage@1.0.3 OK for: @jest/reporters@29.7.0 want: ^1.0.0
1649 silly placeDep node_modules/@jest/reporters glob@7.2.3 OK for: @jest/reporters@29.7.0 want: ^7.1.3
1650 silly fetch manifest once@^1.3.0
1651 silly fetch manifest inflight@^1.0.4
1652 silly fetch manifest minimatch@^3.1.1
1653 silly fetch manifest fs.realpath@^1.0.0
1654 silly fetch manifest path-is-absolute@^1.0.0
1655 silly placeDep ROOT istanbul-lib-coverage@3.2.2 OK for: @jest/reporters@29.7.0 want: ^3.0.0
1656 silly placeDep ROOT istanbul-lib-instrument@6.0.3 OK for: @jest/reporters@29.7.0 want: ^6.0.0
1657 silly fetch manifest @babel/core@^7.23.9
1658 silly fetch manifest @babel/parser@^7.23.9
1659 silly fetch manifest @istanbuljs/schema@^0.1.3
1660 silly placeDep ROOT istanbul-lib-report@3.0.1 OK for: @jest/reporters@29.7.0 want: ^3.0.0
1661 silly fetch manifest make-dir@^4.0.0
1662 silly placeDep ROOT istanbul-lib-source-maps@4.0.1 OK for: @jest/reporters@29.7.0 want: ^4.0.0
1663 silly fetch manifest source-map@^0.6.1
1664 silly placeDep ROOT istanbul-reports@3.2.0 OK for: @jest/reporters@29.7.0 want: ^3.1.3
1665 silly fetch manifest html-escaper@^2.0.0
1666 silly placeDep ROOT jest-worker@29.7.0 OK for: @jest/reporters@29.7.0 want: ^29.7.0
1667 silly fetch manifest merge-stream@^2.0.0
1668 silly fetch manifest supports-color@^8.0.0
1669 silly placeDep ROOT string-length@4.0.2 OK for: @jest/reporters@29.7.0 want: ^4.0.1
1670 silly fetch manifest char-regex@^1.0.2
1671 silly placeDep ROOT v8-to-istanbul@9.3.0 OK for: @jest/reporters@29.7.0 want: ^9.0.1
1672 silly fetch manifest @types/istanbul-lib-coverage@^2.0.1
1673 http fetch GET 200 https://registry.npmjs.org/merge-stream 34ms (cache hit)
1674 http fetch GET 200 https://registry.npmjs.org/@jridgewell%2fresolve-uri 53ms (cache hit)
1675 http fetch GET 200 https://registry.npmjs.org/@babel%2fparser 48ms (cache hit)
1676 http fetch GET 200 https://registry.npmjs.org/once 380ms (cache miss)
1677 http fetch GET 200 https://registry.npmjs.org/fs.realpath 396ms (cache miss)
1678 http fetch GET 200 https://registry.npmjs.org/make-dir 388ms (cache miss)
1679 http fetch GET 200 https://registry.npmjs.org/path-is-absolute 397ms (cache miss)
1680 http fetch GET 200 https://registry.npmjs.org/html-escaper 385ms (cache miss)
1681 http fetch GET 200 https://registry.npmjs.org/char-regex 391ms (cache miss)
1682 http fetch GET 200 https://registry.npmjs.org/@istanbuljs%2fschema 731ms (cache miss)
1683 http fetch GET 200 https://registry.npmjs.org/inflight 896ms (cache miss)
1684 timing idealTree:node_modules/@jest/reporters Completed in 908ms
1685 timing idealTree:node_modules/@bcoe/v8-coverage Completed in 0ms
1686 silly placeDep ROOT @types/istanbul-lib-coverage@2.0.6 OK for: @jest/test-result@29.7.0 want: ^2.0.0
1687 timing idealTree:node_modules/@jest/test-result Completed in 2ms
1688 silly placeDep ROOT @babel/core@7.29.0 OK for: @jest/transform@29.7.0 want: ^7.11.6
1689 silly fetch manifest semver@^6.3.1
1690 silly fetch manifest gensync@^1.0.0-beta.2
1691 silly fetch manifest @babel/types@^7.29.0
1692 silly fetch manifest @babel/parser@^7.29.0
1693 silly fetch manifest @babel/helpers@^7.28.6
1694 silly fetch manifest @babel/template@^7.28.6
1695 silly fetch manifest @babel/traverse@^7.29.0
1696 silly fetch manifest @babel/generator@^7.29.0
1697 silly fetch manifest @jridgewell/remapping@^2.3.5
1698 silly fetch manifest @babel/helper-module-transforms@^7.28.6
1699 silly fetch manifest @babel/helper-compilation-targets@^7.28.6
1700 silly placeDep ROOT babel-plugin-istanbul@6.1.1 OK for: @jest/transform@29.7.0 want: ^6.1.1
1701 silly fetch manifest test-exclude@^6.0.0
1702 silly fetch manifest @istanbuljs/schema@^0.1.2
1703 silly fetch manifest istanbul-lib-instrument@^5.0.4
1704 silly fetch manifest @babel/helper-plugin-utils@^7.0.0
1705 silly fetch manifest @istanbuljs/load-nyc-config@^1.0.0
1706 silly placeDep ROOT convert-source-map@2.0.0 OK for: @jest/transform@29.7.0 want: ^2.0.0
1707 silly placeDep ROOT fast-json-stable-stringify@2.1.0 OK for: @jest/transform@29.7.0 want: ^2.1.0
1708 silly placeDep ROOT pirates@4.0.7 OK for: @jest/transform@29.7.0 want: ^4.0.4
1709 silly placeDep ROOT write-file-atomic@4.0.2 OK for: @jest/transform@29.7.0 want: ^4.0.2
1710 silly fetch manifest signal-exit@^3.0.7
1711 http fetch GET 200 https://registry.npmjs.org/gensync 44ms (cache hit)
1712 http fetch GET 200 https://registry.npmjs.org/@babel%2fhelper-compilation-targets 40ms (cache hit)
1713 http fetch GET 200 https://registry.npmjs.org/@jridgewell%2fremapping 42ms (cache hit)
1714 http fetch GET 200 https://registry.npmjs.org/@babel%2fhelper-module-transforms 44ms (cache hit)
1715 http fetch GET 200 https://registry.npmjs.org/@babel%2fhelper-plugin-utils 43ms (cache hit)
1716 http fetch GET 200 https://registry.npmjs.org/@babel%2ftemplate 51ms (cache hit)
1717 http fetch GET 200 https://registry.npmjs.org/@babel%2fhelpers 54ms (cache hit)
1718 http fetch GET 200 https://registry.npmjs.org/@babel%2ftraverse 56ms (cache hit)
1719 http fetch GET 200 https://registry.npmjs.org/test-exclude 253ms (cache miss)
1720 http fetch GET 200 https://registry.npmjs.org/@istanbuljs%2fload-nyc-config 279ms (cache miss)
1721 timing idealTree:node_modules/@jest/transform Completed in 297ms
1722 silly fetch manifest @babel/core@^7.0.0
1723 silly placeDep ROOT @babel/generator@7.29.1 OK for: @babel/core@7.29.0 want: ^7.29.0
1724 silly fetch manifest jsesc@^3.0.2
1725 silly fetch manifest @jridgewell/gen-mapping@^0.3.12
1726 silly placeDep ROOT @babel/helper-compilation-targets@7.28.6 OK for: @babel/core@7.29.0 want: ^7.28.6
1727 silly fetch manifest lru-cache@^5.1.1
1728 silly fetch manifest @babel/compat-data@^7.28.6
1729 silly fetch manifest @babel/helper-validator-option@^7.27.1
1730 silly placeDep ROOT @babel/helper-module-transforms@7.28.6 OK for: @babel/core@7.29.0 want: ^7.28.6
1731 silly fetch manifest @babel/traverse@^7.28.6
1732 silly fetch manifest @babel/helper-module-imports@^7.28.6
1733 silly placeDep ROOT @babel/helpers@7.29.2 OK for: @babel/core@7.29.0 want: ^7.28.6
1734 silly placeDep ROOT @babel/parser@7.29.2 OK for: @babel/core@7.29.0 want: ^7.29.0
1735 silly placeDep ROOT @babel/template@7.28.6 OK for: @babel/core@7.29.0 want: ^7.28.6
1736 silly fetch manifest @babel/types@^7.28.6
1737 silly placeDep ROOT @babel/traverse@7.29.0 OK for: @babel/core@7.29.0 want: ^7.29.0
1738 silly fetch manifest @babel/helper-globals@^7.28.0
1739 silly placeDep ROOT @babel/types@7.29.0 OK for: @babel/core@7.29.0 want: ^7.29.0
1740 silly fetch manifest @babel/helper-string-parser@^7.27.1
1741 silly placeDep ROOT @jridgewell/remapping@2.3.5 OK for: @babel/core@7.29.0 want: ^2.3.5
1742 silly fetch manifest @jridgewell/gen-mapping@^0.3.5
1743 silly placeDep ROOT gensync@1.0.0-beta.2 OK for: @babel/core@7.29.0 want: ^1.0.0-beta.2
1744 silly placeDep ROOT json5@2.2.3 OK for: @babel/core@7.29.0 want: ^2.2.3
1745 silly placeDep node_modules/@babel/core semver@6.3.1 OK for: @babel/core@7.29.0 want: ^6.3.1
1746 http fetch GET 200 https://registry.npmjs.org/jsesc 49ms (cache hit)
1747 http fetch GET 200 https://registry.npmjs.org/@jridgewell%2fgen-mapping 50ms (cache hit)
1748 http fetch GET 200 https://registry.npmjs.org/@babel%2fhelper-validator-option 48ms (cache hit)
1749 http fetch GET 200 https://registry.npmjs.org/@babel%2fhelper-module-imports 45ms (cache hit)
1750 http fetch GET 200 https://registry.npmjs.org/@babel%2fcompat-data 51ms (cache hit)
1751 http fetch GET 200 https://registry.npmjs.org/@jridgewell%2fgen-mapping 32ms (cache hit)
1752 http fetch GET 200 https://registry.npmjs.org/@babel%2fhelper-globals 38ms (cache hit)
1753 http fetch GET 200 https://registry.npmjs.org/@babel%2fhelper-string-parser 35ms (cache hit)
1754 timing idealTree:node_modules/@babel/core Completed in 67ms
1755 silly placeDep ROOT @jridgewell/gen-mapping@0.3.13 OK for: @babel/generator@7.29.1 want: ^0.3.12
1756 silly fetch manifest @jridgewell/sourcemap-codec@^1.5.0
1757 silly placeDep ROOT jsesc@3.1.0 OK for: @babel/generator@7.29.1 want: ^3.0.2
1758 timing idealTree:node_modules/@babel/generator Completed in 3ms
1759 silly placeDep ROOT @babel/compat-data@7.29.0 OK for: @babel/helper-compilation-targets@7.28.6 want: ^7.28.6
1760 silly placeDep ROOT @babel/helper-validator-option@7.27.1 OK for: @babel/helper-compilation-targets@7.28.6 want: ^7.27.1
1761 silly placeDep ROOT browserslist@4.28.2 OK for: @babel/helper-compilation-targets@7.28.6 want: ^4.24.0
1762 silly fetch manifest baseline-browser-mapping@^2.10.12
1763 silly fetch manifest caniuse-lite@^1.0.30001782
1764 silly fetch manifest electron-to-chromium@^1.5.328
1765 silly fetch manifest node-releases@^2.0.36
1766 silly fetch manifest update-browserslist-db@^1.2.3
1767 silly placeDep ROOT lru-cache@5.1.1 OK for: @babel/helper-compilation-targets@7.28.6 want: ^5.1.1
1768 silly fetch manifest yallist@^3.0.2
1769 silly placeDep node_modules/@babel/helper-compilation-targets semver@6.3.1 OK for: @babel/helper-compilation-targets@7.28.6 want: ^6.3.1
1770 http fetch GET 200 https://registry.npmjs.org/baseline-browser-mapping 12ms (cache hit)
1771 http fetch GET 200 https://registry.npmjs.org/yallist 11ms (cache hit)
1772 http fetch GET 200 https://registry.npmjs.org/node-releases 12ms (cache hit)
1773 http fetch GET 200 https://registry.npmjs.org/caniuse-lite 18ms (cache hit)
1774 http fetch GET 200 https://registry.npmjs.org/electron-to-chromium 31ms (cache hit)
1775 http fetch GET 200 https://registry.npmjs.org/update-browserslist-db 56ms (cache hit)
1776 timing idealTree:node_modules/@babel/helper-compilation-targets Completed in 63ms
1777 timing idealTree:node_modules/@babel/compat-data Completed in 0ms
1778 silly placeDep ROOT @babel/helper-module-imports@7.28.6 OK for: @babel/helper-module-transforms@7.28.6 want: ^7.28.6
1779 timing idealTree:node_modules/@babel/helper-module-transforms Completed in 2ms
1780 timing idealTree:node_modules/@babel/helper-module-imports Completed in 0ms
1781 timing idealTree:node_modules/@babel/helper-validator-option Completed in 0ms
1782 timing idealTree:node_modules/@babel/helpers Completed in 0ms
1783 timing idealTree:node_modules/@babel/parser Completed in 0ms
1784 timing idealTree:node_modules/@babel/template Completed in 0ms
1785 silly placeDep ROOT @babel/helper-globals@7.28.0 OK for: @babel/traverse@7.29.0 want: ^7.28.0
1786 timing idealTree:node_modules/@babel/traverse Completed in 2ms
1787 timing idealTree:node_modules/@babel/helper-globals Completed in 0ms
1788 silly placeDep ROOT @babel/helper-string-parser@7.27.1 OK for: @babel/types@7.29.0 want: ^7.27.1
1789 timing idealTree:node_modules/@babel/types Completed in 1ms
1790 timing idealTree:node_modules/@babel/helper-string-parser Completed in 0ms
1791 silly placeDep ROOT @jest/schemas@29.6.3 OK for: @jest/types@29.6.3 want: ^29.6.3
1792 silly fetch manifest @sinclair/typebox@^0.27.8
1793 silly placeDep ROOT @types/istanbul-reports@3.0.4 OK for: @jest/types@29.6.3 want: ^3.0.0
1794 silly fetch manifest @types/istanbul-lib-report@*
1795 silly placeDep ROOT @types/yargs@17.0.35 OK for: @jest/types@29.6.3 want: ^17.0.8
1796 silly fetch manifest @types/yargs-parser@*
1797 http fetch GET 200 https://registry.npmjs.org/@types%2fyargs-parser 1315ms (cache miss)
1798 http fetch GET 200 https://registry.npmjs.org/@types%2fistanbul-lib-report 1320ms (cache miss)
1799 http fetch GET 200 https://registry.npmjs.org/@sinclair%2ftypebox 1470ms (cache miss)
1800 timing idealTree:node_modules/@jest/types Completed in 1477ms
1801 silly placeDep ROOT @sinclair/typebox@0.27.10 OK for: @jest/schemas@29.6.3 want: ^0.27.8
1802 timing idealTree:node_modules/@jest/schemas Completed in 1ms
1803 silly placeDep ROOT @jridgewell/sourcemap-codec@1.5.5 OK for: @jridgewell/gen-mapping@0.3.13 want: ^1.5.0
1804 timing idealTree:node_modules/@jridgewell/gen-mapping Completed in 2ms
1805 timing idealTree:node_modules/@jridgewell/remapping Completed in 0ms
1806 timing idealTree:node_modules/@jridgewell/sourcemap-codec Completed in 0ms
1807 silly placeDep ROOT @jridgewell/resolve-uri@3.1.2 OK for: @jridgewell/trace-mapping@0.3.31 want: ^3.1.0
1808 timing idealTree:node_modules/@jridgewell/trace-mapping Completed in 1ms
1809 timing idealTree:node_modules/@jridgewell/resolve-uri Completed in 0ms
1810 timing idealTree:node_modules/@sinclair/typebox Completed in 0ms
1811 timing idealTree:node_modules/@types/istanbul-lib-coverage Completed in 0ms
1812 silly placeDep ROOT @types/istanbul-lib-report@3.0.3 OK for: @types/istanbul-reports@3.0.4 want: *
1813 timing idealTree:node_modules/@types/istanbul-reports Completed in 1ms
1814 timing idealTree:node_modules/@types/istanbul-lib-report Completed in 0ms
1815 silly placeDep ROOT @types/yargs-parser@21.0.3 OK for: @types/yargs@17.0.35 want: *
1816 timing idealTree:node_modules/@types/yargs Completed in 1ms
1817 timing idealTree:node_modules/@types/yargs-parser Completed in 0ms
1818 silly placeDep ROOT @babel/helper-plugin-utils@7.28.6 OK for: babel-plugin-istanbul@6.1.1 want: ^7.0.0
1819 silly placeDep ROOT @istanbuljs/load-nyc-config@1.1.0 OK for: babel-plugin-istanbul@6.1.1 want: ^1.0.0
1820 silly fetch manifest camelcase@^5.3.1
1821 silly fetch manifest find-up@^4.1.0
1822 silly fetch manifest get-package-type@^0.1.0
1823 silly fetch manifest js-yaml@^3.13.1
1824 silly fetch manifest resolve-from@^5.0.0
1825 silly placeDep ROOT @istanbuljs/schema@0.1.3 OK for: babel-plugin-istanbul@6.1.1 want: ^0.1.2
1826 silly placeDep node_modules/babel-plugin-istanbul istanbul-lib-instrument@5.2.1 OK for: babel-plugin-istanbul@6.1.1 want: ^5.0.4
1827 silly fetch manifest semver@^6.3.0
1828 silly placeDep ROOT test-exclude@6.0.0 OK for: babel-plugin-istanbul@6.1.1 want: ^6.0.0
1829 silly fetch manifest glob@^7.1.4
1830 http fetch GET 200 https://registry.npmjs.org/get-package-type 314ms (cache miss)
1831 timing idealTree:node_modules/babel-plugin-istanbul Completed in 319ms
1832 timing idealTree:node_modules/@babel/helper-plugin-utils Completed in 0ms
1833 silly placeDep ROOT camelcase@5.3.1 OK for: @istanbuljs/load-nyc-config@1.1.0 want: ^5.3.1
1834 silly placeDep node_modules/@istanbuljs/load-nyc-config find-up@4.1.0 OK for: @istanbuljs/load-nyc-config@1.1.0 want: ^4.1.0
1835 silly fetch manifest locate-path@^5.0.0
1836 silly placeDep ROOT get-package-type@0.1.0 OK for: @istanbuljs/load-nyc-config@1.1.0 want: ^0.1.0
1837 silly placeDep node_modules/@istanbuljs/load-nyc-config js-yaml@3.14.2 OK for: @istanbuljs/load-nyc-config@1.1.0 want: ^3.13.1
1838 silly fetch manifest argparse@^1.0.7
1839 silly placeDep node_modules/@istanbuljs/load-nyc-config resolve-from@5.0.0 OK for: @istanbuljs/load-nyc-config@1.1.0 want: ^5.0.0
1840 timing idealTree:node_modules/@istanbuljs/load-nyc-config Completed in 8ms
1841 timing idealTree:node_modules/@istanbuljs/schema Completed in 0ms
1842 silly fetch manifest browserslist@>= 4.21.0
1843 silly placeDep ROOT baseline-browser-mapping@2.10.16 OK for: browserslist@4.28.2 want: ^2.10.12
1844 silly placeDep ROOT caniuse-lite@1.0.30001787 OK for: browserslist@4.28.2 want: ^1.0.30001782
1845 silly placeDep ROOT electron-to-chromium@1.5.334 OK for: browserslist@4.28.2 want: ^1.5.328
1846 silly placeDep ROOT node-releases@2.0.37 OK for: browserslist@4.28.2 want: ^2.0.36
1847 silly placeDep ROOT update-browserslist-db@1.2.3 OK for: browserslist@4.28.2 want: ^1.2.3
1848 silly fetch manifest escalade@^3.2.0
1849 http fetch GET 200 https://registry.npmjs.org/escalade 15ms (cache hit)
1850 timing idealTree:node_modules/browserslist Completed in 25ms
1851 timing idealTree:node_modules/baseline-browser-mapping Completed in 0ms
1852 timing idealTree:node_modules/camelcase Completed in 0ms
1853 timing idealTree:node_modules/caniuse-lite Completed in 0ms
1854 timing idealTree:node_modules/ci-info Completed in 0ms
1855 timing idealTree:node_modules/collect-v8-coverage Completed in 0ms
1856 timing idealTree:node_modules/convert-source-map Completed in 0ms
1857 timing idealTree:node_modules/electron-to-chromium Completed in 0ms
1858 timing idealTree:node_modules/exit Completed in 0ms
1859 timing idealTree:node_modules/fast-json-stable-stringify Completed in 0ms
1860 timing idealTree:node_modules/gensync Completed in 0ms
1861 timing idealTree:node_modules/get-package-type Completed in 0ms
1862 silly placeDep ROOT pkg-dir@4.2.0 OK for: import-local@3.2.0 want: ^4.2.0
1863 silly fetch manifest find-up@^4.0.0
1864 silly placeDep ROOT resolve-cwd@3.0.0 OK for: import-local@3.2.0 want: ^3.0.0
1865 timing idealTree:node_modules/import-local Completed in 3ms
1866 timing idealTree:node_modules/istanbul-lib-coverage Completed in 0ms
1867 timing idealTree:node_modules/istanbul-lib-instrument Completed in 0ms
1868 silly placeDep ROOT make-dir@4.0.0 OK for: istanbul-lib-report@3.0.1 want: ^4.0.0
1869 timing idealTree:node_modules/istanbul-lib-report Completed in 2ms
1870 silly placeDep node_modules/istanbul-lib-source-maps source-map@0.6.1 OK for: istanbul-lib-source-maps@4.0.1 want: ^0.6.1
1871 timing idealTree:node_modules/istanbul-lib-source-maps Completed in 1ms
1872 silly placeDep ROOT html-escaper@2.0.2 OK for: istanbul-reports@3.2.0 want: ^2.0.0
1873 timing idealTree:node_modules/istanbul-reports Completed in 1ms
1874 timing idealTree:node_modules/html-escaper Completed in 0ms
1875 silly placeDep ROOT execa@5.1.1 OK for: jest-changed-files@29.7.0 want: ^5.0.0
1876 silly fetch manifest onetime@^5.1.2
1877 silly fetch manifest is-stream@^2.0.0
1878 silly fetch manifest get-stream@^6.0.0
1879 silly fetch manifest signal-exit@^3.0.3
1880 silly fetch manifest npm-run-path@^4.0.1
1881 silly fetch manifest human-signals@^2.1.0
1882 silly fetch manifest strip-final-newline@^2.0.0
1883 silly placeDep ROOT p-limit@3.1.0 OK for: jest-changed-files@29.7.0 want: ^3.1.0
1884 silly fetch manifest yocto-queue@^0.1.0
1885 http fetch GET 200 https://registry.npmjs.org/yocto-queue 8ms (cache hit)
1886 http fetch GET 200 https://registry.npmjs.org/strip-final-newline 639ms (cache miss)
1887 http fetch GET 200 https://registry.npmjs.org/get-stream 641ms (cache miss)
1888 http fetch GET 200 https://registry.npmjs.org/is-stream 650ms (cache miss)
1889 http fetch GET 200 https://registry.npmjs.org/npm-run-path 675ms (cache miss)
1890 http fetch GET 200 https://registry.npmjs.org/human-signals 1074ms (cache miss)
1891 timing idealTree:node_modules/jest-changed-files Completed in 1079ms
1892 silly placeDep ROOT get-stream@6.0.1 OK for: execa@5.1.1 want: ^6.0.0
1893 silly placeDep ROOT human-signals@2.1.0 OK for: execa@5.1.1 want: ^2.1.0
1894 silly placeDep ROOT is-stream@2.0.1 OK for: execa@5.1.1 want: ^2.0.0
1895 silly placeDep ROOT merge-stream@2.0.0 OK for: execa@5.1.1 want: ^2.0.0
1896 silly placeDep ROOT npm-run-path@4.0.1 OK for: execa@5.1.1 want: ^4.0.1
1897 silly placeDep ROOT onetime@5.1.2 OK for: execa@5.1.1 want: ^5.1.2
1898 silly fetch manifest mimic-fn@^2.1.0
1899 silly placeDep node_modules/execa signal-exit@3.0.7 OK for: execa@5.1.1 want: ^3.0.3
1900 silly placeDep ROOT strip-final-newline@2.0.0 OK for: execa@5.1.1 want: ^2.0.0
1901 http fetch GET 200 https://registry.npmjs.org/mimic-fn 8ms (cache hit)
1902 timing idealTree:node_modules/execa Completed in 20ms
1903 timing idealTree:node_modules/get-stream Completed in 0ms
1904 timing idealTree:node_modules/human-signals Completed in 0ms
1905 timing idealTree:node_modules/is-stream Completed in 0ms
1906 silly placeDep ROOT create-jest@29.7.0 OK for: jest-cli@29.7.0 want: ^29.7.0
1907 silly fetch manifest prompts@^2.0.1
1908 silly placeDep ROOT yargs@17.7.2 OK for: jest-cli@29.7.0 want: ^17.3.1
1909 silly fetch manifest y18n@^5.0.5
1910 silly fetch manifest cliui@^8.0.1
1911 silly fetch manifest escalade@^3.1.1
1912 silly fetch manifest get-caller-file@^2.0.5
1913 silly fetch manifest require-directory@^2.1.1
1914 http fetch GET 200 https://registry.npmjs.org/prompts 299ms (cache miss)
1915 http fetch GET 200 https://registry.npmjs.org/get-caller-file 344ms (cache miss)
1916 http fetch GET 200 https://registry.npmjs.org/cliui 346ms (cache miss)
1917 http fetch GET 200 https://registry.npmjs.org/y18n 347ms (cache miss)
1918 http fetch GET 200 https://registry.npmjs.org/require-directory 444ms (cache miss)
1919 timing idealTree:node_modules/jest-cli Completed in 453ms
1920 silly placeDep ROOT prompts@2.4.2 OK for: create-jest@29.7.0 want: ^2.0.1
1921 silly fetch manifest kleur@^3.0.3
1922 silly fetch manifest sisteransi@^1.0.5
1923 http fetch GET 200 https://registry.npmjs.org/sisteransi 700ms (cache miss)
1924 http fetch GET 200 https://registry.npmjs.org/kleur 700ms (cache miss)
1925 timing idealTree:node_modules/create-jest Completed in 703ms
1926 silly placeDep ROOT @jest/test-sequencer@29.7.0 OK for: jest-config@29.7.0 want: ^29.7.0
1927 silly placeDep ROOT babel-jest@29.7.0 OK for: jest-config@29.7.0 want: ^29.7.0
1928 silly fetch manifest babel-preset-jest@^29.6.3
1929 silly fetch manifest @types/babel__core@^7.1.14
1930 silly placeDep node_modules/jest-config glob@7.2.3 OK for: jest-config@29.7.0 want: ^7.1.3
1931 silly placeDep ROOT jest-circus@29.7.0 OK for: jest-config@29.7.0 want: ^29.7.0
1932 silly fetch manifest co@^4.6.0
1933 silly fetch manifest dedent@^1.0.0
1934 silly fetch manifest jest-each@^29.7.0
1935 silly fetch manifest pure-rand@^6.0.0
1936 silly fetch manifest @jest/expect@^29.7.0
1937 silly fetch manifest is-generator-fn@^2.0.0
1938 silly placeDep ROOT jest-environment-node@29.7.0 OK for: jest-config@29.7.0 want: ^29.7.0
1939 http fetch GET 200 https://registry.npmjs.org/@types%2fbabel__core 19ms (cache hit)
1940 http fetch GET 200 https://registry.npmjs.org/babel-preset-jest 436ms (cache miss)
1941 http fetch GET 200 https://registry.npmjs.org/co 442ms (cache miss)
1942 http fetch GET 200 https://registry.npmjs.org/is-generator-fn 460ms (cache miss)
1943 http fetch GET 200 https://registry.npmjs.org/jest-each 461ms (cache miss)
1944 http fetch GET 200 https://registry.npmjs.org/dedent 465ms (cache miss)
1945 http fetch GET 200 https://registry.npmjs.org/@jest%2fexpect 689ms (cache miss)
1946 http fetch GET 200 https://registry.npmjs.org/pure-rand 836ms (cache miss)
1947 timing idealTree:node_modules/jest-config Completed in 850ms
1948 timing idealTree:node_modules/@jest/test-sequencer Completed in 0ms
1949 silly fetch manifest @babel/core@^7.8.0
1950 silly placeDep ROOT @types/babel__core@7.20.5 OK for: babel-jest@29.7.0 want: ^7.1.14
1951 silly fetch manifest @types/babel__template@*
1952 silly fetch manifest @types/babel__traverse@*
1953 silly fetch manifest @types/babel__generator@*
1954 silly placeDep ROOT babel-preset-jest@29.6.3 OK for: babel-jest@29.7.0 want: ^29.6.3
1955 silly fetch manifest babel-plugin-jest-hoist@^29.6.3
1956 http fetch GET 200 https://registry.npmjs.org/@types%2fbabel__template 8ms (cache hit)
1957 http fetch GET 200 https://registry.npmjs.org/@types%2fbabel__generator 8ms (cache hit)
1958 http fetch GET 200 https://registry.npmjs.org/@types%2fbabel__traverse 9ms (cache hit)
1959 http fetch GET 200 https://registry.npmjs.org/babel-plugin-jest-hoist 420ms (cache miss)
1960 timing idealTree:node_modules/babel-jest Completed in 430ms
1961 silly placeDep ROOT @types/babel__generator@7.27.0 OK for: @types/babel__core@7.20.5 want: *
1962 silly placeDep ROOT @types/babel__template@7.4.4 OK for: @types/babel__core@7.20.5 want: *
1963 silly placeDep ROOT @types/babel__traverse@7.28.0 OK for: @types/babel__core@7.20.5 want: *
1964 timing idealTree:node_modules/@types/babel__core Completed in 8ms
1965 timing idealTree:node_modules/@types/babel__generator Completed in 0ms
1966 timing idealTree:node_modules/@types/babel__template Completed in 0ms
1967 timing idealTree:node_modules/@types/babel__traverse Completed in 0ms
1968 silly placeDep ROOT babel-plugin-jest-hoist@29.6.3 OK for: babel-preset-jest@29.6.3 want: ^29.6.3
1969 silly placeDep ROOT babel-preset-current-node-syntax@1.2.0 OK for: babel-preset-jest@29.6.3 want: ^1.0.0
1970 silly fetch manifest @babel/plugin-syntax-async-generators@^7.8.4
1971 silly fetch manifest @babel/plugin-syntax-bigint@^7.8.3
1972 silly fetch manifest @babel/plugin-syntax-class-properties@^7.12.13
1973 silly fetch manifest @babel/plugin-syntax-class-static-block@^7.14.5
1974 silly fetch manifest @babel/plugin-syntax-import-attributes@^7.24.7
1975 silly fetch manifest @babel/plugin-syntax-import-meta@^7.10.4
1976 silly fetch manifest @babel/plugin-syntax-json-strings@^7.8.3
1977 silly fetch manifest @babel/plugin-syntax-logical-assignment-operators@^7.10.4
1978 silly fetch manifest @babel/plugin-syntax-nullish-coalescing-operator@^7.8.3
1979 silly fetch manifest @babel/plugin-syntax-numeric-separator@^7.10.4
1980 silly fetch manifest @babel/plugin-syntax-object-rest-spread@^7.8.3
1981 silly fetch manifest @babel/plugin-syntax-optional-catch-binding@^7.8.3
1982 silly fetch manifest @babel/plugin-syntax-optional-chaining@^7.8.3
1983 silly fetch manifest @babel/plugin-syntax-private-property-in-object@^7.14.5
1984 silly fetch manifest @babel/plugin-syntax-top-level-await@^7.14.5
1985 http fetch GET 200 https://registry.npmjs.org/@babel%2fplugin-syntax-async-generators 703ms (cache miss)
1986 http fetch GET 200 https://registry.npmjs.org/@babel%2fplugin-syntax-import-meta 983ms (cache miss)
1987 http fetch GET 200 https://registry.npmjs.org/@babel%2fplugin-syntax-json-strings 983ms (cache miss)
1988 http fetch GET 200 https://registry.npmjs.org/@babel%2fplugin-syntax-optional-chaining 982ms (cache miss)
1989 http fetch GET 200 https://registry.npmjs.org/@babel%2fplugin-syntax-private-property-in-object 982ms (cache miss)
1990 http fetch GET 200 https://registry.npmjs.org/@babel%2fplugin-syntax-logical-assignment-operators 984ms (cache miss)
1991 http fetch GET 200 https://registry.npmjs.org/@babel%2fplugin-syntax-class-properties 992ms (cache miss)
1992 http fetch GET 200 https://registry.npmjs.org/@babel%2fplugin-syntax-nullish-coalescing-operator 986ms (cache miss)
1993 http fetch GET 200 https://registry.npmjs.org/@babel%2fplugin-syntax-class-static-block 1016ms (cache miss)
1994 http fetch GET 200 https://registry.npmjs.org/@babel%2fplugin-syntax-top-level-await 1016ms (cache miss)
1995 http fetch GET 200 https://registry.npmjs.org/@babel%2fplugin-syntax-optional-catch-binding 1183ms (cache miss)
1996 http fetch GET 200 https://registry.npmjs.org/@babel%2fplugin-syntax-bigint 1212ms (cache miss)
1997 http fetch GET 200 https://registry.npmjs.org/@babel%2fplugin-syntax-numeric-separator 1407ms (cache miss)
1998 http fetch GET 200 https://registry.npmjs.org/@babel%2fplugin-syntax-import-attributes 1422ms (cache miss)
1999 http fetch GET 200 https://registry.npmjs.org/@babel%2fplugin-syntax-object-rest-spread 1506ms (cache miss)
2000 timing idealTree:node_modules/babel-preset-jest Completed in 1523ms
2001 timing idealTree:node_modules/babel-plugin-jest-hoist Completed in 0ms
2002 silly fetch manifest @babel/core@^7.0.0 || ^8.0.0-0
2003 silly placeDep ROOT @babel/plugin-syntax-async-generators@7.8.4 OK for: babel-preset-current-node-syntax@1.2.0 want: ^7.8.4
2004 silly placeDep ROOT @babel/plugin-syntax-bigint@7.8.3 OK for: babel-preset-current-node-syntax@1.2.0 want: ^7.8.3
2005 silly placeDep ROOT @babel/plugin-syntax-class-properties@7.12.13 OK for: babel-preset-current-node-syntax@1.2.0 want: ^7.12.13
2006 silly placeDep ROOT @babel/plugin-syntax-class-static-block@7.14.5 OK for: babel-preset-current-node-syntax@1.2.0 want: ^7.14.5
2007 silly placeDep ROOT @babel/plugin-syntax-import-attributes@7.28.6 OK for: babel-preset-current-node-syntax@1.2.0 want: ^7.24.7
2008 silly placeDep ROOT @babel/plugin-syntax-import-meta@7.10.4 OK for: babel-preset-current-node-syntax@1.2.0 want: ^7.10.4
2009 silly placeDep ROOT @babel/plugin-syntax-json-strings@7.8.3 OK for: babel-preset-current-node-syntax@1.2.0 want: ^7.8.3
2010 silly placeDep ROOT @babel/plugin-syntax-logical-assignment-operators@7.10.4 OK for: babel-preset-current-node-syntax@1.2.0 want: ^7.10.4
2011 silly placeDep ROOT @babel/plugin-syntax-nullish-coalescing-operator@7.8.3 OK for: babel-preset-current-node-syntax@1.2.0 want: ^7.8.3
2012 silly placeDep ROOT @babel/plugin-syntax-numeric-separator@7.10.4 OK for: babel-preset-current-node-syntax@1.2.0 want: ^7.10.4
2013 silly placeDep ROOT @babel/plugin-syntax-object-rest-spread@7.8.3 OK for: babel-preset-current-node-syntax@1.2.0 want: ^7.8.3
2014 silly placeDep ROOT @babel/plugin-syntax-optional-catch-binding@7.8.3 OK for: babel-preset-current-node-syntax@1.2.0 want: ^7.8.3
2015 silly placeDep ROOT @babel/plugin-syntax-optional-chaining@7.8.3 OK for: babel-preset-current-node-syntax@1.2.0 want: ^7.8.3
2016 silly placeDep ROOT @babel/plugin-syntax-private-property-in-object@7.14.5 OK for: babel-preset-current-node-syntax@1.2.0 want: ^7.14.5
2017 silly placeDep ROOT @babel/plugin-syntax-top-level-await@7.14.5 OK for: babel-preset-current-node-syntax@1.2.0 want: ^7.14.5
2018 timing idealTree:node_modules/babel-preset-current-node-syntax Completed in 37ms
2019 timing idealTree:node_modules/@babel/plugin-syntax-async-generators Completed in 0ms
2020 timing idealTree:node_modules/@babel/plugin-syntax-bigint Completed in 0ms
2021 timing idealTree:node_modules/@babel/plugin-syntax-class-properties Completed in 0ms
2022 timing idealTree:node_modules/@babel/plugin-syntax-class-static-block Completed in 0ms
2023 timing idealTree:node_modules/@babel/plugin-syntax-import-attributes Completed in 0ms
2024 timing idealTree:node_modules/@babel/plugin-syntax-import-meta Completed in 0ms
2025 timing idealTree:node_modules/@babel/plugin-syntax-json-strings Completed in 0ms
2026 timing idealTree:node_modules/@babel/plugin-syntax-logical-assignment-operators Completed in 0ms
2027 timing idealTree:node_modules/@babel/plugin-syntax-nullish-coalescing-operator Completed in 0ms
2028 timing idealTree:node_modules/@babel/plugin-syntax-numeric-separator Completed in 0ms
2029 timing idealTree:node_modules/@babel/plugin-syntax-object-rest-spread Completed in 0ms
2030 timing idealTree:node_modules/@babel/plugin-syntax-optional-catch-binding Completed in 0ms
2031 timing idealTree:node_modules/@babel/plugin-syntax-optional-chaining Completed in 0ms
2032 timing idealTree:node_modules/@babel/plugin-syntax-private-property-in-object Completed in 0ms
2033 timing idealTree:node_modules/@babel/plugin-syntax-top-level-await Completed in 0ms
2034 silly fetch manifest babel-plugin-macros@^3.1.0
2035 http fetch GET 200 https://registry.npmjs.org/babel-plugin-macros 653ms (cache miss)
2036 silly placeDep ROOT @jest/environment@29.7.0 OK for: jest-circus@29.7.0 want: ^29.7.0
2037 silly placeDep ROOT @jest/expect@29.7.0 OK for: jest-circus@29.7.0 want: ^29.7.0
2038 silly placeDep ROOT co@4.6.0 OK for: jest-circus@29.7.0 want: ^4.6.0
2039 silly placeDep ROOT dedent@1.7.2 OK for: jest-circus@29.7.0 want: ^1.0.0
2040 silly placeDep ROOT is-generator-fn@2.1.0 OK for: jest-circus@29.7.0 want: ^2.0.0
2041 silly placeDep ROOT jest-each@29.7.0 OK for: jest-circus@29.7.0 want: ^29.7.0
2042 silly placeDep ROOT pure-rand@6.1.0 OK for: jest-circus@29.7.0 want: ^6.0.0
2043 silly placeDep ROOT stack-utils@2.0.6 OK for: jest-circus@29.7.0 want: ^2.0.3
2044 silly fetch manifest escape-string-regexp@^2.0.0
2045 timing idealTree:node_modules/jest-circus Completed in 667ms
2046 silly placeDep ROOT @jest/fake-timers@29.7.0 OK for: @jest/environment@29.7.0 want: ^29.7.0
2047 silly fetch manifest @sinonjs/fake-timers@^10.0.2
2048 silly placeDep ROOT jest-mock@29.7.0 OK for: @jest/environment@29.7.0 want: ^29.7.0
2049 http fetch GET 200 https://registry.npmjs.org/@sinonjs%2ffake-timers 1131ms (cache miss)
2050 timing idealTree:node_modules/@jest/environment Completed in 1136ms
2051 timing idealTree:node_modules/@jest/expect Completed in 0ms
2052 silly placeDep ROOT @sinonjs/fake-timers@10.3.0 OK for: @jest/fake-timers@29.7.0 want: ^10.0.2
2053 silly fetch manifest @sinonjs/commons@^3.0.0
2054 http fetch GET 200 https://registry.npmjs.org/@sinonjs%2fcommons 688ms (cache miss)
2055 timing idealTree:node_modules/@jest/fake-timers Completed in 690ms
2056 silly placeDep ROOT @sinonjs/commons@3.0.1 OK for: @sinonjs/fake-timers@10.3.0 want: ^3.0.0
2057 silly fetch manifest type-detect@4.0.8
2058 http fetch GET 200 https://registry.npmjs.org/type-detect 294ms (cache miss)
2059 timing idealTree:node_modules/@sinonjs/fake-timers Completed in 297ms
2060 silly placeDep ROOT type-detect@4.0.8 OK for: @sinonjs/commons@3.0.1 want: 4.0.8
2061 timing idealTree:node_modules/@sinonjs/commons Completed in 1ms
2062 timing idealTree:node_modules/co Completed in 0ms
2063 timing idealTree:node_modules/dedent Completed in 0ms
2064 timing idealTree:node_modules/is-generator-fn Completed in 0ms
2065 timing idealTree:node_modules/jest-each Completed in 0ms
2066 timing idealTree:node_modules/jest-environment-node Completed in 0ms
2067 timing idealTree:node_modules/jest-get-type Completed in 0ms
2068 silly placeDep ROOT @types/graceful-fs@4.1.9 OK for: jest-haste-map@29.7.0 want: ^4.1.3
2069 silly placeDep ROOT fb-watchman@2.0.2 OK for: jest-haste-map@29.7.0 want: ^2.0.0
2070 silly fetch manifest bser@2.1.1
2071 silly placeDep ROOT walker@1.0.8 OK for: jest-haste-map@29.7.0 want: ^1.0.8
2072 silly fetch manifest makeerror@1.0.12
2073 http fetch GET 200 https://registry.npmjs.org/makeerror 327ms (cache miss)
2074 http fetch GET 200 https://registry.npmjs.org/bser 554ms (cache miss)
2075 timing idealTree:node_modules/jest-haste-map Completed in 556ms
2076 timing idealTree:node_modules/@types/graceful-fs Completed in 0ms
2077 silly placeDep ROOT bser@2.1.1 OK for: fb-watchman@2.0.2 want: 2.1.1
2078 silly fetch manifest node-int64@^0.4.0
2079 http fetch GET 200 https://registry.npmjs.org/node-int64 295ms (cache miss)
2080 timing idealTree:node_modules/fb-watchman Completed in 298ms
2081 silly placeDep ROOT node-int64@0.4.0 OK for: bser@2.1.1 want: ^0.4.0
2082 timing idealTree:node_modules/bser Completed in 1ms
2083 silly placeDep ROOT jest-diff@29.7.0 OK for: jest-matcher-utils@29.7.0 want: ^29.7.0
2084 silly fetch manifest diff-sequences@^29.6.3
2085 http fetch GET 200 https://registry.npmjs.org/diff-sequences 687ms (cache miss)
2086 timing idealTree:node_modules/jest-matcher-utils Completed in 690ms
2087 silly placeDep ROOT diff-sequences@29.6.3 OK for: jest-diff@29.7.0 want: ^29.6.3
2088 timing idealTree:node_modules/jest-diff Completed in 1ms
2089 timing idealTree:node_modules/diff-sequences Completed in 0ms
2090 silly placeDep ROOT @types/stack-utils@2.0.3 OK for: jest-message-util@29.7.0 want: ^2.0.0
2091 timing idealTree:node_modules/jest-message-util Completed in 2ms
2092 timing idealTree:node_modules/@types/stack-utils Completed in 0ms
2093 timing idealTree:node_modules/jest-mock Completed in 0ms
2094 timing idealTree:node_modules/jest-regex-util Completed in 0ms
2095 silly fetch manifest jest-resolve@*
2096 silly placeDep ROOT jest-pnp-resolver@1.2.3 OK for: jest-resolve@29.7.0 want: ^1.2.2
2097 silly placeDep ROOT resolve@1.22.11 OK for: jest-resolve@29.7.0 want: ^1.20.0
2098 silly fetch manifest path-parse@^1.0.7
2099 silly fetch manifest is-core-module@^2.16.1
2100 silly fetch manifest supports-preserve-symlinks-flag@^1.0.0
2101 silly placeDep ROOT resolve.exports@2.0.3 OK for: jest-resolve@29.7.0 want: ^2.0.0
2102 http fetch GET 200 https://registry.npmjs.org/is-core-module 309ms (cache miss)
2103 http fetch GET 200 https://registry.npmjs.org/supports-preserve-symlinks-flag 450ms (cache miss)
2104 http fetch GET 200 https://registry.npmjs.org/path-parse 757ms (cache miss)
2105 timing idealTree:node_modules/jest-resolve Completed in 761ms
2106 timing idealTree:node_modules/jest-pnp-resolver Completed in 0ms
2107 timing idealTree:node_modules/jest-resolve-dependencies Completed in 0ms
2108 silly placeDep ROOT emittery@0.13.1 OK for: jest-runner@29.7.0 want: ^0.13.1
2109 silly placeDep ROOT jest-docblock@29.7.0 OK for: jest-runner@29.7.0 want: ^29.7.0
2110 silly fetch manifest detect-newline@^3.0.0
2111 silly placeDep ROOT jest-leak-detector@29.7.0 OK for: jest-runner@29.7.0 want: ^29.7.0
2112 silly placeDep node_modules/jest-runner source-map-support@0.5.13 OK for: jest-runner@29.7.0 want: 0.5.13
2113 http fetch GET 200 https://registry.npmjs.org/detect-newline 303ms (cache miss)
2114 timing idealTree:node_modules/jest-runner Completed in 307ms
2115 timing idealTree:node_modules/emittery Completed in 0ms
2116 silly placeDep ROOT detect-newline@3.1.0 OK for: jest-docblock@29.7.0 want: ^3.0.0
2117 timing idealTree:node_modules/jest-docblock Completed in 1ms
2118 timing idealTree:node_modules/detect-newline Completed in 0ms
2119 timing idealTree:node_modules/jest-leak-detector Completed in 0ms
2120 silly placeDep ROOT @jest/globals@29.7.0 OK for: jest-runtime@29.7.0 want: ^29.7.0
2121 silly placeDep ROOT @jest/source-map@29.6.3 OK for: jest-runtime@29.7.0 want: ^29.6.3
2122 silly placeDep ROOT cjs-module-lexer@1.4.3 OK for: jest-runtime@29.7.0 want: ^1.0.0
2123 silly placeDep node_modules/jest-runtime glob@7.2.3 OK for: jest-runtime@29.7.0 want: ^7.1.3
2124 silly placeDep ROOT strip-bom@4.0.0 OK for: jest-runtime@29.7.0 want: ^4.0.0
2125 timing idealTree:node_modules/jest-runtime Completed in 8ms
2126 timing idealTree:node_modules/@jest/globals Completed in 0ms
2127 silly placeDep ROOT callsites@3.1.0 OK for: @jest/source-map@29.6.3 want: ^3.0.0
2128 timing idealTree:node_modules/@jest/source-map Completed in 2ms
2129 timing idealTree:node_modules/callsites Completed in 0ms
2130 timing idealTree:node_modules/cjs-module-lexer Completed in 0ms
2131 silly placeDep ROOT @babel/plugin-syntax-jsx@7.28.6 OK for: jest-snapshot@29.7.0 want: ^7.7.2
2132 silly placeDep ROOT @babel/plugin-syntax-typescript@7.28.6 OK for: jest-snapshot@29.7.0 want: ^7.7.2
2133 timing idealTree:node_modules/jest-snapshot Completed in 5ms
2134 timing idealTree:node_modules/@babel/plugin-syntax-jsx Completed in 0ms
2135 timing idealTree:node_modules/@babel/plugin-syntax-typescript Completed in 0ms
2136 silly placeDep node_modules/jest-util picomatch@2.3.2 OK for: jest-util@29.7.0 want: ^2.2.3
2137 timing idealTree:node_modules/jest-util Completed in 1ms
2138 silly placeDep node_modules/jest-validate camelcase@6.3.0 OK for: jest-validate@29.7.0 want: ^6.2.0
2139 silly placeDep ROOT leven@3.1.0 OK for: jest-validate@29.7.0 want: ^3.1.0
2140 timing idealTree:node_modules/jest-validate Completed in 3ms
2141 timing idealTree:node_modules/jest-watcher Completed in 0ms
2142 silly placeDep node_modules/jest-worker supports-color@8.1.1 OK for: jest-worker@29.7.0 want: ^8.0.0
2143 timing idealTree:node_modules/jest-worker Completed in 1ms
2144 timing idealTree:node_modules/js-tokens Completed in 0ms
2145 silly placeDep ROOT argparse@2.0.1 OK for: js-yaml@4.1.1 want: ^2.0.1
2146 timing idealTree:node_modules/js-yaml Completed in 1ms
2147 timing idealTree:node_modules/argparse Completed in 0ms
2148 timing idealTree:node_modules/jsesc Completed in 0ms
2149 timing idealTree:node_modules/json-schema-traverse Completed in 0ms
2150 timing idealTree:node_modules/json-stable-stringify-without-jsonify Completed in 0ms
2151 timing idealTree:node_modules/json5 Completed in 0ms
2152 timing idealTree:node_modules/jsonc-parser Completed in 0ms
2153 timing idealTree:node_modules/jsonfile Completed in 0ms
2154 silly placeDep ROOT json-buffer@3.0.1 OK for: keyv@4.5.4 want: 3.0.1
2155 timing idealTree:node_modules/keyv Completed in 2ms
2156 timing idealTree:node_modules/json-buffer Completed in 0ms
2157 timing idealTree:node_modules/leven Completed in 0ms
2158 silly placeDep ROOT prelude-ls@1.2.1 OK for: levn@0.4.1 want: ^1.2.1
2159 silly placeDep ROOT type-check@0.4.0 OK for: levn@0.4.1 want: ~0.4.0
2160 timing idealTree:node_modules/levn Completed in 2ms
2161 silly placeDep ROOT p-locate@5.0.0 OK for: locate-path@6.0.0 want: ^5.0.0
2162 timing idealTree:node_modules/locate-path Completed in 2ms
2163 timing idealTree:node_modules/lodash Completed in 0ms
2164 timing idealTree:node_modules/lodash.merge Completed in 0ms
2165 silly placeDep ROOT yallist@3.1.1 OK for: lru-cache@5.1.1 want: ^3.0.2
2166 timing idealTree:node_modules/lru-cache Completed in 1ms
2167 timing idealTree:node_modules/magic-string Completed in 0ms
2168 timing idealTree:node_modules/make-dir Completed in 0ms
2169 timing idealTree:node_modules/math-intrinsics Completed in 0ms
2170 silly placeDep ROOT fs-monkey@1.1.0 OK for: memfs@3.5.3 want: ^1.0.4
2171 timing idealTree:node_modules/memfs Completed in 1ms
2172 timing idealTree:node_modules/fs-monkey Completed in 0ms
2173 timing idealTree:node_modules/merge-descriptors Completed in 0ms
2174 timing idealTree:node_modules/merge-stream Completed in 0ms
2175 timing idealTree:node_modules/methods Completed in 0ms
2176 silly placeDep node_modules/micromatch picomatch@2.3.2 OK for: micromatch@4.0.8 want: ^2.3.1
2177 timing idealTree:node_modules/micromatch Completed in 1ms
2178 silly placeDep ROOT mime-db@1.52.0 OK for: mime-types@2.1.35 want: 1.52.0
2179 timing idealTree:node_modules/mime-types Completed in 1ms
2180 timing idealTree:node_modules/mime-db Completed in 0ms
2181 silly placeDep ROOT brace-expansion@5.0.5 OK for: minimatch@10.2.5 want: ^5.0.5
2182 silly fetch manifest balanced-match@^4.0.2
2183 http fetch GET 200 https://registry.npmjs.org/balanced-match 6ms (cache hit)
2184 timing idealTree:node_modules/minimatch Completed in 9ms
2185 silly placeDep ROOT balanced-match@4.0.4 OK for: brace-expansion@5.0.5 want: ^4.0.2
2186 timing idealTree:node_modules/brace-expansion Completed in 1ms
2187 timing idealTree:node_modules/balanced-match Completed in 0ms
2188 timing idealTree:node_modules/minipass Completed in 0ms
2189 timing idealTree:node_modules/ms Completed in 0ms
2190 silly placeDep ROOT append-field@1.0.0 OK for: multer@2.0.2 want: ^1.0.0
2191 silly placeDep ROOT busboy@1.6.0 OK for: multer@2.0.2 want: ^1.6.0
2192 silly fetch manifest streamsearch@^1.1.0
2193 silly placeDep ROOT concat-stream@2.0.0 OK for: multer@2.0.2 want: ^2.0.0
2194 silly fetch manifest readable-stream@^3.0.2
2195 silly fetch manifest typedarray@^0.0.6
2196 silly placeDep ROOT mkdirp@0.5.6 OK for: multer@2.0.2 want: ^0.5.6
2197 silly placeDep ROOT xtend@4.0.2 OK for: multer@2.0.2 want: ^4.0.2
2198 http fetch GET 200 https://registry.npmjs.org/readable-stream 7ms (cache hit)
2199 http fetch GET 200 https://registry.npmjs.org/typedarray 619ms (cache miss)
2200 http fetch GET 200 https://registry.npmjs.org/streamsearch 621ms (cache miss)
2201 timing idealTree:node_modules/multer Completed in 624ms
2202 timing idealTree:node_modules/append-field Completed in 0ms
2203 silly placeDep ROOT streamsearch@1.1.0 OK for: busboy@1.6.0 want: ^1.1.0
2204 timing idealTree:node_modules/busboy Completed in 1ms
2205 silly placeDep ROOT buffer-from@1.1.2 OK for: concat-stream@2.0.0 want: ^1.0.0
2206 silly placeDep ROOT readable-stream@3.6.2 OK for: concat-stream@2.0.0 want: ^3.0.2
2207 silly fetch manifest string_decoder@^1.1.1
2208 silly fetch manifest util-deprecate@^1.0.1
2209 silly placeDep ROOT typedarray@0.0.6 OK for: concat-stream@2.0.0 want: ^0.0.6
2210 http fetch GET 200 https://registry.npmjs.org/util-deprecate 5ms (cache hit)
2211 http fetch GET 200 https://registry.npmjs.org/string_decoder 5ms (cache hit)
2212 timing idealTree:node_modules/concat-stream Completed in 9ms
2213 timing idealTree:node_modules/buffer-from Completed in 0ms
2214 silly placeDep ROOT minimist@1.2.8 OK for: mkdirp@0.5.6 want: ^1.2.6
2215 timing idealTree:node_modules/mkdirp Completed in 1ms
2216 timing idealTree:node_modules/minimist Completed in 0ms
2217 timing idealTree:node_modules/mute-stream Completed in 0ms
2218 timing idealTree:node_modules/natural-compare Completed in 0ms
2219 timing idealTree:node_modules/negotiator Completed in 0ms
2220 timing idealTree:node_modules/node-abort-controller Completed in 0ms
2221 timing idealTree:node_modules/node-emoji Completed in 0ms
2222 silly placeDep ROOT whatwg-url@5.0.0 OK for: node-fetch@2.7.0 want: ^5.0.0
2223 silly fetch manifest tr46@~0.0.3
2224 silly fetch manifest webidl-conversions@^3.0.0
2225 http fetch GET 200 https://registry.npmjs.org/webidl-conversions 294ms (cache miss)
2226 http fetch GET 200 https://registry.npmjs.org/tr46 557ms (cache miss)
2227 timing idealTree:node_modules/node-fetch Completed in 558ms
2228 timing idealTree:node_modules/node-int64 Completed in 0ms
2229 timing idealTree:node_modules/node-releases Completed in 0ms
2230 timing idealTree:node_modules/normalize-path Completed in 0ms
2231 timing idealTree:node_modules/npm-run-path Completed in 0ms
2232 timing idealTree:node_modules/object-assign Completed in 0ms
2233 silly placeDep ROOT ee-first@1.1.1 OK for: on-finished@2.4.1 want: 1.1.1
2234 timing idealTree:node_modules/on-finished Completed in 1ms
2235 timing idealTree:node_modules/ee-first Completed in 0ms
2236 silly placeDep ROOT mimic-fn@2.1.0 OK for: onetime@5.1.2 want: ^2.1.0
2237 timing idealTree:node_modules/onetime Completed in 1ms
2238 timing idealTree:node_modules/mimic-fn Completed in 0ms
2239 silly placeDep ROOT deep-is@0.1.4 OK for: optionator@0.9.4 want: ^0.1.3
2240 silly placeDep ROOT fast-levenshtein@2.0.6 OK for: optionator@0.9.4 want: ^2.0.6
2241 silly placeDep ROOT word-wrap@1.2.5 OK for: optionator@0.9.4 want: ^1.2.5
2242 timing idealTree:node_modules/optionator Completed in 5ms
2243 timing idealTree:node_modules/deep-is Completed in 1ms
2244 timing idealTree:node_modules/fast-levenshtein Completed in 0ms
2245 silly placeDep ROOT bl@4.1.0 OK for: ora@5.4.1 want: ^4.1.0
2246 silly fetch manifest buffer@^5.5.0
2247 silly placeDep ROOT cli-spinners@2.9.2 OK for: ora@5.4.1 want: ^2.5.0
2248 silly placeDep ROOT is-interactive@1.0.0 OK for: ora@5.4.1 want: ^1.0.0
2249 silly placeDep ROOT is-unicode-supported@0.1.0 OK for: ora@5.4.1 want: ^0.1.0
2250 silly placeDep ROOT log-symbols@4.1.0 OK for: ora@5.4.1 want: ^4.1.0
2251 silly placeDep ROOT wcwidth@1.0.1 OK for: ora@5.4.1 want: ^1.0.1
2252 silly fetch manifest defaults@^1.0.3
2253 http fetch GET 200 https://registry.npmjs.org/defaults 4ms (cache hit)
2254 http fetch GET 200 https://registry.npmjs.org/buffer 11ms (cache hit)
2255 timing idealTree:node_modules/ora Completed in 16ms
2256 silly placeDep ROOT buffer@5.7.1 OK for: bl@4.1.0 want: ^5.5.0
2257 silly fetch manifest base64-js@^1.3.1
2258 silly fetch manifest ieee754@^1.1.13
2259 http fetch GET 200 https://registry.npmjs.org/base64-js 3ms (cache hit)
2260 timing idealTree:node_modules/bl Completed in 6ms
2261 silly placeDep ROOT base64-js@1.5.1 OK for: buffer@5.7.1 want: ^1.3.1
2262 silly placeDep ROOT ieee754@1.2.1 OK for: buffer@5.7.1 want: ^1.1.13
2263 timing idealTree:node_modules/buffer Completed in 3ms
2264 timing idealTree:node_modules/base64-js Completed in 0ms
2265 timing idealTree:node_modules/cli-spinners Completed in 0ms
2266 timing idealTree:node_modules/ieee754 Completed in 0ms
2267 timing idealTree:node_modules/is-interactive Completed in 0ms
2268 timing idealTree:node_modules/is-unicode-supported Completed in 0ms
2269 timing idealTree:node_modules/log-symbols Completed in 0ms
2270 silly placeDep ROOT yocto-queue@0.1.0 OK for: p-limit@3.1.0 want: ^0.1.0
2271 timing idealTree:node_modules/p-limit Completed in 1ms
2272 timing idealTree:node_modules/p-locate Completed in 0ms
2273 timing idealTree:node_modules/package-json-from-dist Completed in 0ms
2274 timing idealTree:node_modules/parent-module Completed in 0ms
2275 silly placeDep ROOT error-ex@1.3.4 OK for: parse-json@5.2.0 want: ^1.3.1
2276 silly fetch manifest is-arrayish@^0.2.1
2277 silly placeDep ROOT json-parse-even-better-errors@2.3.1 OK for: parse-json@5.2.0 want: ^2.3.0
2278 silly placeDep ROOT lines-and-columns@1.2.4 OK for: parse-json@5.2.0 want: ^1.1.6
2279 http fetch GET 200 https://registry.npmjs.org/is-arrayish 7ms (cache hit)
2280 timing idealTree:node_modules/parse-json Completed in 9ms
2281 silly placeDep ROOT is-arrayish@0.2.1 OK for: error-ex@1.3.4 want: ^0.2.1
2282 timing idealTree:node_modules/error-ex Completed in 2ms
2283 timing idealTree:node_modules/is-arrayish Completed in 0ms
2284 timing idealTree:node_modules/json-parse-even-better-errors Completed in 0ms
2285 timing idealTree:node_modules/lines-and-columns Completed in 0ms
2286 timing idealTree:node_modules/parseurl Completed in 0ms
2287 timing idealTree:node_modules/path-exists Completed in 0ms
2288 timing idealTree:node_modules/path-key Completed in 0ms
2289 silly placeDep node_modules/path-scurry lru-cache@10.4.3 OK for: path-scurry@1.11.1 want: ^10.2.0
2290 timing idealTree:node_modules/path-scurry Completed in 2ms
2291 timing idealTree:node_modules/path-to-regexp Completed in 0ms
2292 timing idealTree:node_modules/path-type Completed in 0ms
2293 timing idealTree:node_modules/picocolors Completed in 0ms
2294 timing idealTree:node_modules/picomatch Completed in 0ms
2295 timing idealTree:node_modules/pirates Completed in 0ms
2296 silly placeDep node_modules/pkg-dir find-up@4.1.0 OK for: pkg-dir@4.2.0 want: ^4.0.0
2297 timing idealTree:node_modules/pkg-dir Completed in 2ms
2298 timing idealTree:node_modules/pluralize Completed in 0ms
2299 timing idealTree:node_modules/prelude-ls Completed in 0ms
2300 timing idealTree:node_modules/prettier Completed in 0ms
2301 silly placeDep ROOT fast-diff@1.3.0 OK for: prettier-linter-helpers@1.0.1 want: ^1.1.2
2302 timing idealTree:node_modules/prettier-linter-helpers Completed in 2ms
2303 timing idealTree:node_modules/fast-diff Completed in 0ms
2304 silly placeDep node_modules/pretty-format ansi-styles@5.2.0 OK for: pretty-format@29.7.0 want: ^5.0.0
2305 silly placeDep ROOT react-is@18.3.1 OK for: pretty-format@29.7.0 want: ^18.0.0
2306 timing idealTree:node_modules/pretty-format Completed in 3ms
2307 silly placeDep ROOT kleur@3.0.3 OK for: prompts@2.4.2 want: ^3.0.3
2308 silly placeDep ROOT sisteransi@1.0.5 OK for: prompts@2.4.2 want: ^1.0.5
2309 timing idealTree:node_modules/prompts Completed in 3ms
2310 timing idealTree:node_modules/kleur Completed in 0ms
2311 silly placeDep ROOT forwarded@0.2.0 OK for: proxy-addr@2.0.7 want: 0.2.0
2312 silly placeDep ROOT ipaddr.js@1.9.1 OK for: proxy-addr@2.0.7 want: 1.9.1
2313 timing idealTree:node_modules/proxy-addr Completed in 2ms
2314 timing idealTree:node_modules/forwarded Completed in 0ms
2315 timing idealTree:node_modules/ipaddr.js Completed in 0ms
2316 timing idealTree:node_modules/pure-rand Completed in 0ms
2317 silly placeDep ROOT side-channel@1.1.0 OK for: qs@6.14.2 want: ^1.1.0
2318 silly fetch manifest object-inspect@^1.13.3
2319 silly fetch manifest side-channel-list@^1.0.0
2320 silly fetch manifest side-channel-map@^1.0.1
2321 silly fetch manifest side-channel-weakmap@^1.0.2
2322 http fetch GET 200 https://registry.npmjs.org/side-channel-map 322ms (cache miss)
2323 http fetch GET 200 https://registry.npmjs.org/side-channel-weakmap 323ms (cache miss)
2324 http fetch GET 200 https://registry.npmjs.org/object-inspect 385ms (cache miss)
2325 http fetch GET 200 https://registry.npmjs.org/side-channel-list 775ms (cache miss)
2326 timing idealTree:node_modules/qs Completed in 782ms
2327 timing idealTree:node_modules/range-parser Completed in 0ms
2328 timing idealTree:node_modules/raw-body Completed in 0ms
2329 timing idealTree:node_modules/react-is Completed in 0ms
2330 silly placeDep ROOT string_decoder@1.3.0 OK for: readable-stream@3.6.2 want: ^1.1.1
2331 silly placeDep ROOT util-deprecate@1.0.2 OK for: readable-stream@3.6.2 want: ^1.0.1
2332 timing idealTree:node_modules/readable-stream Completed in 2ms
2333 silly placeDep node_modules/readdirp picomatch@2.3.2 OK for: readdirp@3.6.0 want: ^2.2.1
2334 timing idealTree:node_modules/readdirp Completed in 1ms
2335 timing idealTree:node_modules/reflect-metadata Completed in 0ms
2336 timing idealTree:node_modules/repeat-string Completed in 0ms
2337 timing idealTree:node_modules/require-from-string Completed in 0ms
2338 silly placeDep ROOT is-core-module@2.16.1 OK for: resolve@1.22.11 want: ^2.16.1
2339 silly placeDep ROOT path-parse@1.0.7 OK for: resolve@1.22.11 want: ^1.0.7
2340 silly placeDep ROOT supports-preserve-symlinks-flag@1.0.0 OK for: resolve@1.22.11 want: ^1.0.0
2341 timing idealTree:node_modules/resolve Completed in 4ms
2342 timing idealTree:node_modules/is-core-module Completed in 0ms
2343 timing idealTree:node_modules/path-parse Completed in 0ms
2344 silly placeDep node_modules/resolve-cwd resolve-from@5.0.0 OK for: resolve-cwd@3.0.0 want: ^5.0.0
2345 timing idealTree:node_modules/resolve-cwd Completed in 1ms
2346 timing idealTree:node_modules/resolve-from Completed in 0ms
2347 timing idealTree:node_modules/resolve.exports Completed in 0ms
2348 silly placeDep node_modules/restore-cursor signal-exit@3.0.7 OK for: restore-cursor@3.1.0 want: ^3.0.2
2349 timing idealTree:node_modules/restore-cursor Completed in 2ms
2350 timing idealTree:node_modules/reusify Completed in 0ms
2351 silly placeDep node_modules/rimraf glob@7.2.3 OK for: rimraf@3.0.2 want: ^7.1.3
2352 timing idealTree:node_modules/rimraf Completed in 2ms
2353 timing idealTree:node_modules/run-async Completed in 0ms
2354 silly placeDep ROOT queue-microtask@1.2.3 OK for: run-parallel@1.2.0 want: ^1.2.2
2355 timing idealTree:node_modules/run-parallel Completed in 2ms
2356 timing idealTree:node_modules/queue-microtask Completed in 0ms
2357 timing idealTree:node_modules/rxjs Completed in 0ms
2358 timing idealTree:node_modules/safe-buffer Completed in 0ms
2359 timing idealTree:node_modules/safer-buffer Completed in 0ms
2360 silly placeDep ROOT @types/json-schema@7.0.15 OK for: schema-utils@3.3.0 want: ^7.0.8
2361 silly placeDep node_modules/schema-utils ajv@6.14.0 OK for: schema-utils@3.3.0 want: ^6.12.5
2362 silly placeDep node_modules/schema-utils ajv-keywords@3.5.2 OK for: schema-utils@3.3.0 want: ^3.5.2
2363 timing idealTree:node_modules/schema-utils Completed in 6ms
2364 timing idealTree:node_modules/@types/json-schema Completed in 0ms
2365 timing idealTree:node_modules/semver Completed in 0ms
2366 silly placeDep node_modules/send debug@2.6.9 OK for: send@0.19.2 want: 2.6.9
2367 silly placeDep ROOT mime@1.6.0 OK for: send@0.19.2 want: 1.6.0
2368 timing idealTree:node_modules/send Completed in 4ms
2369 timing idealTree:node_modules/mime Completed in 0ms
2370 timing idealTree:node_modules/serve-static Completed in 0ms
2371 timing idealTree:node_modules/setprototypeof Completed in 0ms
2372 silly placeDep ROOT shebang-regex@3.0.0 OK for: shebang-command@2.0.0 want: ^3.0.0
2373 timing idealTree:node_modules/shebang-command Completed in 2ms
2374 timing idealTree:node_modules/shebang-regex Completed in 0ms
2375 silly placeDep ROOT object-inspect@1.13.4 OK for: side-channel@1.1.0 want: ^1.13.3
2376 silly placeDep ROOT side-channel-list@1.0.0 OK for: side-channel@1.1.0 want: ^1.0.0
2377 silly placeDep ROOT side-channel-map@1.0.1 OK for: side-channel@1.1.0 want: ^1.0.1
2378 silly fetch manifest call-bound@^1.0.2
2379 silly placeDep ROOT side-channel-weakmap@1.0.2 OK for: side-channel@1.1.0 want: ^1.0.2
2380 http fetch GET 200 https://registry.npmjs.org/call-bound 1115ms (cache miss)
2381 timing idealTree:node_modules/side-channel Completed in 1120ms
2382 timing idealTree:node_modules/object-inspect Completed in 0ms
2383 timing idealTree:node_modules/side-channel-list Completed in 0ms
2384 silly placeDep ROOT call-bound@1.0.4 OK for: side-channel-map@1.0.1 want: ^1.0.2
2385 timing idealTree:node_modules/side-channel-map Completed in 2ms
2386 timing idealTree:node_modules/call-bound Completed in 0ms
2387 timing idealTree:node_modules/side-channel-weakmap Completed in 0ms
2388 timing idealTree:node_modules/signal-exit Completed in 0ms
2389 timing idealTree:node_modules/sisteransi Completed in 0ms
2390 timing idealTree:node_modules/slash Completed in 0ms
2391 timing idealTree:node_modules/source-map Completed in 0ms
2392 silly placeDep node_modules/source-map-support source-map@0.6.1 OK for: source-map-support@0.5.21 want: ^0.6.0
2393 timing idealTree:node_modules/source-map-support Completed in 1ms
2394 silly placeDep node_modules/stack-utils escape-string-regexp@2.0.0 OK for: stack-utils@2.0.6 want: ^2.0.0
2395 timing idealTree:node_modules/stack-utils Completed in 2ms
2396 timing idealTree:node_modules/statuses Completed in 0ms
2397 timing idealTree:node_modules/streamsearch Completed in 0ms
2398 timing idealTree:node_modules/string_decoder Completed in 1ms
2399 silly placeDep ROOT char-regex@1.0.2 OK for: string-length@4.0.2 want: ^1.0.2
2400 timing idealTree:node_modules/string-length Completed in 2ms
2401 timing idealTree:node_modules/char-regex Completed in 0ms
2402 silly placeDep ROOT emoji-regex@8.0.0 OK for: string-width@4.2.3 want: ^8.0.0
2403 silly placeDep ROOT is-fullwidth-code-point@3.0.0 OK for: string-width@4.2.3 want: ^3.0.0
2404 timing idealTree:node_modules/string-width Completed in 5ms
2405 timing idealTree:node_modules/emoji-regex Completed in 0ms
2406 timing idealTree:node_modules/is-fullwidth-code-point Completed in 0ms
2407 timing idealTree:node_modules/string-width-cjs Completed in 0ms
2408 silly placeDep ROOT ansi-regex@5.0.1 OK for: strip-ansi@6.0.1 want: ^5.0.1
2409 timing idealTree:node_modules/strip-ansi Completed in 2ms
2410 timing idealTree:node_modules/ansi-regex Completed in 0ms
2411 timing idealTree:node_modules/strip-ansi-cjs Completed in 0ms
2412 timing idealTree:node_modules/strip-bom Completed in 0ms
2413 timing idealTree:node_modules/strip-final-newline Completed in 0ms
2414 timing idealTree:node_modules/strip-json-comments Completed in 0ms
2415 silly placeDep ROOT @tokenizer/token@0.3.0 OK for: strtok3@10.3.5 want: ^0.3.0
2416 timing idealTree:node_modules/strtok3 Completed in 2ms
2417 timing idealTree:node_modules/@tokenizer/token Completed in 0ms
2418 silly placeDep node_modules/supertest cookie-signature@1.2.2 OK for: supertest@7.2.2 want: ^1.2.2
2419 silly placeDep ROOT superagent@10.3.0 OK for: supertest@7.2.2 want: ^10.3.0
2420 silly fetch manifest component-emitter@^1.3.1
2421 silly fetch manifest cookiejar@^2.1.4
2422 silly fetch manifest formidable@^3.5.4
2423 silly fetch manifest mime@2.6.0
2424 http fetch GET 200 https://registry.npmjs.org/component-emitter 323ms (cache miss)
2425 http fetch GET 200 https://registry.npmjs.org/cookiejar 354ms (cache miss)
2426 http fetch GET 200 https://registry.npmjs.org/formidable 381ms (cache miss)
2427 timing idealTree:node_modules/supertest Completed in 388ms
2428 silly placeDep ROOT component-emitter@1.3.1 OK for: superagent@10.3.0 want: ^1.3.1
2429 silly placeDep ROOT cookiejar@2.1.4 OK for: superagent@10.3.0 want: ^2.1.4
2430 silly placeDep ROOT formidable@3.5.4 OK for: superagent@10.3.0 want: ^3.5.4
2431 silly fetch manifest once@^1.4.0
2432 silly fetch manifest dezalgo@^1.0.4
2433 silly fetch manifest @paralleldrive/cuid2@^2.2.2
2434 silly placeDep node_modules/superagent mime@2.6.0 OK for: superagent@10.3.0 want: 2.6.0
2435 http fetch GET 200 https://registry.npmjs.org/@paralleldrive%2fcuid2 720ms (cache miss)
2436 http fetch GET 200 https://registry.npmjs.org/dezalgo 721ms (cache miss)
2437 timing idealTree:node_modules/superagent Completed in 728ms
2438 timing idealTree:node_modules/component-emitter Completed in 0ms
2439 timing idealTree:node_modules/cookiejar Completed in 0ms
2440 silly placeDep ROOT @paralleldrive/cuid2@2.3.1 OK for: formidable@3.5.4 want: ^2.2.2
2441 silly fetch manifest @noble/hashes@^1.1.5
2442 silly placeDep ROOT dezalgo@1.0.4 OK for: formidable@3.5.4 want: ^1.0.4
2443 silly fetch manifest asap@^2.0.0
2444 silly fetch manifest wrappy@1
2445 silly placeDep ROOT once@1.4.0 OK for: formidable@3.5.4 want: ^1.4.0
2446 http fetch GET 200 https://registry.npmjs.org/wrappy 311ms (cache miss)
2447 http fetch GET 200 https://registry.npmjs.org/asap 317ms (cache miss)
2448 http fetch GET 200 https://registry.npmjs.org/@noble%2fhashes 1134ms (cache miss)
2449 timing idealTree:node_modules/formidable Completed in 1137ms
2450 silly placeDep ROOT @noble/hashes@1.8.0 OK for: @paralleldrive/cuid2@2.3.1 want: ^1.1.5
2451 timing idealTree:node_modules/@paralleldrive/cuid2 Completed in 3ms
2452 timing idealTree:node_modules/@noble/hashes Completed in 0ms
2453 silly placeDep ROOT asap@2.0.6 OK for: dezalgo@1.0.4 want: ^2.0.0
2454 silly placeDep ROOT wrappy@1.0.2 OK for: dezalgo@1.0.4 want: 1
2455 timing idealTree:node_modules/dezalgo Completed in 5ms
2456 timing idealTree:node_modules/asap Completed in 0ms
2457 timing idealTree:node_modules/once Completed in 0ms
2458 silly placeDep ROOT has-flag@4.0.0 OK for: supports-color@7.2.0 want: ^4.0.0
2459 timing idealTree:node_modules/supports-color Completed in 1ms
2460 timing idealTree:node_modules/has-flag Completed in 0ms
2461 timing idealTree:node_modules/supports-preserve-symlinks-flag Completed in 1ms
2462 timing idealTree:node_modules/symbol-observable Completed in 0ms
2463 silly placeDep ROOT @pkgr/core@0.2.9 OK for: synckit@0.11.12 want: ^0.2.9
2464 timing idealTree:node_modules/synckit Completed in 1ms
2465 timing idealTree:node_modules/@pkgr/core Completed in 0ms
2466 timing idealTree:node_modules/tapable Completed in 0ms
2467 silly placeDep node_modules/test-exclude glob@7.2.3 OK for: test-exclude@6.0.0 want: ^7.1.4
2468 silly placeDep node_modules/test-exclude minimatch@3.1.5 OK for: test-exclude@6.0.0 want: ^3.0.4
2469 timing idealTree:node_modules/test-exclude Completed in 3ms
2470 timing idealTree:node_modules/text-table Completed in 0ms
2471 timing idealTree:node_modules/through Completed in 0ms
2472 silly placeDep ROOT fdir@6.5.0 OK for: tinyglobby@0.2.16 want: ^6.5.0
2473 silly placeDep node_modules/tinyglobby picomatch@4.0.4 OK for: tinyglobby@0.2.16 want: ^4.0.4
2474 timing idealTree:node_modules/tinyglobby Completed in 4ms
2475 timing idealTree:node_modules/fdir Completed in 0ms
2476 silly placeDep ROOT os-tmpdir@1.0.2 OK for: tmp@0.0.33 want: ~1.0.2
2477 timing idealTree:node_modules/tmp Completed in 2ms
2478 timing idealTree:node_modules/os-tmpdir Completed in 0ms
2479 silly placeDep ROOT is-number@7.0.0 OK for: to-regex-range@5.0.1 want: ^7.0.0
2480 timing idealTree:node_modules/to-regex-range Completed in 3ms
2481 timing idealTree:node_modules/is-number Completed in 0ms
2482 timing idealTree:node_modules/toidentifier Completed in 0ms
2483 silly placeDep ROOT @borewit/text-codec@0.2.2 OK for: token-types@6.1.2 want: ^0.2.1
2484 timing idealTree:node_modules/token-types Completed in 1ms
2485 timing idealTree:node_modules/@borewit/text-codec Completed in 0ms
2486 timing idealTree:node_modules/tree-kill Completed in 0ms
2487 timing idealTree:node_modules/ts-api-utils Completed in 0ms
2488 silly placeDep ROOT bs-logger@0.2.6 OK for: ts-jest@29.4.9 want: ^0.2.6
2489 silly placeDep ROOT handlebars@4.7.9 OK for: ts-jest@29.4.9 want: ^4.7.9
2490 silly fetch manifest wordwrap@^1.0.0
2491 silly fetch manifest uglify-js@^3.1.4
2492 silly placeDep ROOT lodash.memoize@4.1.2 OK for: ts-jest@29.4.9 want: ^4.1.2
2493 silly placeDep ROOT make-error@1.3.6 OK for: ts-jest@29.4.9 want: ^1.3.6
2494 silly placeDep node_modules/ts-jest type-fest@4.41.0 OK for: ts-jest@29.4.9 want: ^4.41.0
2495 http fetch GET 200 https://registry.npmjs.org/wordwrap 619ms (cache miss)
2496 http fetch GET 200 https://registry.npmjs.org/uglify-js 671ms (cache miss)
2497 timing idealTree:node_modules/ts-jest Completed in 680ms
2498 timing idealTree:node_modules/bs-logger Completed in 0ms
2499 silly placeDep ROOT neo-async@2.6.2 OK for: handlebars@4.7.9 want: ^2.6.2
2500 silly placeDep node_modules/handlebars source-map@0.6.1 OK for: handlebars@4.7.9 want: ^0.6.1
2501 silly placeDep ROOT uglify-js@3.19.3 OK for: handlebars@4.7.9 want: ^3.1.4
2502 silly placeDep ROOT wordwrap@1.0.0 OK for: handlebars@4.7.9 want: ^1.0.0
2503 timing idealTree:node_modules/handlebars Completed in 5ms
2504 timing idealTree:node_modules/lodash.memoize Completed in 0ms
2505 timing idealTree:node_modules/make-error Completed in 0ms
2506 timing idealTree:node_modules/neo-async Completed in 0ms
2507 silly placeDep ROOT enhanced-resolve@5.20.1 OK for: ts-loader@9.5.7 want: ^5.0.0
2508 timing idealTree:node_modules/ts-loader Completed in 2ms
2509 timing idealTree:node_modules/enhanced-resolve Completed in 0ms
2510 silly placeDep ROOT @cspotcode/source-map-support@0.8.1 OK for: ts-node@10.9.2 want: ^0.8.0
2511 silly fetch manifest @jridgewell/trace-mapping@0.3.9
2512 silly placeDep ROOT @tsconfig/node10@1.0.12 OK for: ts-node@10.9.2 want: ^1.0.7
2513 silly placeDep ROOT @tsconfig/node12@1.0.11 OK for: ts-node@10.9.2 want: ^1.0.7
2514 silly placeDep ROOT @tsconfig/node14@1.0.3 OK for: ts-node@10.9.2 want: ^1.0.0
2515 silly placeDep ROOT @tsconfig/node16@1.0.4 OK for: ts-node@10.9.2 want: ^1.0.2
2516 silly placeDep ROOT acorn-walk@8.3.5 OK for: ts-node@10.9.2 want: ^8.1.1
2517 silly placeDep ROOT arg@4.1.3 OK for: ts-node@10.9.2 want: ^4.1.0
2518 silly placeDep ROOT create-require@1.1.1 OK for: ts-node@10.9.2 want: ^1.1.0
2519 silly placeDep ROOT diff@4.0.4 OK for: ts-node@10.9.2 want: ^4.0.1
2520 silly placeDep ROOT v8-compile-cache-lib@3.0.1 OK for: ts-node@10.9.2 want: ^3.0.1
2521 silly placeDep ROOT yn@3.1.1 OK for: ts-node@10.9.2 want: 3.1.1
2522 timing idealTree:node_modules/ts-node Completed in 15ms
2523 silly placeDep node_modules/@cspotcode/source-map-support @jridgewell/trace-mapping@0.3.9 OK for: @cspotcode/source-map-support@0.8.1 want: 0.3.9
2524 timing idealTree:node_modules/@cspotcode/source-map-support Completed in 2ms
2525 timing idealTree:node_modules/@tsconfig/node10 Completed in 0ms
2526 timing idealTree:node_modules/@tsconfig/node12 Completed in 0ms
2527 timing idealTree:node_modules/@tsconfig/node14 Completed in 0ms
2528 timing idealTree:node_modules/@tsconfig/node16 Completed in 0ms
2529 timing idealTree:node_modules/acorn-walk Completed in 0ms
2530 timing idealTree:node_modules/arg Completed in 0ms
2531 timing idealTree:node_modules/create-require Completed in 0ms
2532 timing idealTree:node_modules/diff Completed in 0ms
2533 silly placeDep node_modules/tsconfig-paths strip-bom@3.0.0 OK for: tsconfig-paths@4.2.0 want: ^3.0.0
2534 timing idealTree:node_modules/tsconfig-paths Completed in 1ms
2535 timing idealTree:node_modules/tsconfig-paths-webpack-plugin Completed in 0ms
2536 timing idealTree:node_modules/tslib Completed in 1ms
2537 timing idealTree:node_modules/type-check Completed in 0ms
2538 timing idealTree:node_modules/type-detect Completed in 0ms
2539 timing idealTree:node_modules/type-fest Completed in 0ms
2540 silly placeDep ROOT media-typer@0.3.0 OK for: type-is@1.6.18 want: 0.3.0
2541 timing idealTree:node_modules/type-is Completed in 1ms
2542 timing idealTree:node_modules/media-typer Completed in 0ms
2543 timing idealTree:node_modules/typedarray Completed in 0ms
2544 timing idealTree:node_modules/typescript Completed in 0ms
2545 timing idealTree:node_modules/uglify-js Completed in 0ms
2546 silly placeDep ROOT @lukeed/csprng@1.1.0 OK for: uid@2.0.2 want: ^1.0.0
2547 timing idealTree:node_modules/uid Completed in 1ms
2548 timing idealTree:node_modules/@lukeed/csprng Completed in 0ms
2549 timing idealTree:node_modules/uint8array-extras Completed in 0ms
2550 timing idealTree:node_modules/undici-types Completed in 0ms
2551 timing idealTree:node_modules/universalify Completed in 0ms
2552 timing idealTree:node_modules/unpipe Completed in 0ms
2553 silly placeDep ROOT escalade@3.2.0 OK for: update-browserslist-db@1.2.3 want: ^3.2.0
2554 timing idealTree:node_modules/update-browserslist-db Completed in 1ms
2555 timing idealTree:node_modules/escalade Completed in 0ms
2556 silly placeDep ROOT punycode@2.3.1 OK for: uri-js@4.4.1 want: ^2.1.0
2557 timing idealTree:node_modules/uri-js Completed in 84ms
2558 timing idealTree:node_modules/punycode Completed in 0ms
2559 timing idealTree:node_modules/util-deprecate Completed in 0ms
2560 timing idealTree:node_modules/utils-merge Completed in 0ms
2561 timing idealTree:node_modules/v8-compile-cache-lib Completed in 0ms
2562 timing idealTree:node_modules/v8-to-istanbul Completed in 0ms
2563 timing idealTree:node_modules/vary Completed in 0ms
2564 silly placeDep ROOT makeerror@1.0.12 OK for: walker@1.0.8 want: 1.0.12
2565 silly fetch manifest tmpl@1.0.5
2566 http fetch GET 200 https://registry.npmjs.org/tmpl 291ms (cache miss)
2567 timing idealTree:node_modules/walker Completed in 293ms
2568 silly placeDep ROOT tmpl@1.0.5 OK for: makeerror@1.0.12 want: 1.0.5
2569 timing idealTree:node_modules/makeerror Completed in 1ms
2570 timing idealTree:node_modules/tmpl Completed in 0ms
2571 silly placeDep ROOT defaults@1.0.4 OK for: wcwidth@1.0.1 want: ^1.0.3
2572 silly fetch manifest clone@^1.0.2
2573 http fetch GET 200 https://registry.npmjs.org/clone 4ms (cache hit)
2574 timing idealTree:node_modules/wcwidth Completed in 8ms
2575 silly placeDep ROOT clone@1.0.4 OK for: defaults@1.0.4 want: ^1.0.2
2576 timing idealTree:node_modules/defaults Completed in 3ms
2577 timing idealTree:node_modules/clone Completed in 0ms
2578 silly fetch manifest webpack@^5.1.0
2579 silly placeDep ROOT @types/eslint-scope@3.7.7 OK for: webpack@5.106.0 want: ^3.7.7
2580 silly fetch manifest @types/eslint@*
2581 silly fetch manifest @types/estree@*
2582 silly placeDep ROOT @types/estree@1.0.8 OK for: webpack@5.106.0 want: ^1.0.8
2583 silly placeDep ROOT @webassemblyjs/ast@1.14.1 OK for: webpack@5.106.0 want: ^1.14.1
2584 silly fetch manifest @webassemblyjs/helper-numbers@1.13.2
2585 silly fetch manifest @webassemblyjs/helper-wasm-bytecode@1.13.2
2586 silly placeDep ROOT @webassemblyjs/wasm-edit@1.14.1 OK for: webpack@5.106.0 want: ^1.14.1
2587 silly fetch manifest @webassemblyjs/helper-buffer@1.14.1
2588 silly fetch manifest @webassemblyjs/helper-wasm-section@1.14.1
2589 silly fetch manifest @webassemblyjs/wasm-gen@1.14.1
2590 silly fetch manifest @webassemblyjs/wasm-opt@1.14.1
2591 silly fetch manifest @webassemblyjs/wasm-parser@1.14.1
2592 silly fetch manifest @webassemblyjs/wast-printer@1.14.1
2593 silly placeDep ROOT @webassemblyjs/wasm-parser@1.14.1 OK for: webpack@5.106.0 want: ^1.14.1
2594 silly fetch manifest @webassemblyjs/helper-api-error@1.13.2
2595 silly fetch manifest @webassemblyjs/ieee754@1.13.2
2596 silly fetch manifest @webassemblyjs/leb128@1.13.2
2597 silly fetch manifest @webassemblyjs/utf8@1.13.2
2598 silly placeDep ROOT acorn-import-phases@1.0.4 OK for: webpack@5.106.0 want: ^1.0.3
2599 silly placeDep ROOT chrome-trace-event@1.0.4 OK for: webpack@5.106.0 want: ^1.0.2
2600 silly placeDep ROOT es-module-lexer@2.0.0 OK for: webpack@5.106.0 want: ^2.0.0
2601 silly placeDep node_modules/webpack eslint-scope@5.1.1 OK for: webpack@5.106.0 want: 5.1.1
2602 silly fetch manifest estraverse@^4.1.1
2603 silly placeDep ROOT events@3.3.0 OK for: webpack@5.106.0 want: ^3.2.0
2604 silly placeDep ROOT glob-to-regexp@0.4.1 OK for: webpack@5.106.0 want: ^0.4.1
2605 silly placeDep ROOT loader-runner@4.3.1 OK for: webpack@5.106.0 want: ^4.3.1
2606 silly placeDep node_modules/webpack schema-utils@4.3.3 OK for: webpack@5.106.0 want: ^4.3.3
2607 silly fetch manifest ajv-keywords@^5.1.0
2608 silly placeDep ROOT terser-webpack-plugin@5.4.0 OK for: webpack@5.106.0 want: ^5.3.17
2609 silly fetch manifest terser@^5.31.1
2610 silly fetch manifest jest-worker@^27.4.5
2611 silly fetch manifest schema-utils@^4.3.0
2612 silly placeDep ROOT watchpack@2.5.1 OK for: webpack@5.106.0 want: ^2.5.1
2613 silly placeDep ROOT webpack-sources@3.3.4 OK for: webpack@5.106.0 want: ^3.3.4
2614 http fetch GET 200 https://registry.npmjs.org/@webassemblyjs%2fhelper-numbers 39ms (cache hit)
2615 http fetch GET 200 https://registry.npmjs.org/@webassemblyjs%2fhelper-wasm-bytecode 39ms (cache hit)
2616 http fetch GET 200 https://registry.npmjs.org/@webassemblyjs%2fhelper-api-error 35ms (cache hit)
2617 http fetch GET 200 https://registry.npmjs.org/@webassemblyjs%2fhelper-wasm-section 39ms (cache hit)
2618 http fetch GET 200 https://registry.npmjs.org/@webassemblyjs%2fwasm-gen 39ms (cache hit)
2619 http fetch GET 200 https://registry.npmjs.org/@webassemblyjs%2fwasm-opt 42ms (cache hit)
2620 http fetch GET 200 https://registry.npmjs.org/@webassemblyjs%2fieee754 40ms (cache hit)
2621 http fetch GET 200 https://registry.npmjs.org/@webassemblyjs%2fleb128 41ms (cache hit)
2622 http fetch GET 200 https://registry.npmjs.org/@webassemblyjs%2fhelper-buffer 45ms (cache hit)
2623 http fetch GET 200 https://registry.npmjs.org/@webassemblyjs%2futf8 42ms (cache hit)
2624 http fetch GET 200 https://registry.npmjs.org/@webassemblyjs%2fwast-printer 45ms (cache hit)
2625 http fetch GET 200 https://registry.npmjs.org/terser 32ms (cache hit)
2626 timing idealTree:node_modules/webpack Completed in 63ms
2627 silly placeDep ROOT @types/eslint@9.6.1 OK for: @types/eslint-scope@3.7.7 want: *
2628 timing idealTree:node_modules/@types/eslint-scope Completed in 3ms
2629 timing idealTree:node_modules/@types/eslint Completed in 0ms
2630 timing idealTree:node_modules/@types/estree Completed in 0ms
2631 silly placeDep ROOT @webassemblyjs/helper-numbers@1.13.2 OK for: @webassemblyjs/ast@1.14.1 want: 1.13.2
2632 silly fetch manifest @xtuc/long@4.2.2
2633 silly fetch manifest @webassemblyjs/floating-point-hex-parser@1.13.2
2634 silly placeDep ROOT @webassemblyjs/helper-wasm-bytecode@1.13.2 OK for: @webassemblyjs/ast@1.14.1 want: 1.13.2
2635 http fetch GET 200 https://registry.npmjs.org/@xtuc%2flong 6ms (cache hit)
2636 http fetch GET 200 https://registry.npmjs.org/@webassemblyjs%2ffloating-point-hex-parser 7ms (cache hit)
2637 timing idealTree:node_modules/@webassemblyjs/ast Completed in 10ms
2638 silly placeDep ROOT @webassemblyjs/floating-point-hex-parser@1.13.2 OK for: @webassemblyjs/helper-numbers@1.13.2 want: 1.13.2
2639 silly placeDep ROOT @webassemblyjs/helper-api-error@1.13.2 OK for: @webassemblyjs/helper-numbers@1.13.2 want: 1.13.2
2640 silly placeDep ROOT @xtuc/long@4.2.2 OK for: @webassemblyjs/helper-numbers@1.13.2 want: 4.2.2
2641 timing idealTree:node_modules/@webassemblyjs/helper-numbers Completed in 5ms
2642 timing idealTree:node_modules/@webassemblyjs/floating-point-hex-parser Completed in 0ms
2643 timing idealTree:node_modules/@webassemblyjs/helper-api-error Completed in 0ms
2644 timing idealTree:node_modules/@webassemblyjs/helper-wasm-bytecode Completed in 0ms
2645 silly placeDep ROOT @webassemblyjs/helper-buffer@1.14.1 OK for: @webassemblyjs/wasm-edit@1.14.1 want: 1.14.1
2646 silly placeDep ROOT @webassemblyjs/helper-wasm-section@1.14.1 OK for: @webassemblyjs/wasm-edit@1.14.1 want: 1.14.1
2647 silly placeDep ROOT @webassemblyjs/wasm-gen@1.14.1 OK for: @webassemblyjs/wasm-edit@1.14.1 want: 1.14.1
2648 silly placeDep ROOT @webassemblyjs/wasm-opt@1.14.1 OK for: @webassemblyjs/wasm-edit@1.14.1 want: 1.14.1
2649 silly placeDep ROOT @webassemblyjs/wast-printer@1.14.1 OK for: @webassemblyjs/wasm-edit@1.14.1 want: 1.14.1
2650 timing idealTree:node_modules/@webassemblyjs/wasm-edit Completed in 6ms
2651 timing idealTree:node_modules/@webassemblyjs/helper-buffer Completed in 0ms
2652 timing idealTree:node_modules/@webassemblyjs/helper-wasm-section Completed in 0ms
2653 silly placeDep ROOT @webassemblyjs/ieee754@1.13.2 OK for: @webassemblyjs/wasm-gen@1.14.1 want: 1.13.2
2654 silly fetch manifest @xtuc/ieee754@^1.2.0
2655 silly placeDep ROOT @webassemblyjs/leb128@1.13.2 OK for: @webassemblyjs/wasm-gen@1.14.1 want: 1.13.2
2656 silly placeDep ROOT @webassemblyjs/utf8@1.13.2 OK for: @webassemblyjs/wasm-gen@1.14.1 want: 1.13.2
2657 http fetch GET 200 https://registry.npmjs.org/@xtuc%2fieee754 8ms (cache hit)
2658 timing idealTree:node_modules/@webassemblyjs/wasm-gen Completed in 9ms
2659 silly placeDep ROOT @xtuc/ieee754@1.2.0 OK for: @webassemblyjs/ieee754@1.13.2 want: ^1.2.0
2660 timing idealTree:node_modules/@webassemblyjs/ieee754 Completed in 1ms
2661 timing idealTree:node_modules/@webassemblyjs/leb128 Completed in 0ms
2662 timing idealTree:node_modules/@webassemblyjs/utf8 Completed in 0ms
2663 timing idealTree:node_modules/@webassemblyjs/wasm-opt Completed in 0ms
2664 timing idealTree:node_modules/@webassemblyjs/wasm-parser Completed in 0ms
2665 timing idealTree:node_modules/@webassemblyjs/wast-printer Completed in 0ms
2666 timing idealTree:node_modules/@xtuc/ieee754 Completed in 0ms
2667 timing idealTree:node_modules/@xtuc/long Completed in 0ms
2668 timing idealTree:node_modules/acorn-import-phases Completed in 0ms
2669 timing idealTree:node_modules/chrome-trace-event Completed in 0ms
2670 timing idealTree:node_modules/es-module-lexer Completed in 0ms
2671 timing idealTree:node_modules/events Completed in 0ms
2672 timing idealTree:node_modules/glob-to-regexp Completed in 0ms
2673 timing idealTree:node_modules/loader-runner Completed in 0ms
2674 silly placeDep node_modules/terser-webpack-plugin jest-worker@27.5.1 OK for: terser-webpack-plugin@5.4.0 want: ^27.4.5
2675 silly placeDep node_modules/terser-webpack-plugin schema-utils@4.3.3 OK for: terser-webpack-plugin@5.4.0 want: ^4.3.0
2676 silly placeDep ROOT terser@5.46.1 OK for: terser-webpack-plugin@5.4.0 want: ^5.31.1
2677 silly fetch manifest @jridgewell/source-map@^0.3.3
2678 silly fetch manifest commander@^2.20.0
2679 http fetch GET 200 https://registry.npmjs.org/@jridgewell%2fsource-map 4ms (cache hit)
2680 timing idealTree:node_modules/terser-webpack-plugin Completed in 9ms
2681 silly placeDep ROOT @jridgewell/source-map@0.3.11 OK for: terser@5.46.1 want: ^0.3.3
2682 silly placeDep node_modules/terser commander@2.20.3 OK for: terser@5.46.1 want: ^2.20.0
2683 timing idealTree:node_modules/terser Completed in 3ms
2684 timing idealTree:node_modules/@jridgewell/source-map Completed in 0ms
2685 timing idealTree:node_modules/watchpack Completed in 0ms
2686 timing idealTree:node_modules/webpack-node-externals Completed in 0ms
2687 timing idealTree:node_modules/webpack-sources Completed in 0ms
2688 silly placeDep ROOT tr46@0.0.3 OK for: whatwg-url@5.0.0 want: ~0.0.3
2689 silly placeDep ROOT webidl-conversions@3.0.1 OK for: whatwg-url@5.0.0 want: ^3.0.0
2690 timing idealTree:node_modules/whatwg-url Completed in 4ms
2691 timing idealTree:node_modules/tr46 Completed in 0ms
2692 timing idealTree:node_modules/webidl-conversions Completed in 0ms
2693 silly placeDep ROOT isexe@2.0.0 OK for: which@2.0.2 want: ^2.0.0
2694 timing idealTree:node_modules/which Completed in 1ms
2695 timing idealTree:node_modules/isexe Completed in 0ms
2696 timing idealTree:node_modules/word-wrap Completed in 0ms
2697 timing idealTree:node_modules/wordwrap Completed in 0ms
2698 timing idealTree:node_modules/wrap-ansi Completed in 0ms
2699 timing idealTree:node_modules/wrap-ansi-cjs Completed in 0ms
2700 timing idealTree:node_modules/wrappy Completed in 0ms
2701 silly placeDep node_modules/write-file-atomic signal-exit@3.0.7 OK for: write-file-atomic@4.0.2 want: ^3.0.7
2702 timing idealTree:node_modules/write-file-atomic Completed in 1ms
2703 timing idealTree:node_modules/xtend Completed in 0ms
2704 timing idealTree:node_modules/yallist Completed in 0ms
2705 silly placeDep ROOT cliui@8.0.1 OK for: yargs@17.7.2 want: ^8.0.1
2706 silly fetch manifest wrap-ansi@^7.0.0
2707 silly placeDep ROOT get-caller-file@2.0.5 OK for: yargs@17.7.2 want: ^2.0.5
2708 silly placeDep ROOT require-directory@2.1.1 OK for: yargs@17.7.2 want: ^2.1.1
2709 silly placeDep ROOT y18n@5.0.8 OK for: yargs@17.7.2 want: ^5.0.5
2710 timing idealTree:node_modules/yargs Completed in 5ms
2711 silly placeDep node_modules/cliui wrap-ansi@7.0.0 OK for: cliui@8.0.1 want: ^7.0.0
2712 timing idealTree:node_modules/cliui Completed in 2ms
2713 timing idealTree:node_modules/get-caller-file Completed in 0ms
2714 timing idealTree:node_modules/require-directory Completed in 0ms
2715 timing idealTree:node_modules/y18n Completed in 0ms
2716 timing idealTree:node_modules/yargs-parser Completed in 0ms
2717 timing idealTree:node_modules/yn Completed in 0ms
2718 timing idealTree:node_modules/yocto-queue Completed in 0ms
2719 timing idealTree:node_modules/@angular-devkit/core/node_modules/rxjs Completed in 0ms
2720 silly placeDep ROOT @ljharb/through@2.3.14 OK for: inquirer@9.2.15 want: ^2.3.12
2721 silly fetch manifest call-bind@^1.0.8
2722 silly placeDep node_modules/@angular-devkit/schematics-cli chalk@5.6.2 OK for: inquirer@9.2.15 want: ^5.3.0
2723 silly placeDep node_modules/@angular-devkit/schematics-cli cli-width@4.1.0 OK for: inquirer@9.2.15 want: ^4.1.0
2724 silly placeDep node_modules/@angular-devkit/schematics-cli mute-stream@1.0.0 OK for: inquirer@9.2.15 want: 1.0.0
2725 silly placeDep node_modules/@angular-devkit/schematics-cli run-async@3.0.0 OK for: inquirer@9.2.15 want: ^3.0.0
2726 http fetch GET 200 https://registry.npmjs.org/call-bind 9ms (cache hit)
2727 timing idealTree:node_modules/@angular-devkit/schematics-cli/node_modules/inquirer Completed in 13ms
2728 silly placeDep ROOT call-bind@1.0.8 OK for: @ljharb/through@2.3.14 want: ^1.0.8
2729 silly fetch manifest set-function-length@^1.2.2
2730 http fetch GET 200 https://registry.npmjs.org/set-function-length 3ms (cache hit)
2731 timing idealTree:node_modules/@ljharb/through Completed in 7ms
2732 silly placeDep ROOT set-function-length@1.2.2 OK for: call-bind@1.0.8 want: ^1.2.2
2733 silly fetch manifest define-data-property@^1.1.4
2734 silly fetch manifest has-property-descriptors@^1.0.2
2735 http fetch GET 200 https://registry.npmjs.org/has-property-descriptors 4ms (cache hit)
2736 http fetch GET 200 https://registry.npmjs.org/define-data-property 4ms (cache hit)
2737 timing idealTree:node_modules/call-bind Completed in 8ms
2738 silly placeDep ROOT define-data-property@1.1.4 OK for: set-function-length@1.2.2 want: ^1.1.4
2739 silly placeDep ROOT has-property-descriptors@1.0.2 OK for: set-function-length@1.2.2 want: ^1.0.2
2740 timing idealTree:node_modules/set-function-length Completed in 3ms
2741 timing idealTree:node_modules/define-data-property Completed in 0ms
2742 timing idealTree:node_modules/has-property-descriptors Completed in 0ms
2743 timing idealTree:node_modules/@angular-devkit/schematics-cli/node_modules/chalk Completed in 0ms
2744 timing idealTree:node_modules/@angular-devkit/schematics-cli/node_modules/cli-width Completed in 0ms
2745 timing idealTree:node_modules/@angular-devkit/schematics-cli/node_modules/mute-stream Completed in 0ms
2746 timing idealTree:node_modules/@angular-devkit/schematics-cli/node_modules/run-async Completed in 0ms
2747 timing idealTree:node_modules/@angular-devkit/schematics/node_modules/rxjs Completed in 0ms
2748 timing idealTree:node_modules/@babel/core/node_modules/semver Completed in 0ms
2749 timing idealTree:node_modules/@babel/helper-compilation-targets/node_modules/semver Completed in 0ms
2750 timing idealTree:node_modules/@cspotcode/source-map-support/node_modules/@jridgewell/trace-mapping Completed in 0ms
2751 silly placeDep node_modules/@eslint/eslintrc json-schema-traverse@0.4.1 OK for: ajv@6.14.0 want: ^0.4.1
2752 timing idealTree:node_modules/@eslint/eslintrc/node_modules/ajv Completed in 1ms
2753 timing idealTree:node_modules/@eslint/eslintrc/node_modules/ignore Completed in 0ms
2754 timing idealTree:node_modules/@eslint/eslintrc/node_modules/json-schema-traverse Completed in 0ms
2755 silly placeDep node_modules/@eslint/eslintrc brace-expansion@1.1.13 OK for: minimatch@3.1.5 want: ^1.1.7
2756 silly fetch manifest concat-map@0.0.1
2757 silly fetch manifest balanced-match@^1.0.0
2758 http fetch GET 200 https://registry.npmjs.org/concat-map 6ms (cache hit)
2759 timing idealTree:node_modules/@eslint/eslintrc/node_modules/minimatch Completed in 7ms
2760 silly placeDep node_modules/@eslint/eslintrc balanced-match@1.0.2 OK for: brace-expansion@1.1.13 want: ^1.0.0
2761 silly placeDep ROOT concat-map@0.0.1 OK for: brace-expansion@1.1.13 want: 0.0.1
2762 timing idealTree:node_modules/@eslint/eslintrc/node_modules/brace-expansion Completed in 2ms
2763 timing idealTree:node_modules/concat-map Completed in 0ms
2764 timing idealTree:node_modules/@eslint/eslintrc/node_modules/balanced-match Completed in 1ms
2765 silly placeDep node_modules/@humanwhocodes/config-array brace-expansion@1.1.13 OK for: minimatch@3.1.5 want: ^1.1.7
2766 timing idealTree:node_modules/@humanwhocodes/config-array/node_modules/minimatch Completed in 1ms
2767 silly placeDep node_modules/@humanwhocodes/config-array balanced-match@1.0.2 OK for: brace-expansion@1.1.13 want: ^1.0.0
2768 timing idealTree:node_modules/@humanwhocodes/config-array/node_modules/brace-expansion Completed in 1ms
2769 timing idealTree:node_modules/@humanwhocodes/config-array/node_modules/balanced-match Completed in 0ms
2770 silly placeDep ROOT eastasianwidth@0.2.0 OK for: string-width@5.1.2 want: ^0.2.0
2771 silly placeDep node_modules/@isaacs/cliui emoji-regex@9.2.2 OK for: string-width@5.1.2 want: ^9.2.2
2772 timing idealTree:node_modules/@isaacs/cliui/node_modules/string-width Completed in 2ms
2773 timing idealTree:node_modules/eastasianwidth Completed in 0ms
2774 timing idealTree:node_modules/@isaacs/cliui/node_modules/emoji-regex Completed in 0ms
2775 silly placeDep node_modules/@isaacs/cliui ansi-regex@6.2.2 OK for: strip-ansi@7.2.0 want: ^6.2.2
2776 timing idealTree:node_modules/@isaacs/cliui/node_modules/strip-ansi Completed in 2ms
2777 timing idealTree:node_modules/@isaacs/cliui/node_modules/ansi-regex Completed in 0ms
2778 silly placeDep node_modules/@isaacs/cliui ansi-styles@6.2.3 OK for: wrap-ansi@8.1.0 want: ^6.1.0
2779 timing idealTree:node_modules/@isaacs/cliui/node_modules/wrap-ansi Completed in 1ms
2780 timing idealTree:node_modules/@isaacs/cliui/node_modules/ansi-styles Completed in 0ms
2781 silly placeDep node_modules/@istanbuljs/load-nyc-config locate-path@5.0.0 OK for: find-up@4.1.0 want: ^5.0.0
2782 silly fetch manifest p-locate@^4.1.0
2783 timing idealTree:node_modules/@istanbuljs/load-nyc-config/node_modules/find-up Completed in 2ms
2784 silly placeDep node_modules/@istanbuljs/load-nyc-config argparse@1.0.10 OK for: js-yaml@3.14.2 want: ^1.0.7
2785 silly fetch manifest sprintf-js@~1.0.2
2786 http fetch GET 200 https://registry.npmjs.org/sprintf-js 364ms (cache miss)
2787 timing idealTree:node_modules/@istanbuljs/load-nyc-config/node_modules/js-yaml Completed in 369ms
2788 silly placeDep ROOT sprintf-js@1.0.3 OK for: argparse@1.0.10 want: ~1.0.2
2789 timing idealTree:node_modules/@istanbuljs/load-nyc-config/node_modules/argparse Completed in 2ms
2790 timing idealTree:node_modules/sprintf-js Completed in 0ms
2791 silly placeDep node_modules/@istanbuljs/load-nyc-config p-locate@4.1.0 OK for: locate-path@5.0.0 want: ^4.1.0
2792 silly fetch manifest p-limit@^2.2.0
2793 timing idealTree:node_modules/@istanbuljs/load-nyc-config/node_modules/locate-path Completed in 3ms
2794 silly placeDep node_modules/@istanbuljs/load-nyc-config p-limit@2.3.0 OK for: p-locate@4.1.0 want: ^2.2.0
2795 silly fetch manifest p-try@^2.0.0
2796 http fetch GET 200 https://registry.npmjs.org/p-try 337ms (cache miss)
2797 timing idealTree:node_modules/@istanbuljs/load-nyc-config/node_modules/p-locate Completed in 341ms
2798 silly placeDep ROOT p-try@2.2.0 OK for: p-limit@2.3.0 want: ^2.0.0
2799 timing idealTree:node_modules/@istanbuljs/load-nyc-config/node_modules/p-limit Completed in 4ms
2800 timing idealTree:node_modules/p-try Completed in 0ms
2801 timing idealTree:node_modules/@istanbuljs/load-nyc-config/node_modules/resolve-from Completed in 0ms
2802 silly placeDep ROOT fs.realpath@1.0.0 OK for: glob@7.2.3 want: ^1.0.0
2803 silly placeDep ROOT inflight@1.0.6 OK for: glob@7.2.3 want: ^1.0.4
2804 silly placeDep node_modules/@jest/reporters minimatch@3.1.5 OK for: glob@7.2.3 want: ^3.1.1
2805 silly placeDep ROOT path-is-absolute@1.0.1 OK for: glob@7.2.3 want: ^1.0.0
2806 timing idealTree:node_modules/@jest/reporters/node_modules/glob Completed in 7ms
2807 timing idealTree:node_modules/fs.realpath Completed in 0ms
2808 timing idealTree:node_modules/inflight Completed in 0ms
2809 timing idealTree:node_modules/path-is-absolute Completed in 0ms
2810 silly placeDep node_modules/@jest/reporters brace-expansion@1.1.13 OK for: minimatch@3.1.5 want: ^1.1.7
2811 timing idealTree:node_modules/@jest/reporters/node_modules/minimatch Completed in 2ms
2812 silly placeDep node_modules/@jest/reporters balanced-match@1.0.2 OK for: brace-expansion@1.1.13 want: ^1.0.0
2813 timing idealTree:node_modules/@jest/reporters/node_modules/brace-expansion Completed in 2ms
2814 timing idealTree:node_modules/@jest/reporters/node_modules/balanced-match Completed in 0ms
2815 timing idealTree:node_modules/@nestjs/cli/node_modules/typescript Completed in 0ms
2816 silly placeDep node_modules/@nestjs/cli es-module-lexer@1.7.0 OK for: webpack@5.97.1 want: ^1.2.1
2817 silly placeDep node_modules/@nestjs/cli eslint-scope@5.1.1 OK for: webpack@5.97.1 want: 5.1.1
2818 timing idealTree:node_modules/@nestjs/cli/node_modules/webpack Completed in 3ms
2819 timing idealTree:node_modules/@nestjs/cli/node_modules/es-module-lexer Completed in 0ms
2820 silly placeDep node_modules/@nestjs/cli estraverse@4.3.0 OK for: eslint-scope@5.1.1 want: ^4.1.1
2821 timing idealTree:node_modules/@nestjs/cli/node_modules/eslint-scope Completed in 1ms
2822 timing idealTree:node_modules/@nestjs/cli/node_modules/estraverse Completed in 0ms
2823 timing idealTree:node_modules/@nestjs/schematics/node_modules/jsonc-parser Completed in 0ms
2824 timing idealTree:node_modules/@typescript-eslint/visitor-keys/node_modules/eslint-visitor-keys Completed in 0ms
2825 timing idealTree:node_modules/ansi-escapes/node_modules/type-fest Completed in 0ms
2826 timing idealTree:node_modules/anymatch/node_modules/picomatch Completed in 0ms
2827 silly placeDep node_modules/babel-plugin-istanbul semver@6.3.1 OK for: istanbul-lib-instrument@5.2.1 want: ^6.3.0
2828 timing idealTree:node_modules/babel-plugin-istanbul/node_modules/istanbul-lib-instrument Completed in 1ms
2829 timing idealTree:node_modules/babel-plugin-istanbul/node_modules/semver Completed in 0ms
2830 silly placeDep node_modules/body-parser ms@2.0.0 OK for: debug@2.6.9 want: 2.0.0
2831 timing idealTree:node_modules/body-parser/node_modules/debug Completed in 1ms
2832 timing idealTree:node_modules/body-parser/node_modules/ms Completed in 0ms
2833 timing idealTree:node_modules/cliui/node_modules/wrap-ansi Completed in 0ms
2834 silly placeDep node_modules/eslint json-schema-traverse@0.4.1 OK for: ajv@6.14.0 want: ^0.4.1
2835 timing idealTree:node_modules/eslint/node_modules/ajv Completed in 2ms
2836 timing idealTree:node_modules/eslint/node_modules/glob-parent Completed in 0ms
2837 timing idealTree:node_modules/eslint/node_modules/ignore Completed in 0ms
2838 timing idealTree:node_modules/eslint/node_modules/json-schema-traverse Completed in 0ms
2839 silly placeDep node_modules/eslint brace-expansion@1.1.13 OK for: minimatch@3.1.5 want: ^1.1.7
2840 timing idealTree:node_modules/eslint/node_modules/minimatch Completed in 2ms
2841 silly placeDep node_modules/eslint balanced-match@1.0.2 OK for: brace-expansion@1.1.13 want: ^1.0.0
2842 timing idealTree:node_modules/eslint/node_modules/brace-expansion Completed in 1ms
2843 timing idealTree:node_modules/eslint/node_modules/balanced-match Completed in 0ms
2844 timing idealTree:node_modules/execa/node_modules/signal-exit Completed in 0ms
2845 silly placeDep node_modules/express ms@2.0.0 OK for: debug@2.6.9 want: 2.0.0
2846 timing idealTree:node_modules/express/node_modules/debug Completed in 2ms
2847 timing idealTree:node_modules/express/node_modules/ms Completed in 0ms
2848 timing idealTree:node_modules/express/node_modules/path-to-regexp Completed in 0ms
2849 timing idealTree:node_modules/figures/node_modules/escape-string-regexp Completed in 0ms
2850 silly placeDep node_modules/finalhandler ms@2.0.0 OK for: debug@2.6.9 want: 2.0.0
2851 timing idealTree:node_modules/finalhandler/node_modules/debug Completed in 2ms
2852 timing idealTree:node_modules/finalhandler/node_modules/ms Completed in 0ms
2853 silly placeDep node_modules/fork-ts-checker-webpack-plugin brace-expansion@1.1.13 OK for: minimatch@3.1.5 want: ^1.1.7
2854 timing idealTree:node_modules/fork-ts-checker-webpack-plugin/node_modules/minimatch Completed in 4ms
2855 silly placeDep node_modules/fork-ts-checker-webpack-plugin balanced-match@1.0.2 OK for: brace-expansion@1.1.13 want: ^1.0.0
2856 timing idealTree:node_modules/fork-ts-checker-webpack-plugin/node_modules/brace-expansion Completed in 3ms
2857 timing idealTree:node_modules/fork-ts-checker-webpack-plugin/node_modules/balanced-match Completed in 0ms
2858 silly placeDep node_modules/glob brace-expansion@2.0.3 OK for: minimatch@9.0.9 want: ^2.0.2
2859 timing idealTree:node_modules/glob/node_modules/minimatch Completed in 2ms
2860 silly placeDep node_modules/glob balanced-match@1.0.2 OK for: brace-expansion@2.0.3 want: ^1.0.0
2861 timing idealTree:node_modules/glob/node_modules/brace-expansion Completed in 2ms
2862 timing idealTree:node_modules/glob/node_modules/balanced-match Completed in 0ms
2863 timing idealTree:node_modules/handlebars/node_modules/source-map Completed in 0ms
2864 timing idealTree:node_modules/istanbul-lib-source-maps/node_modules/source-map Completed in 0ms
2865 silly placeDep node_modules/jest-config minimatch@3.1.5 OK for: glob@7.2.3 want: ^3.1.1
2866 timing idealTree:node_modules/jest-config/node_modules/glob Completed in 2ms
2867 silly placeDep node_modules/jest-config brace-expansion@1.1.13 OK for: minimatch@3.1.5 want: ^1.1.7
2868 timing idealTree:node_modules/jest-config/node_modules/minimatch Completed in 2ms
2869 silly placeDep node_modules/jest-config balanced-match@1.0.2 OK for: brace-expansion@1.1.13 want: ^1.0.0
2870 timing idealTree:node_modules/jest-config/node_modules/brace-expansion Completed in 1ms
2871 timing idealTree:node_modules/jest-config/node_modules/balanced-match Completed in 1ms
2872 silly placeDep node_modules/jest-runner source-map@0.6.1 OK for: source-map-support@0.5.13 want: ^0.6.0
2873 timing idealTree:node_modules/jest-runner/node_modules/source-map-support Completed in 1ms
2874 timing idealTree:node_modules/jest-runner/node_modules/source-map Completed in 0ms
2875 silly placeDep node_modules/jest-runtime minimatch@3.1.5 OK for: glob@7.2.3 want: ^3.1.1
2876 timing idealTree:node_modules/jest-runtime/node_modules/glob Completed in 2ms
2877 silly placeDep node_modules/jest-runtime brace-expansion@1.1.13 OK for: minimatch@3.1.5 want: ^1.1.7
2878 timing idealTree:node_modules/jest-runtime/node_modules/minimatch Completed in 1ms
2879 silly placeDep node_modules/jest-runtime balanced-match@1.0.2 OK for: brace-expansion@1.1.13 want: ^1.0.0
2880 timing idealTree:node_modules/jest-runtime/node_modules/brace-expansion Completed in 2ms
2881 timing idealTree:node_modules/jest-runtime/node_modules/balanced-match Completed in 0ms
2882 timing idealTree:node_modules/jest-util/node_modules/picomatch Completed in 0ms
2883 timing idealTree:node_modules/jest-validate/node_modules/camelcase Completed in 0ms
2884 timing idealTree:node_modules/jest-worker/node_modules/supports-color Completed in 0ms
2885 timing idealTree:node_modules/micromatch/node_modules/picomatch Completed in 0ms
2886 timing idealTree:node_modules/path-scurry/node_modules/lru-cache Completed in 0ms
2887 silly placeDep node_modules/pkg-dir locate-path@5.0.0 OK for: find-up@4.1.0 want: ^5.0.0
2888 timing idealTree:node_modules/pkg-dir/node_modules/find-up Completed in 1ms
2889 silly placeDep node_modules/pkg-dir p-locate@4.1.0 OK for: locate-path@5.0.0 want: ^4.1.0
2890 timing idealTree:node_modules/pkg-dir/node_modules/locate-path Completed in 2ms
2891 silly placeDep node_modules/pkg-dir p-limit@2.3.0 OK for: p-locate@4.1.0 want: ^2.2.0
2892 timing idealTree:node_modules/pkg-dir/node_modules/p-locate Completed in 1ms
2893 timing idealTree:node_modules/pkg-dir/node_modules/p-limit Completed in 0ms
2894 timing idealTree:node_modules/pretty-format/node_modules/ansi-styles Completed in 0ms
2895 timing idealTree:node_modules/readdirp/node_modules/picomatch Completed in 0ms
2896 timing idealTree:node_modules/resolve-cwd/node_modules/resolve-from Completed in 0ms
2897 timing idealTree:node_modules/restore-cursor/node_modules/signal-exit Completed in 0ms
2898 silly placeDep node_modules/rimraf minimatch@3.1.5 OK for: glob@7.2.3 want: ^3.1.1
2899 timing idealTree:node_modules/rimraf/node_modules/glob Completed in 1ms
2900 silly placeDep node_modules/rimraf brace-expansion@1.1.13 OK for: minimatch@3.1.5 want: ^1.1.7
2901 timing idealTree:node_modules/rimraf/node_modules/minimatch Completed in 1ms
2902 silly placeDep node_modules/rimraf balanced-match@1.0.2 OK for: brace-expansion@1.1.13 want: ^1.0.0
2903 timing idealTree:node_modules/rimraf/node_modules/brace-expansion Completed in 2ms
2904 timing idealTree:node_modules/rimraf/node_modules/balanced-match Completed in 0ms
2905 silly placeDep node_modules/schema-utils json-schema-traverse@0.4.1 OK for: ajv@6.14.0 want: ^0.4.1
2906 timing idealTree:node_modules/schema-utils/node_modules/ajv Completed in 1ms
2907 timing idealTree:node_modules/schema-utils/node_modules/ajv-keywords Completed in 0ms
2908 timing idealTree:node_modules/schema-utils/node_modules/json-schema-traverse Completed in 0ms
2909 silly placeDep node_modules/send/node_modules/debug ms@2.0.0 OK for: debug@2.6.9 want: 2.0.0
2910 timing idealTree:node_modules/send/node_modules/debug Completed in 1ms
2911 timing idealTree:node_modules/source-map-support/node_modules/source-map Completed in 0ms
2912 timing idealTree:node_modules/stack-utils/node_modules/escape-string-regexp Completed in 0ms
2913 timing idealTree:node_modules/superagent/node_modules/mime Completed in 0ms
2914 timing idealTree:node_modules/supertest/node_modules/cookie-signature Completed in 0ms
2915 silly placeDep node_modules/terser-webpack-plugin supports-color@8.1.1 OK for: jest-worker@27.5.1 want: ^8.0.0
2916 timing idealTree:node_modules/terser-webpack-plugin/node_modules/jest-worker Completed in 2ms
2917 silly fetch manifest ajv@^8.9.0
2918 silly placeDep ROOT ajv-keywords@5.1.0 OK for: schema-utils@4.3.3 want: ^5.1.0
2919 timing idealTree:node_modules/terser-webpack-plugin/node_modules/schema-utils Completed in 3ms
2920 timing idealTree:node_modules/ajv-keywords Completed in 0ms
2921 timing idealTree:node_modules/terser-webpack-plugin/node_modules/supports-color Completed in 1ms
2922 timing idealTree:node_modules/terser/node_modules/commander Completed in 0ms
2923 timing idealTree:node_modules/test-exclude/node_modules/glob Completed in 0ms
2924 silly placeDep node_modules/test-exclude brace-expansion@1.1.13 OK for: minimatch@3.1.5 want: ^1.1.7
2925 timing idealTree:node_modules/test-exclude/node_modules/minimatch Completed in 1ms
2926 silly placeDep node_modules/test-exclude balanced-match@1.0.2 OK for: brace-expansion@1.1.13 want: ^1.0.0
2927 timing idealTree:node_modules/test-exclude/node_modules/brace-expansion Completed in 2ms
2928 timing idealTree:node_modules/test-exclude/node_modules/balanced-match Completed in 0ms
2929 timing idealTree:node_modules/tinyglobby/node_modules/picomatch Completed in 0ms
2930 timing idealTree:node_modules/ts-jest/node_modules/type-fest Completed in 0ms
2931 timing idealTree:node_modules/tsconfig-paths/node_modules/strip-bom Completed in 0ms
2932 silly placeDep node_modules/webpack estraverse@4.3.0 OK for: eslint-scope@5.1.1 want: ^4.1.1
2933 timing idealTree:node_modules/webpack/node_modules/eslint-scope Completed in 1ms
2934 timing idealTree:node_modules/webpack/node_modules/estraverse Completed in 0ms
2935 timing idealTree:node_modules/webpack/node_modules/schema-utils Completed in 0ms
2936 timing idealTree:node_modules/write-file-atomic/node_modules/signal-exit Completed in 0ms
2937 timing idealTree:node_modules/send/node_modules/debug/node_modules/ms Completed in 0ms
2938 timing idealTree:buildDeps Completed in 84062ms
2939 timing idealTree:fixDepFlags Completed in 8ms
2940 warn EBADENGINE Unsupported engine {
2940 warn EBADENGINE   package: 'minimatch@10.2.5',
2940 warn EBADENGINE   required: { node: '18 || 20 || >=22' },
2940 warn EBADENGINE   current: { node: 'v21.6.1', npm: '10.2.4' }
2940 warn EBADENGINE }
2941 warn EBADENGINE Unsupported engine {
2941 warn EBADENGINE   package: 'eslint-visitor-keys@5.0.1',
2941 warn EBADENGINE   required: { node: '^20.19.0 || ^22.13.0 || >=24' },
2941 warn EBADENGINE   current: { node: 'v21.6.1', npm: '10.2.4' }
2941 warn EBADENGINE }
2942 warn EBADENGINE Unsupported engine {
2942 warn EBADENGINE   package: 'brace-expansion@5.0.5',
2942 warn EBADENGINE   required: { node: '18 || 20 || >=22' },
2942 warn EBADENGINE   current: { node: 'v21.6.1', npm: '10.2.4' }
2942 warn EBADENGINE }
2943 warn EBADENGINE Unsupported engine {
2943 warn EBADENGINE   package: 'balanced-match@4.0.4',
2943 warn EBADENGINE   required: { node: '18 || 20 || >=22' },
2943 warn EBADENGINE   current: { node: 'v21.6.1', npm: '10.2.4' }
2943 warn EBADENGINE }
2944 timing idealTree Completed in 84129ms
2945 timing reify:loadTrees Completed in 84131ms
2946 timing reify:diffTrees Completed in 8ms
2947 silly reify moves {}
2948 timing reify:retireShallow Completed in 0ms
2949 timing reify:createSparse Completed in 197ms
2950 timing reify:loadBundles Completed in 0ms
2951 silly audit bulk request {
2951 silly audit   '@nestjs/cli': [ '10.4.9' ],
2951 silly audit   '@nestjs/common': [ '10.4.22' ],
2951 silly audit   rxjs: [ '7.8.2', '7.8.1' ],
2951 silly audit   'reflect-metadata': [ '0.2.2' ],
2951 silly audit   '@nestjs/core': [ '10.4.22' ],
2951 silly audit   '@nestjs/platform-express': [ '10.4.22' ],
2951 silly audit   '@nestjs/schematics': [ '10.2.3' ],
2951 silly audit   typescript: [ '5.9.3', '5.7.2' ],
2951 silly audit   '@nestjs/testing': [ '10.4.22' ],
2951 silly audit   '@types/express': [ '5.0.6' ],
2951 silly audit   '@types/jest': [ '29.5.14' ],
2951 silly audit   '@types/node': [ '20.19.39' ],
2951 silly audit   '@types/supertest': [ '6.0.3' ],
2951 silly audit   '@typescript-eslint/eslint-plugin': [ '8.58.1' ],
2951 silly audit   eslint: [ '8.57.1' ],
2951 silly audit   '@typescript-eslint/parser': [ '8.58.1' ],
2951 silly audit   'eslint-config-prettier': [ '9.1.2' ],
2951 silly audit   'eslint-plugin-prettier': [ '5.5.5' ],
2951 silly audit   prettier: [ '3.8.1' ],
2951 silly audit   jest: [ '29.7.0' ],
2951 silly audit   'source-map-support': [ '0.5.21', '0.5.13' ],
2951 silly audit   supertest: [ '7.2.2' ],
2951 silly audit   'ts-jest': [ '29.4.9' ],
2951 silly audit   'ts-loader': [ '9.5.7' ],
2951 silly audit   webpack: [ '5.106.0', '5.97.1' ],
2951 silly audit   'ts-node': [ '10.9.2' ],
2951 silly audit   'tsconfig-paths': [ '4.2.0' ],
2951 silly audit   '@angular-devkit/core': [ '17.3.11' ],
2951 silly audit   '@angular-devkit/schematics': [ '17.3.11' ],
2951 silly audit   '@angular-devkit/schematics-cli': [ '17.3.11' ],
2951 silly audit   chalk: [ '4.1.2', '5.6.2' ],
2951 silly audit   chokidar: [ '3.6.0' ],
2951 silly audit   'cli-table3': [ '0.6.5' ],
2951 silly audit   commander: [ '4.1.1', '2.20.3' ],
2951 silly audit   'fork-ts-checker-webpack-plugin': [ '9.0.2' ],
2951 silly audit   glob: [ '10.4.5', '7.2.3' ],
2951 silly audit   inquirer: [ '8.2.6', '9.2.15' ],
2951 silly audit   'node-emoji': [ '1.11.0' ],
2951 silly audit   ora: [ '5.4.1' ],
2951 silly audit   'tree-kill': [ '1.2.2' ],
2951 silly audit   'tsconfig-paths-webpack-plugin': [ '4.2.0' ],
2951 silly audit   'webpack-node-externals': [ '3.0.0' ],
2951 silly audit   ajv: [ '8.12.0', '6.14.0' ],
2951 silly audit   'ajv-formats': [ '2.1.1' ],
2951 silly audit   'jsonc-parser': [ '3.2.1', '3.3.1' ],
2951 silly audit   picomatch: [ '4.0.1', '2.3.2', '4.0.4' ],
2951 silly audit   'source-map': [ '0.7.4', '0.6.1' ],
2951 silly audit   'magic-string': [ '0.30.8' ],
2951 silly audit   'ansi-colors': [ '4.1.3' ],
2951 silly audit   'symbol-observable': [ '4.0.0' ],
2951 silly audit   'yargs-parser': [ '21.1.1' ],
2951 silly audit   'file-type': [ '20.4.1' ],
2951 silly audit   iterare: [ '1.2.1' ],
2951 silly audit   tslib: [ '2.8.1' ],
2951 silly audit   uid: [ '2.0.2' ],
2951 silly audit   '@nuxtjs/opencollective': [ '0.3.2' ],
2951 silly audit   'fast-safe-stringify': [ '2.1.1' ],
2951 silly audit   'path-to-regexp': [ '3.3.0', '0.1.13' ],
2951 silly audit   'body-parser': [ '1.20.4' ],
2951 silly audit   cors: [ '2.8.5' ],
2951 silly audit   express: [ '4.22.1' ],
2951 silly audit   multer: [ '2.0.2' ],
2951 silly audit   'comment-json': [ '4.2.5' ],
2951 silly audit   pluralize: [ '8.0.0' ],
2951 silly audit   consola: [ '2.15.3' ],
2951 silly audit   'node-fetch': [ '2.7.0' ],
2951 silly audit   '@types/body-parser': [ '1.19.6' ],
2951 silly audit   '@types/express-serve-static-core': [ '5.1.1' ],
2951 silly audit   '@types/serve-static': [ '2.2.0' ],
2951 silly audit   '@types/connect': [ '3.4.38' ],
2951 silly audit   '@types/qs': [ '6.15.0' ],
2951 silly audit   '@types/range-parser': [ '1.2.7' ],
2951 silly audit   '@types/send': [ '1.2.1' ],
2951 silly audit   expect: [ '29.7.0' ],
2951 silly audit   'pretty-format': [ '29.7.0' ],
2951 silly audit   'undici-types': [ '6.21.0' ],
2951 silly audit   '@types/http-errors': [ '2.0.5' ],
2951 silly audit   '@types/methods': [ '1.1.4' ],
2951 silly audit   '@types/superagent': [ '8.1.9' ],
2951 silly audit   '@types/cookiejar': [ '2.1.5' ],
2951 silly audit   'form-data': [ '4.0.5' ],
2951 silly audit   '@eslint-community/regexpp': [ '4.12.2' ],
2951 silly audit   '@typescript-eslint/scope-manager': [ '8.58.1' ],
2951 silly audit   '@typescript-eslint/type-utils': [ '8.58.1' ],
2951 silly audit   '@typescript-eslint/utils': [ '8.58.1' ],
2951 silly audit   '@typescript-eslint/visitor-keys': [ '8.58.1' ],
2951 silly audit   ignore: [ '7.0.5', '5.3.2' ],
2951 silly audit   'natural-compare': [ '1.4.0' ],
2951 silly audit   'ts-api-utils': [ '2.5.0' ],
2951 silly audit   '@typescript-eslint/types': [ '8.58.1' ],
2951 silly audit   '@typescript-eslint/typescript-estree': [ '8.58.1' ],
2951 silly audit   debug: [ '4.4.3', '2.6.9' ],
2951 silly audit   '@typescript-eslint/project-service': [ '8.58.1' ],
2951 silly audit   '@typescript-eslint/tsconfig-utils': [ '8.58.1' ],
2951 silly audit   minimatch: [ '10.2.5', '3.1.5', '9.0.9' ],
2951 silly audit   semver: [ '7.7.4', '6.3.1' ],
2951 silly audit   tinyglobby: [ '0.2.16' ],
2951 silly audit   '@eslint-community/eslint-utils': [ '4.9.1' ],
2951 silly audit   'eslint-visitor-keys': [ '3.4.3', '5.0.1' ],
2951 silly audit   'fast-deep-equal': [ '3.1.3' ],
2951 silly audit   'json-schema-traverse': [ '1.0.0', '0.4.1' ],
2951 silly audit   'require-from-string': [ '2.0.2' ],
2951 silly audit   'uri-js': [ '4.4.1' ],
2951 silly audit   bytes: [ '3.1.2' ],
2951 silly audit   'content-type': [ '1.0.5' ],
2951 silly audit   depd: [ '2.0.0' ],
2951 silly audit   destroy: [ '1.2.0' ],
2951 silly audit   'http-errors': [ '2.0.1' ],
2951 silly audit   'iconv-lite': [ '0.4.24' ],
2951 silly audit   'on-finished': [ '2.4.1' ],
2951 silly audit   qs: [ '6.14.2' ],
2951 silly audit   'raw-body': [ '2.5.3' ],
2951 silly audit   'type-is': [ '1.6.18' ],
2951 silly audit   unpipe: [ '1.0.0' ],
2951 silly audit   'ansi-styles': [ '4.3.0', '5.2.0', '6.2.3' ],
2951 silly audit   'supports-color': [ '7.2.0', '8.1.1' ],
2951 silly audit   'color-convert': [ '2.0.1' ],
2951 silly audit   anymatch: [ '3.1.3' ],
2951 silly audit   braces: [ '3.0.3' ],
2951 silly audit   fsevents: [ '2.3.3' ],
2951 silly audit   'glob-parent': [ '5.1.2', '6.0.2' ],
2951 silly audit   'is-binary-path': [ '2.1.0' ],
2951 silly audit   'is-glob': [ '4.0.3' ],
2951 silly audit   'normalize-path': [ '3.0.0' ],
2951 silly audit   readdirp: [ '3.6.0' ],
2951 silly audit   'fill-range': [ '7.1.1' ],
2951 silly audit   '@colors/colors': [ '1.5.0' ],
2951 silly audit   'string-width': [ '4.2.3', '5.1.2' ],
2951 silly audit   'color-name': [ '1.1.4' ],
2951 silly audit   'array-timsort': [ '1.0.3' ],
2951 silly audit   'core-util-is': [ '1.0.3' ],
2951 silly audit   esprima: [ '4.0.1' ],
2951 silly audit   'has-own-prop': [ '2.0.0' ],
2951 silly audit   'repeat-string': [ '1.6.1' ],
2951 silly audit   'object-assign': [ '4.1.1' ],
2951 silly audit   vary: [ '1.1.2' ],
2951 silly audit   ms: [ '2.1.3', '2.0.0' ],
2951 silly audit   '@eslint/eslintrc': [ '2.1.4' ],
2951 silly audit   '@eslint/js': [ '8.57.1' ],
2951 silly audit   '@humanwhocodes/config-array': [ '0.13.0' ],
2951 silly audit   '@humanwhocodes/module-importer': [ '1.0.1' ],
2951 silly audit   '@nodelib/fs.walk': [ '1.2.8' ],
2951 silly audit   '@ungap/structured-clone': [ '1.3.0' ],
2951 silly audit   'cross-spawn': [ '7.0.6' ],
2951 silly audit   doctrine: [ '3.0.0' ],
2951 silly audit   'escape-string-regexp': [ '4.0.0', '1.0.5', '2.0.0' ],
2951 silly audit   'eslint-scope': [ '7.2.2', '5.1.1' ],
2951 silly audit   espree: [ '9.6.1' ],
2951 silly audit   esquery: [ '1.7.0' ],
2951 silly audit   esutils: [ '2.0.3' ],
2951 silly audit   'file-entry-cache': [ '6.0.1' ],
2951 silly audit   'find-up': [ '5.0.0', '4.1.0' ],
2951 silly audit   globals: [ '13.24.0' ],
2951 silly audit   graphemer: [ '1.4.0' ],
2951 silly audit   imurmurhash: [ '0.1.4' ],
2951 silly audit   'is-path-inside': [ '3.0.3' ],
2951 silly audit   'js-yaml': [ '4.1.1', '3.14.2' ],
2951 silly audit   'json-stable-stringify-without-jsonify': [ '1.0.1' ],
2951 silly audit   levn: [ '0.4.1' ],
2951 silly audit   'lodash.merge': [ '4.6.2' ],
2951 silly audit   optionator: [ '0.9.4' ],
2951 silly audit   'strip-ansi': [ '6.0.1', '7.2.0' ],
2951 silly audit   'text-table': [ '0.2.0' ],
2951 silly audit   'import-fresh': [ '3.3.1' ],
2951 silly audit   'strip-json-comments': [ '3.1.1' ],
2951 silly audit   '@humanwhocodes/object-schema': [ '2.0.3' ],
2951 silly audit   '@nodelib/fs.scandir': [ '2.1.5' ],
2951 silly audit   fastq: [ '1.20.1' ],
2951 silly audit   '@nodelib/fs.stat': [ '2.0.5' ],
2951 silly audit   'run-parallel': [ '1.2.0' ],
2951 silly audit   'path-key': [ '3.1.1' ],
2951 silly audit   'shebang-command': [ '2.0.0' ],
2951 silly audit   which: [ '2.0.2' ],
2951 silly audit   'prettier-linter-helpers': [ '1.0.1' ],
2951 silly audit   synckit: [ '0.11.12' ],
2951 silly audit   esrecurse: [ '4.3.0' ],
2951 silly audit   estraverse: [ '5.3.0', '4.3.0' ],
2951 silly audit   acorn: [ '8.16.0' ],
2951 silly audit   'acorn-jsx': [ '5.3.2' ],
2951 silly audit   '@jest/expect-utils': [ '29.7.0' ],
2951 silly audit   'jest-get-type': [ '29.6.3' ],
2951 silly audit   'jest-matcher-utils': [ '29.7.0' ],
2951 silly audit   'jest-message-util': [ '29.7.0' ],
2951 silly audit   'jest-util': [ '29.7.0' ],
2951 silly audit   accepts: [ '1.3.8' ],
2951 silly audit   'array-flatten': [ '1.1.1' ],
2951 silly audit   'content-disposition': [ '0.5.4' ],
2951 silly audit   cookie: [ '0.7.2' ],
2951 silly audit   'cookie-signature': [ '1.0.7', '1.2.2' ],
2951 silly audit   encodeurl: [ '2.0.0' ],
2951 silly audit   'escape-html': [ '1.0.3' ],
2951 silly audit   etag: [ '1.8.1' ],
2951 silly audit   finalhandler: [ '1.3.2' ],
2951 silly audit   fresh: [ '0.5.2' ],
2951 silly audit   'merge-descriptors': [ '1.0.3' ],
2951 silly audit   methods: [ '1.1.2' ],
2951 silly audit   parseurl: [ '1.3.3' ],
2951 silly audit   'proxy-addr': [ '2.0.7' ],
2951 silly audit   'range-parser': [ '1.2.1' ],
2951 silly audit   'safe-buffer': [ '5.2.1' ],
2951 silly audit   send: [ '0.19.2' ],
2951 silly audit   'serve-static': [ '1.16.3' ],
2951 silly audit   setprototypeof: [ '1.2.0' ],
2951 silly audit   statuses: [ '2.0.2' ],
2951 silly audit   'utils-merge': [ '1.0.1' ],
2951 silly audit   'mime-types': [ '2.1.35' ],
2951 silly audit   negotiator: [ '0.6.3' ],
2951 silly audit   reusify: [ '1.1.0' ],
2951 silly audit   'flat-cache': [ '3.2.0' ],
2951 silly audit   '@tokenizer/inflate': [ '0.2.7' ],
2951 silly audit   strtok3: [ '10.3.5' ],
2951 silly audit   'token-types': [ '6.1.2' ],
2951 silly audit   'uint8array-extras': [ '1.5.0' ],
2951 silly audit   fflate: [ '0.8.2' ],
2951 silly audit   'to-regex-range': [ '5.0.1' ],
2951 silly audit   'locate-path': [ '6.0.0', '5.0.0' ],
2951 silly audit   'path-exists': [ '4.0.0' ],
2951 silly audit   flatted: [ '3.4.2' ],
2951 silly audit   keyv: [ '4.5.4' ],
2951 silly audit   rimraf: [ '3.0.2' ],
2951 silly audit   '@babel/code-frame': [ '7.29.0' ],
2951 silly audit   cosmiconfig: [ '8.3.6' ],
2951 silly audit   deepmerge: [ '4.3.1' ],
2951 silly audit   'fs-extra': [ '10.1.0' ],
2951 silly audit   memfs: [ '3.5.3' ],
2951 silly audit   'node-abort-controller': [ '3.1.1' ],
2951 silly audit   'schema-utils': [ '3.3.0', '4.3.3' ],
2951 silly audit   tapable: [ '2.3.2' ],
2951 silly audit   '@babel/helper-validator-identifier': [ '7.28.5' ],
2951 silly audit   'js-tokens': [ '4.0.0' ],
2951 silly audit   picocolors: [ '1.1.1' ],
2951 silly audit   'parse-json': [ '5.2.0' ],
2951 silly audit   'path-type': [ '4.0.0' ],
2951 silly audit   asynckit: [ '0.4.0' ],
2951 silly audit   'combined-stream': [ '1.0.8' ],
2951 silly audit   'es-set-tostringtag': [ '2.1.0' ],
2951 silly audit   hasown: [ '2.0.2' ],
2951 silly audit   'delayed-stream': [ '1.0.0' ],
2951 silly audit   'es-errors': [ '1.3.0' ],
2951 silly audit   'get-intrinsic': [ '1.3.0' ],
2951 silly audit   'has-tostringtag': [ '1.0.2' ],
2951 silly audit   'graceful-fs': [ '4.2.11' ],
2951 silly audit   jsonfile: [ '6.2.0' ],
2951 silly audit   universalify: [ '2.0.1' ],
2951 silly audit   'call-bind-apply-helpers': [ '1.0.2' ],
2951 silly audit   'es-define-property': [ '1.0.1' ],
2951 silly audit   'es-object-atoms': [ '1.1.1' ],
2951 silly audit   'function-bind': [ '1.1.2' ],
2951 silly audit   'get-proto': [ '1.0.1' ],
2951 silly audit   gopd: [ '1.2.0' ],
2951 silly audit   'has-symbols': [ '1.1.0' ],
2951 silly audit   'math-intrinsics': [ '1.1.0' ],
2951 silly audit   'dunder-proto': [ '1.0.1' ],
2951 silly audit   'foreground-child': [ '3.3.1' ],
2951 silly audit   jackspeak: [ '3.4.3' ],
2951 silly audit   minipass: [ '7.1.3' ],
2951 silly audit   'package-json-from-dist': [ '1.0.1' ],
2951 silly audit   'path-scurry': [ '1.11.1' ],
2951 silly audit   'signal-exit': [ '4.1.0', '3.0.7' ],
2951 silly audit   'type-fest': [ '0.20.2', '0.21.3', '4.41.0' ],
2951 silly audit   inherits: [ '2.0.4' ],
2951 silly audit   toidentifier: [ '1.0.1' ],
2951 silly audit   'safer-buffer': [ '2.1.2' ],
2951 silly audit   'parent-module': [ '1.0.1' ],
2951 silly audit   'resolve-from': [ '4.0.0', '5.0.0' ],
2951 silly audit   'ansi-escapes': [ '4.3.2' ],
2951 silly audit   'cli-cursor': [ '3.1.0' ],
2951 silly audit   'cli-width': [ '3.0.0', '4.1.0' ],
2951 silly audit   'external-editor': [ '3.1.0' ],
2951 silly audit   figures: [ '3.2.0' ],
2951 silly audit   lodash: [ '4.18.1' ],
2951 silly audit   'mute-stream': [ '0.0.8', '1.0.0' ],
2951 silly audit   'run-async': [ '2.4.1', '3.0.0' ],
2951 silly audit   through: [ '2.3.8' ],
2951 silly audit   'wrap-ansi': [ '6.2.0', '8.1.0', '7.0.0' ],
2951 silly audit   'restore-cursor': [ '3.1.0' ],
2951 silly audit   chardet: [ '0.7.0' ],
2951 silly audit   tmp: [ '0.0.33' ],
2951 silly audit   'binary-extensions': [ '2.3.0' ],
2951 silly audit   'is-extglob': [ '2.1.1' ],
2951 silly audit   '@isaacs/cliui': [ '8.0.2' ],
2951 silly audit   '@pkgjs/parseargs': [ '0.11.0' ],
2951 silly audit   '@jest/core': [ '29.7.0' ],
2951 silly audit   '@jest/types': [ '29.6.3' ],
2951 silly audit   'import-local': [ '3.2.0' ],
2951 silly audit   'jest-cli': [ '29.7.0' ],
2951 silly audit   '@jest/console': [ '29.7.0' ],
2951 silly audit   '@jest/reporters': [ '29.7.0' ],
2951 silly audit   '@jest/test-result': [ '29.7.0' ],
2951 silly audit   '@jest/transform': [ '29.7.0' ],
2951 silly audit   'ci-info': [ '3.9.0' ],
2951 silly audit   exit: [ '0.1.2' ],
2951 silly audit   'jest-changed-files': [ '29.7.0' ],
2951 silly audit   'jest-config': [ '29.7.0' ],
2951 silly audit   'jest-haste-map': [ '29.7.0' ],
2951 silly audit   'jest-regex-util': [ '29.6.3' ],
2951 silly audit   'jest-resolve': [ '29.7.0' ],
2951 silly audit   'jest-resolve-dependencies': [ '29.7.0' ],
2951 silly audit   'jest-runner': [ '29.7.0' ],
2951 silly audit   'jest-runtime': [ '29.7.0' ],
2951 silly audit   'jest-snapshot': [ '29.7.0' ],
2951 silly audit   'jest-validate': [ '29.7.0' ],
2951 silly audit   'jest-watcher': [ '29.7.0' ],
2951 silly audit   micromatch: [ '4.0.8' ],
2951 silly audit   slash: [ '3.0.0' ],
2951 silly audit   '@bcoe/v8-coverage': [ '0.2.3' ],
2951 silly audit   '@jridgewell/trace-mapping': [ '0.3.31', '0.3.9' ],
2951 silly audit   'collect-v8-coverage': [ '1.0.3' ],
2951 silly audit   'istanbul-lib-coverage': [ '3.2.2' ],
2951 silly audit   'istanbul-lib-instrument': [ '6.0.3', '5.2.1' ],
2951 silly audit   'istanbul-lib-report': [ '3.0.1' ],
2951 silly audit   'istanbul-lib-source-maps': [ '4.0.1' ],
2951 silly audit   'istanbul-reports': [ '3.2.0' ],
2951 silly audit   'jest-worker': [ '29.7.0', '27.5.1' ],
2951 silly audit   'string-length': [ '4.0.2' ],
2951 silly audit   'v8-to-istanbul': [ '9.3.0' ],
2951 silly audit   '@types/istanbul-lib-coverage': [ '2.0.6' ],
2951 silly audit   '@babel/core': [ '7.29.0' ],
2951 silly audit   'babel-plugin-istanbul': [ '6.1.1' ],
2951 silly audit   'convert-source-map': [ '2.0.0' ],
2951 silly audit   'fast-json-stable-stringify': [ '2.1.0' ],
2951 silly audit   pirates: [ '4.0.7' ],
2951 silly audit   'write-file-atomic': [ '4.0.2' ],
2951 silly audit   '@babel/generator': [ '7.29.1' ],
2951 silly audit   '@babel/helper-compilation-targets': [ '7.28.6' ],
2951 silly audit   '@babel/helper-module-transforms': [ '7.28.6' ],
2951 silly audit   '@babel/helpers': [ '7.29.2' ],
2951 silly audit   '@babel/parser': [ '7.29.2' ],
2951 silly audit   '@babel/template': [ '7.28.6' ],
2951 silly audit   '@babel/traverse': [ '7.29.0' ],
2951 silly audit   '@babel/types': [ '7.29.0' ],
2951 silly audit   '@jridgewell/remapping': [ '2.3.5' ],
2951 silly audit   gensync: [ '1.0.0-beta.2' ],
2951 silly audit   json5: [ '2.2.3' ],
2951 silly audit   '@jridgewell/gen-mapping': [ '0.3.13' ],
2951 silly audit   jsesc: [ '3.1.0' ],
2951 silly audit   '@babel/compat-data': [ '7.29.0' ],
2951 silly audit   '@babel/helper-validator-option': [ '7.27.1' ],
2951 silly audit   browserslist: [ '4.28.2' ],
2951 silly audit   'lru-cache': [ '5.1.1', '10.4.3' ],
2951 silly audit   '@babel/helper-module-imports': [ '7.28.6' ],
2951 silly audit   '@babel/helper-globals': [ '7.28.0' ],
2951 silly audit   '@babel/helper-string-parser': [ '7.27.1' ],
2951 silly audit   '@jest/schemas': [ '29.6.3' ],
2951 silly audit   '@types/istanbul-reports': [ '3.0.4' ],
2951 silly audit   '@types/yargs': [ '17.0.35' ],
2951 silly audit   '@sinclair/typebox': [ '0.27.10' ],
2951 silly audit   '@jridgewell/sourcemap-codec': [ '1.5.5' ],
2951 silly audit   '@jridgewell/resolve-uri': [ '3.1.2' ],
2951 silly audit   '@types/istanbul-lib-report': [ '3.0.3' ],
2951 silly audit   '@types/yargs-parser': [ '21.0.3' ],
2951 silly audit   '@babel/helper-plugin-utils': [ '7.28.6' ],
2951 silly audit   '@istanbuljs/load-nyc-config': [ '1.1.0' ],
2951 silly audit   '@istanbuljs/schema': [ '0.1.3' ],
2951 silly audit   'test-exclude': [ '6.0.0' ],
2951 silly audit   camelcase: [ '5.3.1', '6.3.0' ],
2951 silly audit   'get-package-type': [ '0.1.0' ],
2951 silly audit   'baseline-browser-mapping': [ '2.10.16' ],
2951 silly audit   'caniuse-lite': [ '1.0.30001787' ],
2951 silly audit   'electron-to-chromium': [ '1.5.334' ],
2951 silly audit   'node-releases': [ '2.0.37' ],
2951 silly audit   'update-browserslist-db': [ '1.2.3' ],
2951 silly audit   'pkg-dir': [ '4.2.0' ],
2951 silly audit   'resolve-cwd': [ '3.0.0' ],
2951 silly audit   'make-dir': [ '4.0.0' ],
2951 silly audit   'html-escaper': [ '2.0.2' ],
2951 silly audit   execa: [ '5.1.1' ],
2951 silly audit   'p-limit': [ '3.1.0', '2.3.0' ],
2951 silly audit   'get-stream': [ '6.0.1' ],
2951 silly audit   'human-signals': [ '2.1.0' ],
2951 silly audit   'is-stream': [ '2.0.1' ],
2951 silly audit   'merge-stream': [ '2.0.0' ],
2951 silly audit   'npm-run-path': [ '4.0.1' ],
2951 silly audit   onetime: [ '5.1.2' ],
2951 silly audit   'strip-final-newline': [ '2.0.0' ],
2951 silly audit   'create-jest': [ '29.7.0' ],
2951 silly audit   yargs: [ '17.7.2' ],
2951 silly audit   prompts: [ '2.4.2' ],
2951 silly audit   '@jest/test-sequencer': [ '29.7.0' ],
2951 silly audit   'babel-jest': [ '29.7.0' ],
2951 silly audit   'jest-circus': [ '29.7.0' ],
2951 silly audit   'jest-environment-node': [ '29.7.0' ],
2951 silly audit   '@types/babel__core': [ '7.20.5' ],
2951 silly audit   'babel-preset-jest': [ '29.6.3' ],
2951 silly audit   '@types/babel__generator': [ '7.27.0' ],
2951 silly audit   '@types/babel__template': [ '7.4.4' ],
2951 silly audit   '@types/babel__traverse': [ '7.28.0' ],
2951 silly audit   'babel-plugin-jest-hoist': [ '29.6.3' ],
2951 silly audit   'babel-preset-current-node-syntax': [ '1.2.0' ],
2951 silly audit   '@babel/plugin-syntax-async-generators': [ '7.8.4' ],
2951 silly audit   '@babel/plugin-syntax-bigint': [ '7.8.3' ],
2951 silly audit   '@babel/plugin-syntax-class-properties': [ '7.12.13' ],
2951 silly audit   '@babel/plugin-syntax-class-static-block': [ '7.14.5' ],
2951 silly audit   '@babel/plugin-syntax-import-attributes': [ '7.28.6' ],
2951 silly audit   '@babel/plugin-syntax-import-meta': [ '7.10.4' ],
2951 silly audit   '@babel/plugin-syntax-json-strings': [ '7.8.3' ],
2951 silly audit   '@babel/plugin-syntax-logical-assignment-operators': [ '7.10.4' ],
2951 silly audit   '@babel/plugin-syntax-nullish-coalescing-operator': [ '7.8.3' ],
2951 silly audit   '@babel/plugin-syntax-numeric-separator': [ '7.10.4' ],
2951 silly audit   '@babel/plugin-syntax-object-rest-spread': [ '7.8.3' ],
2951 silly audit   '@babel/plugin-syntax-optional-catch-binding': [ '7.8.3' ],
2951 silly audit   '@babel/plugin-syntax-optional-chaining': [ '7.8.3' ],
2951 silly audit   '@babel/plugin-syntax-private-property-in-object': [ '7.14.5' ],
2951 silly audit   '@babel/plugin-syntax-top-level-await': [ '7.14.5' ],
2951 silly audit   '@jest/environment': [ '29.7.0' ],
2951 silly audit   '@jest/expect': [ '29.7.0' ],
2951 silly audit   co: [ '4.6.0' ],
2951 silly audit   dedent: [ '1.7.2' ],
2951 silly audit   'is-generator-fn': [ '2.1.0' ],
2951 silly audit   'jest-each': [ '29.7.0' ],
2951 silly audit   'pure-rand': [ '6.1.0' ],
2951 silly audit   'stack-utils': [ '2.0.6' ],
2951 silly audit   '@jest/fake-timers': [ '29.7.0' ],
2951 silly audit   'jest-mock': [ '29.7.0' ],
2951 silly audit   '@sinonjs/fake-timers': [ '10.3.0' ],
2951 silly audit   '@sinonjs/commons': [ '3.0.1' ],
2951 silly audit   'type-detect': [ '4.0.8' ],
2951 silly audit   '@types/graceful-fs': [ '4.1.9' ],
2951 silly audit   'fb-watchman': [ '2.0.2' ],
2951 silly audit   walker: [ '1.0.8' ],
2951 silly audit   bser: [ '2.1.1' ],
2951 silly audit   'node-int64': [ '0.4.0' ],
2951 silly audit   'jest-diff': [ '29.7.0' ],
2951 silly audit   'diff-sequences': [ '29.6.3' ],
2951 silly audit   '@types/stack-utils': [ '2.0.3' ],
2951 silly audit   'jest-pnp-resolver': [ '1.2.3' ],
2951 silly audit   resolve: [ '1.22.11' ],
2951 silly audit   'resolve.exports': [ '2.0.3' ],
2951 silly audit   emittery: [ '0.13.1' ],
2951 silly audit   'jest-docblock': [ '29.7.0' ],
2951 silly audit   'jest-leak-detector': [ '29.7.0' ],
2951 silly audit   'detect-newline': [ '3.1.0' ],
2951 silly audit   '@jest/globals': [ '29.7.0' ],
2951 silly audit   '@jest/source-map': [ '29.6.3' ],
2951 silly audit   'cjs-module-lexer': [ '1.4.3' ],
2951 silly audit   'strip-bom': [ '4.0.0', '3.0.0' ],
2951 silly audit   callsites: [ '3.1.0' ],
2951 silly audit   '@babel/plugin-syntax-jsx': [ '7.28.6' ],
2951 silly audit   '@babel/plugin-syntax-typescript': [ '7.28.6' ],
2951 silly audit   leven: [ '3.1.0' ],
2951 silly audit   argparse: [ '2.0.1', '1.0.10' ],
2951 silly audit   'json-buffer': [ '3.0.1' ],
2951 silly audit   'prelude-ls': [ '1.2.1' ],
2951 silly audit   'type-check': [ '0.4.0' ],
2951 silly audit   'p-locate': [ '5.0.0', '4.1.0' ],
2951 silly audit   yallist: [ '3.1.1' ],
2951 silly audit   'fs-monkey': [ '1.1.0' ],
2951 silly audit   'mime-db': [ '1.52.0' ],
2951 silly audit   'brace-expansion': [ '5.0.5', '1.1.13', '2.0.3' ],
2951 silly audit   'balanced-match': [ '4.0.4', '1.0.2' ],
2951 silly audit   'append-field': [ '1.0.0' ],
2951 silly audit   busboy: [ '1.6.0' ],
2951 silly audit   'concat-stream': [ '2.0.0' ],
2951 silly audit   mkdirp: [ '0.5.6' ],
2951 silly audit   xtend: [ '4.0.2' ],
2951 silly audit   streamsearch: [ '1.1.0' ],
2951 silly audit   'buffer-from': [ '1.1.2' ],
2951 silly audit   'readable-stream': [ '3.6.2' ],
2951 silly audit   typedarray: [ '0.0.6' ],
2951 silly audit   minimist: [ '1.2.8' ],
2951 silly audit   'whatwg-url': [ '5.0.0' ],
2951 silly audit   'ee-first': [ '1.1.1' ],
2951 silly audit   'mimic-fn': [ '2.1.0' ],
2951 silly audit   'deep-is': [ '0.1.4' ],
2951 silly audit   'fast-levenshtein': [ '2.0.6' ],
2951 silly audit   'word-wrap': [ '1.2.5' ],
2951 silly audit   bl: [ '4.1.0' ],
2951 silly audit   'cli-spinners': [ '2.9.2' ],
2951 silly audit   'is-interactive': [ '1.0.0' ],
2951 silly audit   'is-unicode-supported': [ '0.1.0' ],
2951 silly audit   'log-symbols': [ '4.1.0' ],
2951 silly audit   wcwidth: [ '1.0.1' ],
2951 silly audit   buffer: [ '5.7.1' ],
2951 silly audit   'base64-js': [ '1.5.1' ],
2951 silly audit   ieee754: [ '1.2.1' ],
2951 silly audit   'yocto-queue': [ '0.1.0' ],
2951 silly audit   'error-ex': [ '1.3.4' ],
2951 silly audit   'json-parse-even-better-errors': [ '2.3.1' ],
2951 silly audit   'lines-and-columns': [ '1.2.4' ],
2951 silly audit   'is-arrayish': [ '0.2.1' ],
2951 silly audit   'fast-diff': [ '1.3.0' ],
2951 silly audit   'react-is': [ '18.3.1' ],
2951 silly audit   kleur: [ '3.0.3' ],
2951 silly audit   sisteransi: [ '1.0.5' ],
2951 silly audit   forwarded: [ '0.2.0' ],
2951 silly audit   'ipaddr.js': [ '1.9.1' ],
2951 silly audit   'side-channel': [ '1.1.0' ],
2951 silly audit   string_decoder: [ '1.3.0' ],
2951 silly audit   'util-deprecate': [ '1.0.2' ],
2951 silly audit   'is-core-module': [ '2.16.1' ],
2951 silly audit   'path-parse': [ '1.0.7' ],
2951 silly audit   'supports-preserve-symlinks-flag': [ '1.0.0' ],
2951 silly audit   'queue-microtask': [ '1.2.3' ],
2951 silly audit   '@types/json-schema': [ '7.0.15' ],
2951 silly audit   'ajv-keywords': [ '3.5.2', '5.1.0' ],
2951 silly audit   mime: [ '1.6.0', '2.6.0' ],
2951 silly audit   'shebang-regex': [ '3.0.0' ],
2951 silly audit   'object-inspect': [ '1.13.4' ],
2951 silly audit   'side-channel-list': [ '1.0.0' ],
2951 silly audit   'side-channel-map': [ '1.0.1' ],
2951 silly audit   'side-channel-weakmap': [ '1.0.2' ],
2951 silly audit   'call-bound': [ '1.0.4' ],
2951 silly audit   'char-regex': [ '1.0.2' ],
2951 silly audit   'emoji-regex': [ '8.0.0', '9.2.2' ],
2951 silly audit   'is-fullwidth-code-point': [ '3.0.0' ],
2951 silly audit   'ansi-regex': [ '5.0.1', '6.2.2' ],
2951 silly audit   '@tokenizer/token': [ '0.3.0' ],
2951 silly audit   superagent: [ '10.3.0' ],
2951 silly audit   'component-emitter': [ '1.3.1' ],
2951 silly audit   cookiejar: [ '2.1.4' ],
2951 silly audit   formidable: [ '3.5.4' ],
2951 silly audit   '@paralleldrive/cuid2': [ '2.3.1' ],
2951 silly audit   dezalgo: [ '1.0.4' ],
2951 silly audit   once: [ '1.4.0' ],
2951 silly audit   '@noble/hashes': [ '1.8.0' ],
2951 silly audit   asap: [ '2.0.6' ],
2951 silly audit   wrappy: [ '1.0.2' ],
2951 silly audit   'has-flag': [ '4.0.0' ],
2951 silly audit   '@pkgr/core': [ '0.2.9' ],
2951 silly audit   fdir: [ '6.5.0' ],
2951 silly audit   'os-tmpdir': [ '1.0.2' ],
2951 silly audit   'is-number': [ '7.0.0' ],
2951 silly audit   '@borewit/text-codec': [ '0.2.2' ],
2951 silly audit   'bs-logger': [ '0.2.6' ],
2951 silly audit   handlebars: [ '4.7.9' ],
2951 silly audit   'lodash.memoize': [ '4.1.2' ],
2951 silly audit   'make-error': [ '1.3.6' ],
2951 silly audit   'neo-async': [ '2.6.2' ],
2951 silly audit   'uglify-js': [ '3.19.3' ],
2951 silly audit   wordwrap: [ '1.0.0' ],
2951 silly audit   'enhanced-resolve': [ '5.20.1' ],
2951 silly audit   '@cspotcode/source-map-support': [ '0.8.1' ],
2951 silly audit   '@tsconfig/node10': [ '1.0.12' ],
2951 silly audit   '@tsconfig/node12': [ '1.0.11' ],
2951 silly audit   '@tsconfig/node14': [ '1.0.3' ],
2951 silly audit   '@tsconfig/node16': [ '1.0.4' ],
2951 silly audit   'acorn-walk': [ '8.3.5' ],
2951 silly audit   arg: [ '4.1.3' ],
2951 silly audit   'create-require': [ '1.1.1' ],
2951 silly audit   diff: [ '4.0.4' ],
2951 silly audit   'v8-compile-cache-lib': [ '3.0.1' ],
2951 silly audit   yn: [ '3.1.1' ],
2951 silly audit   'media-typer': [ '0.3.0' ],
2951 silly audit   '@lukeed/csprng': [ '1.1.0' ],
2951 silly audit   escalade: [ '3.2.0' ],
2951 silly audit   punycode: [ '2.3.1' ],
2951 silly audit   makeerror: [ '1.0.12' ],
2951 silly audit   tmpl: [ '1.0.5' ],
2951 silly audit   defaults: [ '1.0.4' ],
2951 silly audit   clone: [ '1.0.4' ],
2951 silly audit   '@types/eslint-scope': [ '3.7.7' ],
2951 silly audit   '@types/estree': [ '1.0.8' ],
2951 silly audit   '@webassemblyjs/ast': [ '1.14.1' ],
2951 silly audit   '@webassemblyjs/wasm-edit': [ '1.14.1' ],
2951 silly audit   '@webassemblyjs/wasm-parser': [ '1.14.1' ],
2951 silly audit   'acorn-import-phases': [ '1.0.4' ],
2951 silly audit   'chrome-trace-event': [ '1.0.4' ],
2951 silly audit   'es-module-lexer': [ '2.0.0', '1.7.0' ],
2951 silly audit   events: [ '3.3.0' ],
2951 silly audit   'glob-to-regexp': [ '0.4.1' ],
2951 silly audit   'loader-runner': [ '4.3.1' ],
2951 silly audit   'terser-webpack-plugin': [ '5.4.0' ],
2951 silly audit   watchpack: [ '2.5.1' ],
2951 silly audit   'webpack-sources': [ '3.3.4' ],
2951 silly audit   '@types/eslint': [ '9.6.1' ],
2951 silly audit   '@webassemblyjs/helper-numbers': [ '1.13.2' ],
2951 silly audit   '@webassemblyjs/helper-wasm-bytecode': [ '1.13.2' ],
2951 silly audit   '@webassemblyjs/floating-point-hex-parser': [ '1.13.2' ],
2951 silly audit   '@webassemblyjs/helper-api-error': [ '1.13.2' ],
2951 silly audit   '@xtuc/long': [ '4.2.2' ],
2951 silly audit   '@webassemblyjs/helper-buffer': [ '1.14.1' ],
2951 silly audit   '@webassemblyjs/helper-wasm-section': [ '1.14.1' ],
2951 silly audit   '@webassemblyjs/wasm-gen': [ '1.14.1' ],
2951 silly audit   '@webassemblyjs/wasm-opt': [ '1.14.1' ],
2951 silly audit   '@webassemblyjs/wast-printer': [ '1.14.1' ],
2951 silly audit   '@webassemblyjs/ieee754': [ '1.13.2' ],
2951 silly audit   '@webassemblyjs/leb128': [ '1.13.2' ],
2951 silly audit   '@webassemblyjs/utf8': [ '1.13.2' ],
2951 silly audit   '@xtuc/ieee754': [ '1.2.0' ],
2951 silly audit   terser: [ '5.46.1' ],
2951 silly audit   '@jridgewell/source-map': [ '0.3.11' ],
2951 silly audit   tr46: [ '0.0.3' ],
2951 silly audit   'webidl-conversions': [ '3.0.1' ],
2951 silly audit   isexe: [ '2.0.0' ],
2951 silly audit   cliui: [ '8.0.1' ],
2951 silly audit   'get-caller-file': [ '2.0.5' ],
2951 silly audit   'require-directory': [ '2.1.1' ],
2951 silly audit   y18n: [ '5.0.8' ],
2951 silly audit   '@ljharb/through': [ '2.3.14' ],
2951 silly audit   'call-bind': [ '1.0.8' ],
2951 silly audit   'set-function-length': [ '1.2.2' ],
2951 silly audit   'define-data-property': [ '1.1.4' ],
2951 silly audit   'has-property-descriptors': [ '1.0.2' ],
2951 silly audit   'concat-map': [ '0.0.1' ],
2951 silly audit   eastasianwidth: [ '0.2.0' ],
2951 silly audit   'sprintf-js': [ '1.0.3' ],
2951 silly audit   'p-try': [ '2.2.0' ],
2951 silly audit   'fs.realpath': [ '1.0.0' ],
2951 silly audit   inflight: [ '1.0.6' ],
2951 silly audit   'path-is-absolute': [ '1.0.1' ]
2951 silly audit }
2952 silly tarball no local data for path-is-absolute@https://registry.npmjs.org/path-is-absolute/-/path-is-absolute-1.0.1.tgz. Extracting by manifest.
2953 silly tarball no local data for fs.realpath@https://registry.npmjs.org/fs.realpath/-/fs.realpath-1.0.0.tgz. Extracting by manifest.
2954 silly tarball no local data for inflight@https://registry.npmjs.org/inflight/-/inflight-1.0.6.tgz. Extracting by manifest.
2955 silly tarball no local data for p-try@https://registry.npmjs.org/p-try/-/p-try-2.2.0.tgz. Extracting by manifest.
2956 silly tarball no local data for sprintf-js@https://registry.npmjs.org/sprintf-js/-/sprintf-js-1.0.3.tgz. Extracting by manifest.
2957 silly tarball no local data for y18n@https://registry.npmjs.org/y18n/-/y18n-5.0.8.tgz. Extracting by manifest.
2958 silly tarball no local data for require-directory@https://registry.npmjs.org/require-directory/-/require-directory-2.1.1.tgz. Extracting by manifest.
2959 silly tarball no local data for get-caller-file@https://registry.npmjs.org/get-caller-file/-/get-caller-file-2.0.5.tgz. Extracting by manifest.
2960 silly tarball no local data for cliui@https://registry.npmjs.org/cliui/-/cliui-8.0.1.tgz. Extracting by manifest.
2961 silly tarball no local data for webidl-conversions@https://registry.npmjs.org/webidl-conversions/-/webidl-conversions-3.0.1.tgz. Extracting by manifest.
2962 silly tarball no local data for tr46@https://registry.npmjs.org/tr46/-/tr46-0.0.3.tgz. Extracting by manifest.
2963 silly tarball no local data for es-module-lexer@https://registry.npmjs.org/es-module-lexer/-/es-module-lexer-2.0.0.tgz. Extracting by manifest.
2964 silly tarball no local data for acorn-import-phases@https://registry.npmjs.org/acorn-import-phases/-/acorn-import-phases-1.0.4.tgz. Extracting by manifest.
2965 silly tarball no local data for tmpl@https://registry.npmjs.org/tmpl/-/tmpl-1.0.5.tgz. Extracting by manifest.
2966 silly tarball no local data for makeerror@https://registry.npmjs.org/makeerror/-/makeerror-1.0.12.tgz. Extracting by manifest.
2967 silly tarball no local data for media-typer@https://registry.npmjs.org/media-typer/-/media-typer-0.3.0.tgz. Extracting by manifest.
2968 silly tarball no local data for @lukeed/csprng@https://registry.npmjs.org/@lukeed/csprng/-/csprng-1.1.0.tgz. Extracting by manifest.
2969 silly tarball no local data for v8-compile-cache-lib@https://registry.npmjs.org/v8-compile-cache-lib/-/v8-compile-cache-lib-3.0.1.tgz. Extracting by manifest.
2970 silly tarball no local data for yn@https://registry.npmjs.org/yn/-/yn-3.1.1.tgz. Extracting by manifest.
2971 silly tarball no local data for create-require@https://registry.npmjs.org/create-require/-/create-require-1.1.1.tgz. Extracting by manifest.
2972 silly tarball no local data for acorn-walk@https://registry.npmjs.org/acorn-walk/-/acorn-walk-8.3.5.tgz. Extracting by manifest.
2973 silly tarball no local data for diff@https://registry.npmjs.org/diff/-/diff-4.0.4.tgz. Extracting by manifest.
2974 silly tarball no local data for arg@https://registry.npmjs.org/arg/-/arg-4.1.3.tgz. Extracting by manifest.
2975 silly tarball no local data for @tsconfig/node14@https://registry.npmjs.org/@tsconfig/node14/-/node14-1.0.3.tgz. Extracting by manifest.
2976 silly tarball no local data for @tsconfig/node16@https://registry.npmjs.org/@tsconfig/node16/-/node16-1.0.4.tgz. Extracting by manifest.
2977 silly tarball no local data for @tsconfig/node12@https://registry.npmjs.org/@tsconfig/node12/-/node12-1.0.11.tgz. Extracting by manifest.
2978 silly tarball no local data for @tsconfig/node10@https://registry.npmjs.org/@tsconfig/node10/-/node10-1.0.12.tgz. Extracting by manifest.
2979 silly tarball no local data for @cspotcode/source-map-support@https://registry.npmjs.org/@cspotcode/source-map-support/-/source-map-support-0.8.1.tgz. Extracting by manifest.
2980 silly tarball no local data for uglify-js@https://registry.npmjs.org/uglify-js/-/uglify-js-3.19.3.tgz. Extracting by manifest.
2981 silly tarball no local data for wordwrap@https://registry.npmjs.org/wordwrap/-/wordwrap-1.0.0.tgz. Extracting by manifest.
2982 silly tarball no local data for make-error@https://registry.npmjs.org/make-error/-/make-error-1.3.6.tgz. Extracting by manifest.
2983 silly tarball no local data for lodash.memoize@https://registry.npmjs.org/lodash.memoize/-/lodash.memoize-4.1.2.tgz. Extracting by manifest.
2984 silly tarball no local data for bs-logger@https://registry.npmjs.org/bs-logger/-/bs-logger-0.2.6.tgz. Extracting by manifest.
2985 silly tarball no local data for handlebars@https://registry.npmjs.org/handlebars/-/handlebars-4.7.9.tgz. Extracting by manifest.
2986 silly tarball no local data for @borewit/text-codec@https://registry.npmjs.org/@borewit/text-codec/-/text-codec-0.2.2.tgz. Extracting by manifest.
2987 silly tarball no local data for wrappy@https://registry.npmjs.org/wrappy/-/wrappy-1.0.2.tgz. Extracting by manifest.
2988 silly tarball no local data for @pkgr/core@https://registry.npmjs.org/@pkgr/core/-/core-0.2.9.tgz. Extracting by manifest.
2989 silly tarball no local data for @noble/hashes@https://registry.npmjs.org/@noble/hashes/-/hashes-1.8.0.tgz. Extracting by manifest.
2990 silly tarball no local data for asap@https://registry.npmjs.org/asap/-/asap-2.0.6.tgz. Extracting by manifest.
2991 silly tarball no local data for formidable@https://registry.npmjs.org/formidable/-/formidable-3.5.4.tgz. Extracting by manifest.
2992 silly tarball no local data for once@https://registry.npmjs.org/once/-/once-1.4.0.tgz. Extracting by manifest.
2993 silly tarball no local data for @paralleldrive/cuid2@https://registry.npmjs.org/@paralleldrive/cuid2/-/cuid2-2.3.1.tgz. Extracting by manifest.
2994 silly tarball no local data for dezalgo@https://registry.npmjs.org/dezalgo/-/dezalgo-1.0.4.tgz. Extracting by manifest.
2995 silly tarball no local data for cookiejar@https://registry.npmjs.org/cookiejar/-/cookiejar-2.1.4.tgz. Extracting by manifest.
2996 silly tarball no local data for component-emitter@https://registry.npmjs.org/component-emitter/-/component-emitter-1.3.1.tgz. Extracting by manifest.
2997 silly tarball no local data for superagent@https://registry.npmjs.org/superagent/-/superagent-10.3.0.tgz. Extracting by manifest.
2998 silly tarball no local data for @tokenizer/token@https://registry.npmjs.org/@tokenizer/token/-/token-0.3.0.tgz. Extracting by manifest.
2999 silly tarball no local data for char-regex@https://registry.npmjs.org/char-regex/-/char-regex-1.0.2.tgz. Extracting by manifest.
3000 silly tarball no local data for side-channel-weakmap@https://registry.npmjs.org/side-channel-weakmap/-/side-channel-weakmap-1.0.2.tgz. Extracting by manifest.
3001 silly tarball no local data for side-channel-map@https://registry.npmjs.org/side-channel-map/-/side-channel-map-1.0.1.tgz. Extracting by manifest.
3002 silly tarball no local data for side-channel-list@https://registry.npmjs.org/side-channel-list/-/side-channel-list-1.0.0.tgz. Extracting by manifest.
3003 silly tarball no local data for call-bound@https://registry.npmjs.org/call-bound/-/call-bound-1.0.4.tgz. Extracting by manifest.
3004 silly tarball no local data for object-inspect@https://registry.npmjs.org/object-inspect/-/object-inspect-1.13.4.tgz. Extracting by manifest.
3005 silly tarball no local data for mime@https://registry.npmjs.org/mime/-/mime-1.6.0.tgz. Extracting by manifest.
3006 silly tarball no local data for supports-preserve-symlinks-flag@https://registry.npmjs.org/supports-preserve-symlinks-flag/-/supports-preserve-symlinks-flag-1.0.0.tgz. Extracting by manifest.
3007 silly tarball no local data for is-core-module@https://registry.npmjs.org/is-core-module/-/is-core-module-2.16.1.tgz. Extracting by manifest.
3008 silly tarball no local data for path-parse@https://registry.npmjs.org/path-parse/-/path-parse-1.0.7.tgz. Extracting by manifest.
3009 silly tarball no local data for queue-microtask@https://registry.npmjs.org/queue-microtask/-/queue-microtask-1.2.3.tgz. Extracting by manifest.
3010 silly tarball no local data for side-channel@https://registry.npmjs.org/side-channel/-/side-channel-1.1.0.tgz. Extracting by manifest.
3011 silly tarball no local data for ipaddr.js@https://registry.npmjs.org/ipaddr.js/-/ipaddr.js-1.9.1.tgz. Extracting by manifest.
3012 silly tarball no local data for kleur@https://registry.npmjs.org/kleur/-/kleur-3.0.3.tgz. Extracting by manifest.
3013 silly tarball no local data for forwarded@https://registry.npmjs.org/forwarded/-/forwarded-0.2.0.tgz. Extracting by manifest.
3014 silly tarball no local data for react-is@https://registry.npmjs.org/react-is/-/react-is-18.3.1.tgz. Extracting by manifest.
3015 silly tarball no local data for sisteransi@https://registry.npmjs.org/sisteransi/-/sisteransi-1.0.5.tgz. Extracting by manifest.
3016 silly tarball no local data for fast-diff@https://registry.npmjs.org/fast-diff/-/fast-diff-1.3.0.tgz. Extracting by manifest.
3017 silly tarball no local data for whatwg-url@https://registry.npmjs.org/whatwg-url/-/whatwg-url-5.0.0.tgz. Extracting by manifest.
3018 silly tarball no local data for typedarray@https://registry.npmjs.org/typedarray/-/typedarray-0.0.6.tgz. Extracting by manifest.
3019 silly tarball no local data for ee-first@https://registry.npmjs.org/ee-first/-/ee-first-1.1.1.tgz. Extracting by manifest.
3020 silly tarball no local data for streamsearch@https://registry.npmjs.org/streamsearch/-/streamsearch-1.1.0.tgz. Extracting by manifest.
3021 silly tarball no local data for xtend@https://registry.npmjs.org/xtend/-/xtend-4.0.2.tgz. Extracting by manifest.
3022 silly tarball no local data for mkdirp@https://registry.npmjs.org/mkdirp/-/mkdirp-0.5.6.tgz. Extracting by manifest.
3023 silly tarball no local data for concat-stream@https://registry.npmjs.org/concat-stream/-/concat-stream-2.0.0.tgz. Extracting by manifest.
3024 silly tarball no local data for append-field@https://registry.npmjs.org/append-field/-/append-field-1.0.0.tgz. Extracting by manifest.
3025 silly tarball no local data for busboy@https://registry.npmjs.org/busboy/-/busboy-1.6.0.tgz. Extracting by manifest.
3026 silly tarball no local data for leven@https://registry.npmjs.org/leven/-/leven-3.1.0.tgz. Extracting by manifest.
3027 silly tarball no local data for @babel/plugin-syntax-typescript@https://registry.npmjs.org/@babel/plugin-syntax-typescript/-/plugin-syntax-typescript-7.28.6.tgz. Extracting by manifest.
3028 silly tarball no local data for @babel/plugin-syntax-jsx@https://registry.npmjs.org/@babel/plugin-syntax-jsx/-/plugin-syntax-jsx-7.28.6.tgz. Extracting by manifest.
3029 silly tarball no local data for strip-bom@https://registry.npmjs.org/strip-bom/-/strip-bom-4.0.0.tgz. Extracting by manifest.
3030 silly tarball no local data for @jest/source-map@https://registry.npmjs.org/@jest/source-map/-/source-map-29.6.3.tgz. Extracting by manifest.
3031 silly tarball no local data for cjs-module-lexer@https://registry.npmjs.org/cjs-module-lexer/-/cjs-module-lexer-1.4.3.tgz. Extracting by manifest.
3032 silly tarball no local data for @jest/globals@https://registry.npmjs.org/@jest/globals/-/globals-29.7.0.tgz. Extracting by manifest.
3033 silly tarball no local data for jest-leak-detector@https://registry.npmjs.org/jest-leak-detector/-/jest-leak-detector-29.7.0.tgz. Extracting by manifest.
3034 silly tarball no local data for jest-docblock@https://registry.npmjs.org/jest-docblock/-/jest-docblock-29.7.0.tgz. Extracting by manifest.
3035 silly tarball no local data for detect-newline@https://registry.npmjs.org/detect-newline/-/detect-newline-3.1.0.tgz. Extracting by manifest.
3036 silly tarball no local data for emittery@https://registry.npmjs.org/emittery/-/emittery-0.13.1.tgz. Extracting by manifest.
3037 silly tarball no local data for jest-pnp-resolver@https://registry.npmjs.org/jest-pnp-resolver/-/jest-pnp-resolver-1.2.3.tgz. Extracting by manifest.
3038 silly tarball no local data for resolve@https://registry.npmjs.org/resolve/-/resolve-1.22.11.tgz. Extracting by manifest.
3039 silly tarball no local data for resolve.exports@https://registry.npmjs.org/resolve.exports/-/resolve.exports-2.0.3.tgz. Extracting by manifest.
3040 silly tarball no local data for diff-sequences@https://registry.npmjs.org/diff-sequences/-/diff-sequences-29.6.3.tgz. Extracting by manifest.
3041 silly tarball no local data for jest-diff@https://registry.npmjs.org/jest-diff/-/jest-diff-29.7.0.tgz. Extracting by manifest.
3042 silly tarball no local data for @types/stack-utils@https://registry.npmjs.org/@types/stack-utils/-/stack-utils-2.0.3.tgz. Extracting by manifest.
3043 silly tarball no local data for bser@https://registry.npmjs.org/bser/-/bser-2.1.1.tgz. Extracting by manifest.
3044 silly tarball no local data for node-int64@https://registry.npmjs.org/node-int64/-/node-int64-0.4.0.tgz. Extracting by manifest.
3045 silly tarball no local data for walker@https://registry.npmjs.org/walker/-/walker-1.0.8.tgz. Extracting by manifest.
3046 silly tarball no local data for type-detect@https://registry.npmjs.org/type-detect/-/type-detect-4.0.8.tgz. Extracting by manifest.
3047 silly tarball no local data for @types/graceful-fs@https://registry.npmjs.org/@types/graceful-fs/-/graceful-fs-4.1.9.tgz. Extracting by manifest.
3048 silly tarball no local data for fb-watchman@https://registry.npmjs.org/fb-watchman/-/fb-watchman-2.0.2.tgz. Extracting by manifest.
3049 silly tarball no local data for @sinonjs/fake-timers@https://registry.npmjs.org/@sinonjs/fake-timers/-/fake-timers-10.3.0.tgz. Extracting by manifest.
3050 silly tarball no local data for @sinonjs/commons@https://registry.npmjs.org/@sinonjs/commons/-/commons-3.0.1.tgz. Extracting by manifest.
3051 silly tarball no local data for jest-mock@https://registry.npmjs.org/jest-mock/-/jest-mock-29.7.0.tgz. Extracting by manifest.
3052 silly tarball no local data for stack-utils@https://registry.npmjs.org/stack-utils/-/stack-utils-2.0.6.tgz. Extracting by manifest.
3053 silly tarball no local data for @jest/fake-timers@https://registry.npmjs.org/@jest/fake-timers/-/fake-timers-29.7.0.tgz. Extracting by manifest.
3054 silly tarball no local data for jest-each@https://registry.npmjs.org/jest-each/-/jest-each-29.7.0.tgz. Extracting by manifest.
3055 silly tarball no local data for pure-rand@https://registry.npmjs.org/pure-rand/-/pure-rand-6.1.0.tgz. Extracting by manifest.
3056 silly tarball no local data for is-generator-fn@https://registry.npmjs.org/is-generator-fn/-/is-generator-fn-2.1.0.tgz. Extracting by manifest.
3057 silly tarball no local data for dedent@https://registry.npmjs.org/dedent/-/dedent-1.7.2.tgz. Extracting by manifest.
3058 silly tarball no local data for co@https://registry.npmjs.org/co/-/co-4.6.0.tgz. Extracting by manifest.
3059 silly tarball no local data for @jest/environment@https://registry.npmjs.org/@jest/environment/-/environment-29.7.0.tgz. Extracting by manifest.
3060 silly tarball no local data for @jest/expect@https://registry.npmjs.org/@jest/expect/-/expect-29.7.0.tgz. Extracting by manifest.
3061 silly tarball no local data for @babel/plugin-syntax-top-level-await@https://registry.npmjs.org/@babel/plugin-syntax-top-level-await/-/plugin-syntax-top-level-await-7.14.5.tgz. Extracting by manifest.
3062 silly tarball no local data for @babel/plugin-syntax-optional-chaining@https://registry.npmjs.org/@babel/plugin-syntax-optional-chaining/-/plugin-syntax-optional-chaining-7.8.3.tgz. Extracting by manifest.
3063 silly tarball no local data for @babel/plugin-syntax-private-property-in-object@https://registry.npmjs.org/@babel/plugin-syntax-private-property-in-object/-/plugin-syntax-private-property-in-object-7.14.5.tgz. Extracting by manifest.
3064 silly tarball no local data for @babel/plugin-syntax-optional-catch-binding@https://registry.npmjs.org/@babel/plugin-syntax-optional-catch-binding/-/plugin-syntax-optional-catch-binding-7.8.3.tgz. Extracting by manifest.
3065 silly tarball no local data for @babel/plugin-syntax-object-rest-spread@https://registry.npmjs.org/@babel/plugin-syntax-object-rest-spread/-/plugin-syntax-object-rest-spread-7.8.3.tgz. Extracting by manifest.
3066 silly tarball no local data for @babel/plugin-syntax-nullish-coalescing-operator@https://registry.npmjs.org/@babel/plugin-syntax-nullish-coalescing-operator/-/plugin-syntax-nullish-coalescing-operator-7.8.3.tgz. Extracting by manifest.
3067 silly tarball no local data for @babel/plugin-syntax-numeric-separator@https://registry.npmjs.org/@babel/plugin-syntax-numeric-separator/-/plugin-syntax-numeric-separator-7.10.4.tgz. Extracting by manifest.
3068 silly tarball no local data for @babel/plugin-syntax-json-strings@https://registry.npmjs.org/@babel/plugin-syntax-json-strings/-/plugin-syntax-json-strings-7.8.3.tgz. Extracting by manifest.
3069 silly tarball no local data for @babel/plugin-syntax-logical-assignment-operators@https://registry.npmjs.org/@babel/plugin-syntax-logical-assignment-operators/-/plugin-syntax-logical-assignment-operators-7.10.4.tgz. Extracting by manifest.
3070 silly tarball no local data for @babel/plugin-syntax-import-meta@https://registry.npmjs.org/@babel/plugin-syntax-import-meta/-/plugin-syntax-import-meta-7.10.4.tgz. Extracting by manifest.
3071 silly tarball no local data for @babel/plugin-syntax-import-attributes@https://registry.npmjs.org/@babel/plugin-syntax-import-attributes/-/plugin-syntax-import-attributes-7.28.6.tgz. Extracting by manifest.
3072 silly tarball no local data for @babel/plugin-syntax-class-properties@https://registry.npmjs.org/@babel/plugin-syntax-class-properties/-/plugin-syntax-class-properties-7.12.13.tgz. Extracting by manifest.
3073 silly tarball no local data for @babel/plugin-syntax-bigint@https://registry.npmjs.org/@babel/plugin-syntax-bigint/-/plugin-syntax-bigint-7.8.3.tgz. Extracting by manifest.
3074 silly tarball no local data for @babel/plugin-syntax-async-generators@https://registry.npmjs.org/@babel/plugin-syntax-async-generators/-/plugin-syntax-async-generators-7.8.4.tgz. Extracting by manifest.
3075 silly tarball no local data for @babel/plugin-syntax-class-static-block@https://registry.npmjs.org/@babel/plugin-syntax-class-static-block/-/plugin-syntax-class-static-block-7.14.5.tgz. Extracting by manifest.
3076 silly tarball no local data for babel-plugin-jest-hoist@https://registry.npmjs.org/babel-plugin-jest-hoist/-/babel-plugin-jest-hoist-29.6.3.tgz. Extracting by manifest.
3077 silly tarball no local data for babel-preset-current-node-syntax@https://registry.npmjs.org/babel-preset-current-node-syntax/-/babel-preset-current-node-syntax-1.2.0.tgz. Extracting by manifest.
3078 silly tarball no local data for jest-environment-node@https://registry.npmjs.org/jest-environment-node/-/jest-environment-node-29.7.0.tgz. Extracting by manifest.
3079 silly tarball no local data for babel-preset-jest@https://registry.npmjs.org/babel-preset-jest/-/babel-preset-jest-29.6.3.tgz. Extracting by manifest.
3080 silly tarball no local data for babel-jest@https://registry.npmjs.org/babel-jest/-/babel-jest-29.7.0.tgz. Extracting by manifest.
3081 silly tarball no local data for @jest/test-sequencer@https://registry.npmjs.org/@jest/test-sequencer/-/test-sequencer-29.7.0.tgz. Extracting by manifest.
3082 silly tarball no local data for yargs@https://registry.npmjs.org/yargs/-/yargs-17.7.2.tgz. Extracting by manifest.
3083 silly tarball no local data for jest-circus@https://registry.npmjs.org/jest-circus/-/jest-circus-29.7.0.tgz. Extracting by manifest.
3084 silly tarball no local data for prompts@https://registry.npmjs.org/prompts/-/prompts-2.4.2.tgz. Extracting by manifest.
3085 silly tarball no local data for strip-final-newline@https://registry.npmjs.org/strip-final-newline/-/strip-final-newline-2.0.0.tgz. Extracting by manifest.
3086 silly tarball no local data for create-jest@https://registry.npmjs.org/create-jest/-/create-jest-29.7.0.tgz. Extracting by manifest.
3087 silly tarball no local data for npm-run-path@https://registry.npmjs.org/npm-run-path/-/npm-run-path-4.0.1.tgz. Extracting by manifest.
3088 silly tarball no local data for is-stream@https://registry.npmjs.org/is-stream/-/is-stream-2.0.1.tgz. Extracting by manifest.
3089 silly tarball no local data for human-signals@https://registry.npmjs.org/human-signals/-/human-signals-2.1.0.tgz. Extracting by manifest.
3090 silly tarball no local data for execa@https://registry.npmjs.org/execa/-/execa-5.1.1.tgz. Extracting by manifest.
3091 silly tarball no local data for get-stream@https://registry.npmjs.org/get-stream/-/get-stream-6.0.1.tgz. Extracting by manifest.
3092 silly tarball no local data for make-dir@https://registry.npmjs.org/make-dir/-/make-dir-4.0.0.tgz. Extracting by manifest.
3093 silly tarball no local data for html-escaper@https://registry.npmjs.org/html-escaper/-/html-escaper-2.0.2.tgz. Extracting by manifest.
3094 silly tarball no local data for resolve-cwd@https://registry.npmjs.org/resolve-cwd/-/resolve-cwd-3.0.0.tgz. Extracting by manifest.
3095 silly tarball no local data for pkg-dir@https://registry.npmjs.org/pkg-dir/-/pkg-dir-4.2.0.tgz. Extracting by manifest.
3096 silly tarball no local data for get-package-type@https://registry.npmjs.org/get-package-type/-/get-package-type-0.1.0.tgz. Extracting by manifest.
3097 silly tarball no local data for camelcase@https://registry.npmjs.org/camelcase/-/camelcase-5.3.1.tgz. Extracting by manifest.
3098 silly tarball no local data for test-exclude@https://registry.npmjs.org/test-exclude/-/test-exclude-6.0.0.tgz. Extracting by manifest.
3099 silly tarball no local data for @istanbuljs/schema@https://registry.npmjs.org/@istanbuljs/schema/-/schema-0.1.3.tgz. Extracting by manifest.
3100 silly tarball no local data for @istanbuljs/load-nyc-config@https://registry.npmjs.org/@istanbuljs/load-nyc-config/-/load-nyc-config-1.1.0.tgz. Extracting by manifest.
3101 silly tarball no local data for @types/istanbul-lib-report@https://registry.npmjs.org/@types/istanbul-lib-report/-/istanbul-lib-report-3.0.3.tgz. Extracting by manifest.
3102 silly tarball no local data for @types/yargs-parser@https://registry.npmjs.org/@types/yargs-parser/-/yargs-parser-21.0.3.tgz. Extracting by manifest.
3103 silly tarball no local data for @sinclair/typebox@https://registry.npmjs.org/@sinclair/typebox/-/typebox-0.27.10.tgz. Extracting by manifest.
3104 silly tarball no local data for @types/yargs@https://registry.npmjs.org/@types/yargs/-/yargs-17.0.35.tgz. Extracting by manifest.
3105 silly tarball no local data for @jest/schemas@https://registry.npmjs.org/@jest/schemas/-/schemas-29.6.3.tgz. Extracting by manifest.
3106 silly tarball no local data for @types/istanbul-reports@https://registry.npmjs.org/@types/istanbul-reports/-/istanbul-reports-3.0.4.tgz. Extracting by manifest.
3107 silly tarball no local data for write-file-atomic@https://registry.npmjs.org/write-file-atomic/-/write-file-atomic-4.0.2.tgz. Extracting by manifest.
3108 silly tarball no local data for pirates@https://registry.npmjs.org/pirates/-/pirates-4.0.7.tgz. Extracting by manifest.
3109 silly tarball no local data for babel-plugin-istanbul@https://registry.npmjs.org/babel-plugin-istanbul/-/babel-plugin-istanbul-6.1.1.tgz. Extracting by manifest.
3110 silly tarball no local data for v8-to-istanbul@https://registry.npmjs.org/v8-to-istanbul/-/v8-to-istanbul-9.3.0.tgz. Extracting by manifest.
3111 silly tarball no local data for @types/istanbul-lib-coverage@https://registry.npmjs.org/@types/istanbul-lib-coverage/-/istanbul-lib-coverage-2.0.6.tgz. Extracting by manifest.
3112 silly tarball no local data for jest-worker@https://registry.npmjs.org/jest-worker/-/jest-worker-29.7.0.tgz. Extracting by manifest.
3113 silly tarball no local data for istanbul-reports@https://registry.npmjs.org/istanbul-reports/-/istanbul-reports-3.2.0.tgz. Extracting by manifest.
3114 silly tarball no local data for istanbul-lib-source-maps@https://registry.npmjs.org/istanbul-lib-source-maps/-/istanbul-lib-source-maps-4.0.1.tgz. Extracting by manifest.
3115 silly tarball no local data for string-length@https://registry.npmjs.org/string-length/-/string-length-4.0.2.tgz. Extracting by manifest.
3116 silly tarball no local data for istanbul-lib-report@https://registry.npmjs.org/istanbul-lib-report/-/istanbul-lib-report-3.0.1.tgz. Extracting by manifest.
3117 silly tarball no local data for istanbul-lib-coverage@https://registry.npmjs.org/istanbul-lib-coverage/-/istanbul-lib-coverage-3.2.2.tgz. Extracting by manifest.
3118 silly tarball no local data for istanbul-lib-instrument@https://registry.npmjs.org/istanbul-lib-instrument/-/istanbul-lib-instrument-6.0.3.tgz. Extracting by manifest.
3119 silly tarball no local data for collect-v8-coverage@https://registry.npmjs.org/collect-v8-coverage/-/collect-v8-coverage-1.0.3.tgz. Extracting by manifest.
3120 silly tarball no local data for slash@https://registry.npmjs.org/slash/-/slash-3.0.0.tgz. Extracting by manifest.
3121 silly tarball no local data for @bcoe/v8-coverage@https://registry.npmjs.org/@bcoe/v8-coverage/-/v8-coverage-0.2.3.tgz. Extracting by manifest.
3122 silly tarball no local data for jest-watcher@https://registry.npmjs.org/jest-watcher/-/jest-watcher-29.7.0.tgz. Extracting by manifest.
3123 silly tarball no local data for micromatch@https://registry.npmjs.org/micromatch/-/micromatch-4.0.8.tgz. Extracting by manifest.
3124 silly tarball no local data for jest-snapshot@https://registry.npmjs.org/jest-snapshot/-/jest-snapshot-29.7.0.tgz. Extracting by manifest.
3125 silly tarball no local data for jest-validate@https://registry.npmjs.org/jest-validate/-/jest-validate-29.7.0.tgz. Extracting by manifest.
3126 silly tarball no local data for jest-runtime@https://registry.npmjs.org/jest-runtime/-/jest-runtime-29.7.0.tgz. Extracting by manifest.
3127 silly tarball no local data for jest-runner@https://registry.npmjs.org/jest-runner/-/jest-runner-29.7.0.tgz. Extracting by manifest.
3128 silly tarball no local data for jest-haste-map@https://registry.npmjs.org/jest-haste-map/-/jest-haste-map-29.7.0.tgz. Extracting by manifest.
3129 silly tarball no local data for jest-regex-util@https://registry.npmjs.org/jest-regex-util/-/jest-regex-util-29.6.3.tgz. Extracting by manifest.
3130 silly tarball no local data for jest-resolve@https://registry.npmjs.org/jest-resolve/-/jest-resolve-29.7.0.tgz. Extracting by manifest.
3131 silly tarball no local data for jest-config@https://registry.npmjs.org/jest-config/-/jest-config-29.7.0.tgz. Extracting by manifest.
3132 silly tarball no local data for jest-resolve-dependencies@https://registry.npmjs.org/jest-resolve-dependencies/-/jest-resolve-dependencies-29.7.0.tgz. Extracting by manifest.
3133 silly tarball no local data for ci-info@https://registry.npmjs.org/ci-info/-/ci-info-3.9.0.tgz. Extracting by manifest.
3134 silly tarball no local data for jest-changed-files@https://registry.npmjs.org/jest-changed-files/-/jest-changed-files-29.7.0.tgz. Extracting by manifest.
3135 silly tarball no local data for exit@https://registry.npmjs.org/exit/-/exit-0.1.2.tgz. Extracting by manifest.
3136 silly tarball no local data for @jest/transform@https://registry.npmjs.org/@jest/transform/-/transform-29.7.0.tgz. Extracting by manifest.
3137 silly tarball no local data for @jest/console@https://registry.npmjs.org/@jest/console/-/console-29.7.0.tgz. Extracting by manifest.
3138 silly tarball no local data for @jest/test-result@https://registry.npmjs.org/@jest/test-result/-/test-result-29.7.0.tgz. Extracting by manifest.
3139 silly tarball no local data for @jest/reporters@https://registry.npmjs.org/@jest/reporters/-/reporters-29.7.0.tgz. Extracting by manifest.
3140 silly tarball no local data for jest-cli@https://registry.npmjs.org/jest-cli/-/jest-cli-29.7.0.tgz. Extracting by manifest.
3141 silly tarball no local data for import-local@https://registry.npmjs.org/import-local/-/import-local-3.2.0.tgz. Extracting by manifest.
3142 silly tarball no local data for @jest/types@https://registry.npmjs.org/@jest/types/-/types-29.6.3.tgz. Extracting by manifest.
3143 silly tarball no local data for @jest/core@https://registry.npmjs.org/@jest/core/-/core-29.7.0.tgz. Extracting by manifest.
3144 silly tarball no local data for type-fest@https://registry.npmjs.org/type-fest/-/type-fest-0.20.2.tgz. Extracting by manifest.
3145 silly tarball no local data for toidentifier@https://registry.npmjs.org/toidentifier/-/toidentifier-1.0.1.tgz. Extracting by manifest.
3146 silly tarball no local data for delayed-stream@https://registry.npmjs.org/delayed-stream/-/delayed-stream-1.0.0.tgz. Extracting by manifest.
3147 silly tarball no local data for has-tostringtag@https://registry.npmjs.org/has-tostringtag/-/has-tostringtag-1.0.2.tgz. Extracting by manifest.
3148 silly tarball no local data for es-set-tostringtag@https://registry.npmjs.org/es-set-tostringtag/-/es-set-tostringtag-2.1.0.tgz. Extracting by manifest.
3149 silly tarball no local data for asynckit@https://registry.npmjs.org/asynckit/-/asynckit-0.4.0.tgz. Extracting by manifest.
3150 silly tarball no local data for combined-stream@https://registry.npmjs.org/combined-stream/-/combined-stream-1.0.8.tgz. Extracting by manifest.
3151 silly tarball no local data for rimraf@https://registry.npmjs.org/rimraf/-/rimraf-3.0.2.tgz. Extracting by manifest.
3152 silly tarball no local data for token-types@https://registry.npmjs.org/token-types/-/token-types-6.1.2.tgz. Extracting by manifest.
3153 silly tarball no local data for strtok3@https://registry.npmjs.org/strtok3/-/strtok3-10.3.5.tgz. Extracting by manifest.
3154 silly tarball no local data for @tokenizer/inflate@https://registry.npmjs.org/@tokenizer/inflate/-/inflate-0.2.7.tgz. Extracting by manifest.
3155 silly tarball no local data for uint8array-extras@https://registry.npmjs.org/uint8array-extras/-/uint8array-extras-1.5.0.tgz. Extracting by manifest.
3156 silly tarball no local data for fflate@https://registry.npmjs.org/fflate/-/fflate-0.8.2.tgz. Extracting by manifest.
3157 silly tarball no local data for flat-cache@https://registry.npmjs.org/flat-cache/-/flat-cache-3.2.0.tgz. Extracting by manifest.
3158 silly tarball no local data for negotiator@https://registry.npmjs.org/negotiator/-/negotiator-0.6.3.tgz. Extracting by manifest.
3159 silly tarball no local data for reusify@https://registry.npmjs.org/reusify/-/reusify-1.1.0.tgz. Extracting by manifest.
3160 silly tarball no local data for utils-merge@https://registry.npmjs.org/utils-merge/-/utils-merge-1.0.1.tgz. Extracting by manifest.
3161 silly tarball no local data for statuses@https://registry.npmjs.org/statuses/-/statuses-2.0.2.tgz. Extracting by manifest.
3162 silly tarball no local data for send@https://registry.npmjs.org/send/-/send-0.19.2.tgz. Extracting by manifest.
3163 silly tarball no local data for setprototypeof@https://registry.npmjs.org/setprototypeof/-/setprototypeof-1.2.0.tgz. Extracting by manifest.
3164 silly tarball no local data for range-parser@https://registry.npmjs.org/range-parser/-/range-parser-1.2.1.tgz. Extracting by manifest.
3165 silly tarball no local data for serve-static@https://registry.npmjs.org/serve-static/-/serve-static-1.16.3.tgz. Extracting by manifest.
3166 silly tarball no local data for proxy-addr@https://registry.npmjs.org/proxy-addr/-/proxy-addr-2.0.7.tgz. Extracting by manifest.
3167 silly tarball no local data for parseurl@https://registry.npmjs.org/parseurl/-/parseurl-1.3.3.tgz. Extracting by manifest.
3168 silly tarball no local data for methods@https://registry.npmjs.org/methods/-/methods-1.1.2.tgz. Extracting by manifest.
3169 silly tarball no local data for merge-descriptors@https://registry.npmjs.org/merge-descriptors/-/merge-descriptors-1.0.3.tgz. Extracting by manifest.
3170 silly tarball no local data for finalhandler@https://registry.npmjs.org/finalhandler/-/finalhandler-1.3.2.tgz. Extracting by manifest.
3171 silly tarball no local data for fresh@https://registry.npmjs.org/fresh/-/fresh-0.5.2.tgz. Extracting by manifest.
3172 silly tarball no local data for encodeurl@https://registry.npmjs.org/encodeurl/-/encodeurl-2.0.0.tgz. Extracting by manifest.
3173 silly tarball no local data for etag@https://registry.npmjs.org/etag/-/etag-1.8.1.tgz. Extracting by manifest.
3174 silly tarball no local data for cookie@https://registry.npmjs.org/cookie/-/cookie-0.7.2.tgz. Extracting by manifest.
3175 silly tarball no local data for escape-html@https://registry.npmjs.org/escape-html/-/escape-html-1.0.3.tgz. Extracting by manifest.
3176 silly tarball no local data for cookie-signature@https://registry.npmjs.org/cookie-signature/-/cookie-signature-1.0.7.tgz. Extracting by manifest.
3177 silly tarball no local data for content-disposition@https://registry.npmjs.org/content-disposition/-/content-disposition-0.5.4.tgz. Extracting by manifest.
3178 silly tarball no local data for jest-matcher-utils@https://registry.npmjs.org/jest-matcher-utils/-/jest-matcher-utils-29.7.0.tgz. Extracting by manifest.
3179 silly tarball no local data for jest-message-util@https://registry.npmjs.org/jest-message-util/-/jest-message-util-29.7.0.tgz. Extracting by manifest.
3180 silly tarball no local data for array-flatten@https://registry.npmjs.org/array-flatten/-/array-flatten-1.1.1.tgz. Extracting by manifest.
3181 silly tarball no local data for jest-util@https://registry.npmjs.org/jest-util/-/jest-util-29.7.0.tgz. Extracting by manifest.
3182 silly tarball no local data for accepts@https://registry.npmjs.org/accepts/-/accepts-1.3.8.tgz. Extracting by manifest.
3183 silly tarball no local data for jest-get-type@https://registry.npmjs.org/jest-get-type/-/jest-get-type-29.6.3.tgz. Extracting by manifest.
3184 silly tarball no local data for synckit@https://registry.npmjs.org/synckit/-/synckit-0.11.12.tgz. Extracting by manifest.
3185 silly tarball no local data for @jest/expect-utils@https://registry.npmjs.org/@jest/expect-utils/-/expect-utils-29.7.0.tgz. Extracting by manifest.
3186 silly tarball no local data for prettier-linter-helpers@https://registry.npmjs.org/prettier-linter-helpers/-/prettier-linter-helpers-1.0.1.tgz. Extracting by manifest.
3187 silly tarball no local data for run-parallel@https://registry.npmjs.org/run-parallel/-/run-parallel-1.2.0.tgz. Extracting by manifest.
3188 silly tarball no local data for @nodelib/fs.stat@https://registry.npmjs.org/@nodelib/fs.stat/-/fs.stat-2.0.5.tgz. Extracting by manifest.
3189 silly tarball no local data for @nodelib/fs.scandir@https://registry.npmjs.org/@nodelib/fs.scandir/-/fs.scandir-2.1.5.tgz. Extracting by manifest.
3190 silly tarball no local data for @humanwhocodes/object-schema@https://registry.npmjs.org/@humanwhocodes/object-schema/-/object-schema-2.0.3.tgz. Extracting by manifest.
3191 silly tarball no local data for fastq@https://registry.npmjs.org/fastq/-/fastq-1.20.1.tgz. Extracting by manifest.
3192 silly tarball no local data for text-table@https://registry.npmjs.org/text-table/-/text-table-0.2.0.tgz. Extracting by manifest.
3193 silly tarball no local data for is-path-inside@https://registry.npmjs.org/is-path-inside/-/is-path-inside-3.0.3.tgz. Extracting by manifest.
3194 silly tarball no local data for globals@https://registry.npmjs.org/globals/-/globals-13.24.0.tgz. Extracting by manifest.
3195 silly tarball no local data for graphemer@https://registry.npmjs.org/graphemer/-/graphemer-1.4.0.tgz. Extracting by manifest.
3196 silly tarball no local data for file-entry-cache@https://registry.npmjs.org/file-entry-cache/-/file-entry-cache-6.0.1.tgz. Extracting by manifest.
3197 silly tarball no local data for espree@https://registry.npmjs.org/espree/-/espree-9.6.1.tgz. Extracting by manifest.
3198 silly tarball no local data for eslint-scope@https://registry.npmjs.org/eslint-scope/-/eslint-scope-7.2.2.tgz. Extracting by manifest.
3199 silly tarball no local data for doctrine@https://registry.npmjs.org/doctrine/-/doctrine-3.0.0.tgz. Extracting by manifest.
3200 silly tarball no local data for @ungap/structured-clone@https://registry.npmjs.org/@ungap/structured-clone/-/structured-clone-1.3.0.tgz. Extracting by manifest.
3201 silly tarball no local data for @nodelib/fs.walk@https://registry.npmjs.org/@nodelib/fs.walk/-/fs.walk-1.2.8.tgz. Extracting by manifest.
3202 silly tarball no local data for @humanwhocodes/config-array@https://registry.npmjs.org/@humanwhocodes/config-array/-/config-array-0.13.0.tgz. Extracting by manifest.
3203 silly tarball no local data for @eslint/js@https://registry.npmjs.org/@eslint/js/-/js-8.57.1.tgz. Extracting by manifest.
3204 silly tarball no local data for @eslint/eslintrc@https://registry.npmjs.org/@eslint/eslintrc/-/eslintrc-2.1.4.tgz. Extracting by manifest.
3205 silly tarball no local data for vary@https://registry.npmjs.org/vary/-/vary-1.1.2.tgz. Extracting by manifest.
3206 silly tarball no local data for object-assign@https://registry.npmjs.org/object-assign/-/object-assign-4.1.1.tgz. Extracting by manifest.
3207 silly tarball no local data for unpipe@https://registry.npmjs.org/unpipe/-/unpipe-1.0.0.tgz. Extracting by manifest.
3208 silly tarball no local data for raw-body@https://registry.npmjs.org/raw-body/-/raw-body-2.5.3.tgz. Extracting by manifest.
3209 silly tarball no local data for type-is@https://registry.npmjs.org/type-is/-/type-is-1.6.18.tgz. Extracting by manifest.
3210 silly tarball no local data for qs@https://registry.npmjs.org/qs/-/qs-6.14.2.tgz. Extracting by manifest.
3211 silly tarball no local data for destroy@https://registry.npmjs.org/destroy/-/destroy-1.2.0.tgz. Extracting by manifest.
3212 silly tarball no local data for on-finished@https://registry.npmjs.org/on-finished/-/on-finished-2.4.1.tgz. Extracting by manifest.
3213 silly tarball no local data for http-errors@https://registry.npmjs.org/http-errors/-/http-errors-2.0.1.tgz. Extracting by manifest.
3214 silly tarball no local data for depd@https://registry.npmjs.org/depd/-/depd-2.0.0.tgz. Extracting by manifest.
3215 silly tarball no local data for content-type@https://registry.npmjs.org/content-type/-/content-type-1.0.5.tgz. Extracting by manifest.
3216 silly tarball no local data for bytes@https://registry.npmjs.org/bytes/-/bytes-3.1.2.tgz. Extracting by manifest.
3217 silly tarball no local data for @types/superagent@https://registry.npmjs.org/@types/superagent/-/superagent-8.1.9.tgz. Extracting by manifest.
3218 silly tarball no local data for form-data@https://registry.npmjs.org/form-data/-/form-data-4.0.5.tgz. Extracting by manifest.
3219 silly tarball no local data for @types/methods@https://registry.npmjs.org/@types/methods/-/methods-1.1.4.tgz. Extracting by manifest.
3220 silly tarball no local data for undici-types@https://registry.npmjs.org/undici-types/-/undici-types-6.21.0.tgz. Extracting by manifest.
3221 silly tarball no local data for pretty-format@https://registry.npmjs.org/pretty-format/-/pretty-format-29.7.0.tgz. Extracting by manifest.
3222 silly tarball no local data for @types/cookiejar@https://registry.npmjs.org/@types/cookiejar/-/cookiejar-2.1.5.tgz. Extracting by manifest.
3223 silly tarball no local data for expect@https://registry.npmjs.org/expect/-/expect-29.7.0.tgz. Extracting by manifest.
3224 silly tarball no local data for @types/qs@https://registry.npmjs.org/@types/qs/-/qs-6.15.0.tgz. Extracting by manifest.
3225 silly tarball no local data for @types/send@https://registry.npmjs.org/@types/send/-/send-1.2.1.tgz. Extracting by manifest.
3226 silly tarball no local data for @types/range-parser@https://registry.npmjs.org/@types/range-parser/-/range-parser-1.2.7.tgz. Extracting by manifest.
3227 silly tarball no local data for @types/connect@https://registry.npmjs.org/@types/connect/-/connect-3.4.38.tgz. Extracting by manifest.
3228 silly tarball no local data for @types/body-parser@https://registry.npmjs.org/@types/body-parser/-/body-parser-1.19.6.tgz. Extracting by manifest.
3229 silly tarball no local data for node-fetch@https://registry.npmjs.org/node-fetch/-/node-fetch-2.7.0.tgz. Extracting by manifest.
3230 silly tarball no local data for @types/express-serve-static-core@https://registry.npmjs.org/@types/express-serve-static-core/-/express-serve-static-core-5.1.1.tgz. Extracting by manifest.
3231 silly tarball no local data for consola@https://registry.npmjs.org/consola/-/consola-2.15.3.tgz. Extracting by manifest.
3232 silly tarball no local data for multer@https://registry.npmjs.org/multer/-/multer-2.0.2.tgz. Extracting by manifest.
3233 silly tarball no local data for @types/serve-static@https://registry.npmjs.org/@types/serve-static/-/serve-static-2.2.0.tgz. Extracting by manifest.
3234 silly tarball no local data for express@https://registry.npmjs.org/express/-/express-4.22.1.tgz. Extracting by manifest.
3235 silly tarball no local data for path-to-regexp@https://registry.npmjs.org/path-to-regexp/-/path-to-regexp-3.3.0.tgz. Extracting by manifest.
3236 silly tarball no local data for cors@https://registry.npmjs.org/cors/-/cors-2.8.5.tgz. Extracting by manifest.
3237 silly tarball no local data for body-parser@https://registry.npmjs.org/body-parser/-/body-parser-1.20.4.tgz. Extracting by manifest.
3238 silly tarball no local data for @types/http-errors@https://registry.npmjs.org/@types/http-errors/-/http-errors-2.0.5.tgz. Extracting by manifest.
3239 silly tarball no local data for fast-safe-stringify@https://registry.npmjs.org/fast-safe-stringify/-/fast-safe-stringify-2.1.1.tgz. Extracting by manifest.
3240 silly tarball no local data for @nuxtjs/opencollective@https://registry.npmjs.org/@nuxtjs/opencollective/-/opencollective-0.3.2.tgz. Extracting by manifest.
3241 silly tarball no local data for uid@https://registry.npmjs.org/uid/-/uid-2.0.2.tgz. Extracting by manifest.
3242 silly tarball no local data for iterare@https://registry.npmjs.org/iterare/-/iterare-1.2.1.tgz. Extracting by manifest.
3243 silly tarball no local data for file-type@https://registry.npmjs.org/file-type/-/file-type-20.4.1.tgz. Extracting by manifest.
3244 silly tarball no local data for ts-node@https://registry.npmjs.org/ts-node/-/ts-node-10.9.2.tgz. Extracting by manifest.
3245 silly tarball no local data for webpack@https://registry.npmjs.org/webpack/-/webpack-5.106.0.tgz. Extracting by manifest.
3246 silly tarball no local data for ts-jest@https://registry.npmjs.org/ts-jest/-/ts-jest-29.4.9.tgz. Extracting by manifest.
3247 silly tarball no local data for ts-loader@https://registry.npmjs.org/ts-loader/-/ts-loader-9.5.7.tgz. Extracting by manifest.
3248 silly tarball no local data for supertest@https://registry.npmjs.org/supertest/-/supertest-7.2.2.tgz. Extracting by manifest.
3249 silly tarball no local data for jest@https://registry.npmjs.org/jest/-/jest-29.7.0.tgz. Extracting by manifest.
3250 silly tarball no local data for prettier@https://registry.npmjs.org/prettier/-/prettier-3.8.1.tgz. Extracting by manifest.
3251 silly tarball no local data for eslint-config-prettier@https://registry.npmjs.org/eslint-config-prettier/-/eslint-config-prettier-9.1.2.tgz. Extracting by manifest.
3252 silly tarball no local data for eslint-plugin-prettier@https://registry.npmjs.org/eslint-plugin-prettier/-/eslint-plugin-prettier-5.5.5.tgz. Extracting by manifest.
3253 silly tarball no local data for eslint@https://registry.npmjs.org/eslint/-/eslint-8.57.1.tgz. Extracting by manifest.
3254 silly tarball no local data for @types/node@https://registry.npmjs.org/@types/node/-/node-20.19.39.tgz. Extracting by manifest.
3255 silly tarball no local data for @types/supertest@https://registry.npmjs.org/@types/supertest/-/supertest-6.0.3.tgz. Extracting by manifest.
3256 silly tarball no local data for @types/express@https://registry.npmjs.org/@types/express/-/express-5.0.6.tgz. Extracting by manifest.
3257 silly tarball no local data for @types/jest@https://registry.npmjs.org/@types/jest/-/jest-29.5.14.tgz. Extracting by manifest.
3258 silly tarball no local data for typescript@https://registry.npmjs.org/typescript/-/typescript-5.9.3.tgz. Extracting by manifest.
3259 silly tarball no local data for @nestjs/testing@https://registry.npmjs.org/@nestjs/testing/-/testing-10.4.22.tgz. Extracting by manifest.
3260 silly tarball no local data for @nestjs/platform-express@https://registry.npmjs.org/@nestjs/platform-express/-/platform-express-10.4.22.tgz. Extracting by manifest.
3261 silly tarball no local data for @nestjs/core@https://registry.npmjs.org/@nestjs/core/-/core-10.4.22.tgz. Extracting by manifest.
3262 silly tarball no local data for reflect-metadata@https://registry.npmjs.org/reflect-metadata/-/reflect-metadata-0.2.2.tgz. Extracting by manifest.
3263 silly tarball no local data for @nestjs/common@https://registry.npmjs.org/@nestjs/common/-/common-10.4.22.tgz. Extracting by manifest.
3264 silly tarball no local data for rxjs@https://registry.npmjs.org/rxjs/-/rxjs-7.8.2.tgz. Extracting by manifest.
3265 silly tarball no local data for @jridgewell/trace-mapping@https://registry.npmjs.org/@jridgewell/trace-mapping/-/trace-mapping-0.3.9.tgz. Extracting by manifest.
3266 silly tarball no local data for mime@https://registry.npmjs.org/mime/-/mime-2.6.0.tgz. Extracting by manifest.
3267 silly tarball no local data for resolve-from@https://registry.npmjs.org/resolve-from/-/resolve-from-5.0.0.tgz. Extracting by manifest.
3268 silly tarball no local data for escape-string-regexp@https://registry.npmjs.org/escape-string-regexp/-/escape-string-regexp-2.0.0.tgz. Extracting by manifest.
3269 silly tarball no local data for p-limit@https://registry.npmjs.org/p-limit/-/p-limit-2.3.0.tgz. Extracting by manifest.
3270 silly tarball no local data for locate-path@https://registry.npmjs.org/locate-path/-/locate-path-5.0.0.tgz. Extracting by manifest.
3271 silly tarball no local data for p-locate@https://registry.npmjs.org/p-locate/-/p-locate-4.1.0.tgz. Extracting by manifest.
3272 silly tarball no local data for find-up@https://registry.npmjs.org/find-up/-/find-up-4.1.0.tgz. Extracting by manifest.
3273 silly tarball no local data for glob@https://registry.npmjs.org/glob/-/glob-7.2.3.tgz. Extracting by manifest.
3274 silly tarball no local data for p-limit@https://registry.npmjs.org/p-limit/-/p-limit-2.3.0.tgz. Extracting by manifest.
3275 silly tarball no local data for argparse@https://registry.npmjs.org/argparse/-/argparse-1.0.10.tgz. Extracting by manifest.
3276 silly tarball no local data for locate-path@https://registry.npmjs.org/locate-path/-/locate-path-5.0.0.tgz. Extracting by manifest.
3277 silly tarball no local data for p-locate@https://registry.npmjs.org/p-locate/-/p-locate-4.1.0.tgz. Extracting by manifest.
3278 silly tarball no local data for resolve-from@https://registry.npmjs.org/resolve-from/-/resolve-from-5.0.0.tgz. Extracting by manifest.
3279 silly tarball no local data for js-yaml@https://registry.npmjs.org/js-yaml/-/js-yaml-3.14.2.tgz. Extracting by manifest.
3280 silly tarball no local data for istanbul-lib-instrument@https://registry.npmjs.org/istanbul-lib-instrument/-/istanbul-lib-instrument-5.2.1.tgz. Extracting by manifest.
3281 silly tarball no local data for camelcase@https://registry.npmjs.org/camelcase/-/camelcase-6.3.0.tgz. Extracting by manifest.
3282 silly tarball no local data for find-up@https://registry.npmjs.org/find-up/-/find-up-4.1.0.tgz. Extracting by manifest.
3283 silly tarball no local data for glob@https://registry.npmjs.org/glob/-/glob-7.2.3.tgz. Extracting by manifest.
3284 silly tarball no local data for source-map-support@https://registry.npmjs.org/source-map-support/-/source-map-support-0.5.13.tgz. Extracting by manifest.
3285 silly tarball no local data for glob@https://registry.npmjs.org/glob/-/glob-7.2.3.tgz. Extracting by manifest.
3286 silly tarball no local data for glob@https://registry.npmjs.org/glob/-/glob-7.2.3.tgz. Extracting by manifest.
3287 silly tarball no local data for glob@https://registry.npmjs.org/glob/-/glob-7.2.3.tgz. Extracting by manifest.
3288 silly tarball no local data for ms@https://registry.npmjs.org/ms/-/ms-2.0.0.tgz. Extracting by manifest.
3289 silly tarball no local data for ms@https://registry.npmjs.org/ms/-/ms-2.0.0.tgz. Extracting by manifest.
3290 silly tarball no local data for debug@https://registry.npmjs.org/debug/-/debug-2.6.9.tgz. Extracting by manifest.
3291 silly tarball no local data for debug@https://registry.npmjs.org/debug/-/debug-2.6.9.tgz. Extracting by manifest.
3292 silly tarball no local data for ansi-styles@https://registry.npmjs.org/ansi-styles/-/ansi-styles-5.2.0.tgz. Extracting by manifest.
3293 silly tarball no local data for ms@https://registry.npmjs.org/ms/-/ms-2.0.0.tgz. Extracting by manifest.
3294 silly tarball no local data for ms@https://registry.npmjs.org/ms/-/ms-2.0.0.tgz. Extracting by manifest.
3295 silly tarball no local data for debug@https://registry.npmjs.org/debug/-/debug-2.6.9.tgz. Extracting by manifest.
3296 silly tarball no local data for path-to-regexp@https://registry.npmjs.org/path-to-regexp/-/path-to-regexp-0.1.13.tgz. Extracting by manifest.
3297 silly tarball no local data for debug@https://registry.npmjs.org/debug/-/debug-2.6.9.tgz. Extracting by manifest.
3298 silly tarball no local data for type-fest@https://registry.npmjs.org/type-fest/-/type-fest-4.41.0.tgz. Extracting by manifest.
3299 silly tarball no local data for cookie-signature@https://registry.npmjs.org/cookie-signature/-/cookie-signature-1.2.2.tgz. Extracting by manifest.
3300 http fetch POST 200 https://registry.npmjs.org/-/npm/v1/security/advisories/bulk 1440ms
3301 timing auditReport:getReport Completed in 1448ms
3302 silly audit report {
3302 silly audit report   '@nestjs/core': [
3302 silly audit report     {
3302 silly audit report       id: 1116226,
3302 silly audit report       url: 'https://github.com/advisories/GHSA-36xv-jgw5-4q75',
3302 silly audit report       title: "@nestjs/core Improperly Neutralizes Special Elements in Output Used by a Downstream Component ('Injection')",
3302 silly audit report       severity: 'moderate',
3302 silly audit report       vulnerable_versions: '<=11.1.17',
3302 silly audit report       cwe: [Array],
3302 silly audit report       cvss: [Object]
3302 silly audit report     }
3302 silly audit report   ],
3302 silly audit report   webpack: [
3302 silly audit report     {
3302 silly audit report       id: 1113041,
3302 silly audit report       url: 'https://github.com/advisories/GHSA-8fgc-7cc6-rx7x',
3302 silly audit report       title: 'webpack buildHttp: allowedUris allow-list bypass via URL userinfo (@) leading to build-time SSRF behavior',
3302 silly audit report       severity: 'low',
3302 silly audit report       vulnerable_versions: '>=5.49.0 <=5.104.0',
3302 silly audit report       cwe: [Array],
3302 silly audit report       cvss: [Object]
3302 silly audit report     },
3302 silly audit report     {
3302 silly audit report       id: 1113042,
3302 silly audit report       url: 'https://github.com/advisories/GHSA-38r7-794h-5758',
3302 silly audit report       title: 'webpack buildHttp HttpUriPlugin allowedUris bypass via HTTP redirects → SSRF + cache persistence',
3302 silly audit report       severity: 'low',
3302 silly audit report       vulnerable_versions: '>=5.49.0 <5.104.0',
3302 silly audit report       cwe: [Array],
3302 silly audit report       cvss: [Object]
3302 silly audit report     }
3302 silly audit report   ],
3302 silly audit report   glob: [
3302 silly audit report     {
3302 silly audit report       id: 1109842,
3302 silly audit report       url: 'https://github.com/advisories/GHSA-5j98-mcp5-4vw2',
3302 silly audit report       title: 'glob CLI: Command injection via -c/--cmd executes matches with shell:true',
3302 silly audit report       severity: 'high',
3302 silly audit report       vulnerable_versions: '>=10.2.0 <10.5.0',
3302 silly audit report       cwe: [Array],
3302 silly audit report       cvss: [Object]
3302 silly audit report     }
3302 silly audit report   ],
3302 silly audit report   ajv: [
3302 silly audit report     {
3302 silly audit report       id: 1113715,
3302 silly audit report       url: 'https://github.com/advisories/GHSA-2g4f-4pwh-qvx6',
3302 silly audit report       title: 'ajv has ReDoS when using `$data` option',
3302 silly audit report       severity: 'moderate',
3302 silly audit report       vulnerable_versions: '>=7.0.0-alpha.0 <8.18.0',
3302 silly audit report       cwe: [Array],
3302 silly audit report       cvss: [Object]
3302 silly audit report     }
3302 silly audit report   ],
3302 silly audit report   picomatch: [
3302 silly audit report     {
3302 silly audit report       id: 1115551,
3302 silly audit report       url: 'https://github.com/advisories/GHSA-3v7f-55p6-f55p',
3302 silly audit report       title: 'Picomatch: Method Injection in POSIX Character Classes causes incorrect Glob Matching',
3302 silly audit report       severity: 'moderate',
3302 silly audit report       vulnerable_versions: '>=4.0.0 <4.0.4',
3302 silly audit report       cwe: [Array],
3302 silly audit report       cvss: [Object]
3302 silly audit report     },
3302 silly audit report     {
3302 silly audit report       id: 1115554,
3302 silly audit report       url: 'https://github.com/advisories/GHSA-c2c7-rcm5-vvqj',
3302 silly audit report       title: 'Picomatch has a ReDoS vulnerability via extglob quantifiers',
3302 silly audit report       severity: 'high',
3302 silly audit report       vulnerable_versions: '>=4.0.0 <4.0.4',
3302 silly audit report       cwe: [Array],
3302 silly audit report       cvss: [Object]
3302 silly audit report     }
3302 silly audit report   ],
3302 silly audit report   'file-type': [
3302 silly audit report     {
3302 silly audit report       id: 1114301,
3302 silly audit report       url: 'https://github.com/advisories/GHSA-5v7r-6r5c-r473',
3302 silly audit report       title: 'file-type affected by infinite loop in ASF parser on malformed input with zero-size sub-header',
3302 silly audit report       severity: 'moderate',
3302 silly audit report       vulnerable_versions: '>=13.0.0 <21.3.1',
3302 silly audit report       cwe: [Array],
3302 silly audit report       cvss: [Object]
3302 silly audit report     },
3302 silly audit report     {
3302 silly audit report       id: 1114726,
3302 silly audit report       url: 'https://github.com/advisories/GHSA-j47w-4g3g-c36v',
3302 silly audit report       title: 'file-type: ZIP Decompression Bomb DoS via [Content_Types].xml entry',
3302 silly audit report       severity: 'moderate',
3302 silly audit report       vulnerable_versions: '>=20.0.0 <=21.3.1',
3302 silly audit report       cwe: [Array],
3302 silly audit report       cvss: [Object]
3302 silly audit report     }
3302 silly audit report   ],
3302 silly audit report   multer: [
3302 silly audit report     {
3302 silly audit report       id: 1113635,
3302 silly audit report       url: 'https://github.com/advisories/GHSA-xf7r-hgr6-v32p',
3302 silly audit report       title: 'Multer vulnerable to Denial of Service via incomplete cleanup',
3302 silly audit report       severity: 'high',
3302 silly audit report       vulnerable_versions: '<2.1.0',
3302 silly audit report       cwe: [Array],
3302 silly audit report       cvss: [Object]
3302 silly audit report     },
3302 silly audit report     {
3302 silly audit report       id: 1113636,
3302 silly audit report       url: 'https://github.com/advisories/GHSA-v52c-386h-88mc',
3302 silly audit report       title: 'Multer vulnerable to Denial of Service via resource exhaustion',
3302 silly audit report       severity: 'high',
3302 silly audit report       vulnerable_versions: '<2.1.0',
3302 silly audit report       cwe: [Array],
3302 silly audit report       cvss: [Object]
3302 silly audit report     },
3302 silly audit report     {
3302 silly audit report       id: 1113996,
3302 silly audit report       url: 'https://github.com/advisories/GHSA-5528-5vmv-3xc2',
3302 silly audit report       title: 'Multer Vulnerable to Denial of Service via Uncontrolled Recursion',
3302 silly audit report       severity: 'high',
3302 silly audit report       vulnerable_versions: '<2.1.1',
3302 silly audit report       cwe: [Array],
3302 silly audit report       cvss: [Object]
3302 silly audit report     }
3302 silly audit report   ],
3302 silly audit report   tmp: [
3302 silly audit report     {
3302 silly audit report       id: 1109537,
3302 silly audit report       url: 'https://github.com/advisories/GHSA-52f5-9888-hmc6',
3302 silly audit report       title: 'tmp allows arbitrary temporary file / directory write via symbolic link `dir` parameter',
3302 silly audit report       severity: 'low',
3302 silly audit report       vulnerable_versions: '<=0.2.3',
3302 silly audit report       cwe: [Array],
3302 silly audit report       cvss: [Object]
3302 silly audit report     }
3302 silly audit report   ]
3302 silly audit report }
3303 timing metavuln:packument:@nestjs/core Completed in 5ms
3304 timing metavuln:packument:webpack Completed in 4ms
3305 timing metavuln:packument:glob Completed in 4ms
3306 timing metavuln:packument:ajv Completed in 3ms
3307 timing metavuln:packument:picomatch Completed in 3ms
3308 timing metavuln:packument:file-type Completed in 3ms
3309 timing metavuln:packument:multer Completed in 2ms
3310 timing metavuln:packument:tmp Completed in 1ms
3311 timing metavuln:cache:get:security-advisory:@nestjs/core:4Zi8IVGdrSmWE32EWxPaqJmqK3gSVUyCiZrde+6UWTW0ptKqJqjkTfzbhMSq09BtjZkSgesrsgnbvuNITLOudg== Completed in 70ms
3312 timing metavuln:load:security-advisory:@nestjs/core:1116226 Completed in 39ms
3313 timing metavuln:cache:get:security-advisory:file-type:AZrJ3br1RJSxE2G6Czr5++tFYi2k2/ylfZRgUQZUrlygD3CZ/ZALBU9rjpJR/B3eszCvA7o1H5g6DJc+NnIKow== Completed in 109ms
3314 timing metavuln:load:security-advisory:file-type:1114301 Completed in 6ms
3315 timing metavuln:cache:get:security-advisory:file-type:oIh6/tlw+9w734LA/o4O9aEkTTIpz3hCJfBMLEc1K6gmrGXwpQcMrmfWkBuF0gWHa/RQNwhp7MwErWDTbebKRw== Completed in 115ms
3316 timing metavuln:load:security-advisory:file-type:1114726 Completed in 2ms
3317 timing metavuln:cache:get:security-advisory:multer:9alOYGAxeb3ByTV29rk5IYOvvoI7zOv/LmNNE/Ax3uTYKgVSePyz6JVVXMKs5ixTiXUUODeCG2+ymbO6ww2cEA== Completed in 117ms
3318 timing metavuln:load:security-advisory:multer:1113635 Completed in 2ms
3319 timing metavuln:cache:get:security-advisory:multer:lOAak55pQbkEMgAD7w4/T/PhKeGdnA/ERPeYP3WzcNnmOvYT+IhOKnMOz49q5ltw/6mNTZsPWaAlpzaElDp0pQ== Completed in 119ms
3320 timing metavuln:load:security-advisory:multer:1113636 Completed in 1ms
3321 timing metavuln:cache:get:security-advisory:multer:NU0/k/JRt57kYnnd0YlWFdqmHcBXq80/MbQoAk9ur1mFsjG7/BzuKih73nCggFHXlWyOSv3qyYcXT/gfVYH2Mw== Completed in 122ms
3322 timing metavuln:load:security-advisory:multer:1113996 Completed in 2ms
3323 timing reifyNode:node_modules/eastasianwidth Completed in 1740ms
3324 timing reifyNode:node_modules/natural-compare Completed in 1755ms
3325 timing reifyNode:node_modules/@types/eslint-scope Completed in 1812ms
3326 timing reifyNode:node_modules/os-tmpdir Completed in 1813ms
3327 timing reifyNode:node_modules/is-number Completed in 1813ms
3328 timing reifyNode:node_modules/error-ex Completed in 1813ms
3329 timing reifyNode:node_modules/fast-levenshtein Completed in 1814ms
3330 timing reifyNode:node_modules/buffer-from Completed in 1815ms
3331 timing reifyNode:node_modules/@types/babel__template Completed in 1814ms
3332 timing reifyNode:node_modules/@types/babel__generator Completed in 1814ms
3333 timing reifyNode:node_modules/merge-stream Completed in 1815ms
3334 timing reifyNode:node_modules/wrap-ansi-cjs Completed in 1816ms
3335 timing reifyNode:node_modules/is-extglob Completed in 1823ms
3336 timing reifyNode:node_modules/wrap-ansi Completed in 1824ms
3337 timing reifyNode:node_modules/run-async Completed in 1824ms
3338 timing reifyNode:node_modules/mute-stream Completed in 1826ms
3339 timing reifyNode:node_modules/parent-module Completed in 1825ms
3340 timing reifyNode:node_modules/resolve-from Completed in 1825ms
3341 timing reifyNode:node_modules/universalify Completed in 1831ms
3342 timing reifyNode:node_modules/parse-json Completed in 1833ms
3343 timing reifyNode:node_modules/shebang-command Completed in 1825ms
3344 timing reifyNode:node_modules/imurmurhash Completed in 1824ms
3345 timing reifyNode:node_modules/ms Completed in 1823ms
3346 timing reifyNode:node_modules/repeat-string Completed in 1823ms
3347 timing reifyNode:node_modules/color-name Completed in 1824ms
3348 timing reifyNode:node_modules/normalize-path Completed in 1824ms
3349 timing reifyNode:node_modules/require-from-string Completed in 1824ms
3350 timing reifyNode:node_modules/cliui/node_modules/wrap-ansi Completed in 1856ms
3351 timing reifyNode:node_modules/test-exclude/node_modules/brace-expansion Completed in 1850ms
3352 timing reifyNode:node_modules/jest-runtime/node_modules/brace-expansion Completed in 1848ms
3353 timing reifyNode:node_modules/jest-config/node_modules/brace-expansion Completed in 1850ms
3354 timing reifyNode:node_modules/@jest/reporters/node_modules/brace-expansion Completed in 1850ms
3355 timing reifyNode:node_modules/figures/node_modules/escape-string-regexp Completed in 1850ms
3356 timing reifyNode:node_modules/rimraf/node_modules/brace-expansion Completed in 1850ms
3357 timing reifyNode:node_modules/@humanwhocodes/config-array/node_modules/brace-expansion Completed in 1839ms
3358 timing reifyNode:node_modules/fork-ts-checker-webpack-plugin/node_modules/brace-expansion Completed in 1833ms
3359 timing reifyNode:node_modules/@angular-devkit/schematics-cli/node_modules/run-async Completed in 1834ms
3360 timing reifyNode:node_modules/eslint/node_modules/brace-expansion Completed in 1833ms
3361 timing reifyNode:node_modules/tsconfig-paths/node_modules/strip-bom Completed in 1834ms
3362 timing reifyNode:node_modules/eslint/node_modules/glob-parent Completed in 1836ms
3363 timing reifyNode:node_modules/@eslint/eslintrc/node_modules/brace-expansion Completed in 1848ms
3364 timing reifyNode:node_modules/defaults Completed in 1872ms
3365 timing reifyNode:node_modules/has-flag Completed in 1872ms
3366 timing reifyNode:node_modules/ansi-regex Completed in 1871ms
3367 timing reifyNode:node_modules/is-fullwidth-code-point Completed in 1872ms
3368 timing reifyNode:node_modules/shebang-regex Completed in 1872ms
3369 timing reifyNode:node_modules/ieee754 Completed in 1871ms
3370 timing reifyNode:node_modules/json-parse-even-better-errors Completed in 1871ms
3371 timing reifyNode:node_modules/yocto-queue Completed in 1872ms
3372 timing reifyNode:node_modules/is-unicode-supported Completed in 1872ms
3373 timing reifyNode:node_modules/word-wrap Completed in 1872ms
3374 timing reifyNode:node_modules/is-interactive Completed in 1872ms
3375 timing reifyNode:node_modules/mimic-fn Completed in 1872ms
3376 timing reifyNode:node_modules/callsites Completed in 1872ms
3377 timing reifyNode:node_modules/p-locate Completed in 1873ms
3378 timing reifyNode:node_modules/onetime Completed in 1872ms
3379 timing reifyNode:node_modules/p-limit Completed in 1871ms
3380 timing reifyNode:node_modules/lru-cache Completed in 1872ms
3381 timing reifyNode:node_modules/convert-source-map Completed in 1874ms
3382 timing reifyNode:node_modules/string-width-cjs Completed in 1874ms
3383 timing reifyNode:node_modules/strip-ansi-cjs Completed in 1878ms
3384 timing reifyNode:node_modules/restore-cursor Completed in 1880ms
3385 timing reifyNode:node_modules/figures Completed in 1879ms
3386 timing reifyNode:node_modules/cli-cursor Completed in 1881ms
3387 timing reifyNode:node_modules/inherits Completed in 1881ms
3388 timing reifyNode:node_modules/jsonfile Completed in 1884ms
3389 timing reifyNode:node_modules/path-type Completed in 1886ms
3390 timing reifyNode:node_modules/locate-path Completed in 1886ms
3391 timing reifyNode:node_modules/to-regex-range Completed in 1887ms
3392 timing reifyNode:node_modules/path-exists Completed in 1887ms
3393 timing reifyNode:node_modules/path-key Completed in 1880ms
3394 timing reifyNode:node_modules/strip-json-comments Completed in 1878ms
3395 timing reifyNode:node_modules/import-fresh Completed in 1878ms
3396 timing reifyNode:node_modules/strip-ansi Completed in 1879ms
3397 timing reifyNode:node_modules/find-up Completed in 1878ms
3398 timing reifyNode:node_modules/escape-string-regexp Completed in 1879ms
3399 timing reifyNode:node_modules/has-own-prop Completed in 1878ms
3400 timing reifyNode:node_modules/core-util-is Completed in 1878ms
3401 timing reifyNode:node_modules/string-width Completed in 1878ms
3402 timing reifyNode:node_modules/fill-range Completed in 1879ms
3403 timing reifyNode:node_modules/is-binary-path Completed in 1879ms
3404 timing reifyNode:node_modules/is-glob Completed in 1880ms
3405 timing reifyNode:node_modules/glob-parent Completed in 1880ms
3406 timing reifyNode:node_modules/anymatch Completed in 1880ms
3407 timing reifyNode:node_modules/supports-color Completed in 1880ms
3408 timing reifyNode:node_modules/terser-webpack-plugin/node_modules/supports-color Completed in 1911ms
3409 timing reifyNode:node_modules/execa/node_modules/signal-exit Completed in 1908ms
3410 timing reifyNode:node_modules/write-file-atomic/node_modules/signal-exit Completed in 1908ms
3411 timing reifyNode:node_modules/jest-worker/node_modules/supports-color Completed in 1908ms
3412 timing reifyNode:node_modules/@isaacs/cliui/node_modules/wrap-ansi Completed in 1907ms
3413 timing reifyNode:node_modules/@isaacs/cliui/node_modules/string-width Completed in 1907ms
3414 timing reifyNode:node_modules/restore-cursor/node_modules/signal-exit Completed in 1908ms
3415 timing reifyNode:node_modules/@isaacs/cliui/node_modules/strip-ansi Completed in 1910ms
3416 timing reifyNode:node_modules/@isaacs/cliui/node_modules/ansi-regex Completed in 1911ms
3417 timing reifyNode:node_modules/@angular-devkit/schematics-cli/node_modules/mute-stream Completed in 1893ms
3418 timing reifyNode:node_modules/@angular-devkit/schematics-cli/node_modules/cli-width Completed in 1893ms
3419 timing reifyNode:node_modules/@webassemblyjs/helper-api-error Completed in 1928ms
3420 timing reifyNode:node_modules/glob-to-regexp Completed in 1930ms
3421 timing reifyNode:node_modules/clone Completed in 1930ms
3422 timing reifyNode:node_modules/string_decoder Completed in 1932ms
3423 timing reifyNode:node_modules/util-deprecate Completed in 1934ms
3424 timing reifyNode:node_modules/@types/json-schema Completed in 1934ms
3425 timing reifyNode:node_modules/base64-js Completed in 1934ms
3426 timing reifyNode:node_modules/lines-and-columns Completed in 1934ms
3427 timing reifyNode:node_modules/log-symbols Completed in 1935ms
3428 timing reifyNode:node_modules/yallist Completed in 1935ms
3429 timing reifyNode:node_modules/@types/babel__core Completed in 1934ms
3430 timing reifyNode:node_modules/@babel/helper-plugin-utils Completed in 1934ms
3431 timing reifyNode:node_modules/tmp Completed in 1950ms
3432 timing reifyNode:node_modules/ansi-escapes Completed in 1950ms
3433 timing reifyNode:node_modules/js-tokens Completed in 1956ms
3434 timing reifyNode:node_modules/esrecurse Completed in 1950ms
3435 timing reifyNode:node_modules/ansi-styles Completed in 1946ms
3436 timing reifyNode:node_modules/pluralize Completed in 1947ms
3437 timing reifyNode:node_modules/tree-kill Completed in 1946ms
3438 timing reifyNode:node_modules/test-exclude/node_modules/balanced-match Completed in 1976ms
3439 timing reifyNode:node_modules/jest-runtime/node_modules/balanced-match Completed in 1975ms
3440 timing reifyNode:node_modules/jest-config/node_modules/balanced-match Completed in 1977ms
3441 timing reifyNode:node_modules/@jest/reporters/node_modules/balanced-match Completed in 1978ms
3442 timing reifyNode:node_modules/@isaacs/cliui/node_modules/ansi-styles Completed in 1979ms
3443 timing reifyNode:node_modules/rimraf/node_modules/balanced-match Completed in 1990ms
3444 timing reifyNode:node_modules/@eslint/eslintrc/node_modules/balanced-match Completed in 1979ms
3445 timing reifyNode:node_modules/@humanwhocodes/config-array/node_modules/balanced-match Completed in 1979ms
3446 timing reifyNode:node_modules/glob/node_modules/balanced-match Completed in 1972ms
3447 timing reifyNode:node_modules/fork-ts-checker-webpack-plugin/node_modules/balanced-match Completed in 1975ms
3448 timing reifyNode:node_modules/glob/node_modules/brace-expansion Completed in 1975ms
3449 timing reifyNode:node_modules/eslint/node_modules/balanced-match Completed in 1979ms
3450 timing reifyNode:node_modules/@xtuc/ieee754 Completed in 2018ms
3451 timing reifyNode:node_modules/@webassemblyjs/floating-point-hex-parser Completed in 2020ms
3452 timing reifyNode:node_modules/chrome-trace-event Completed in 2020ms
3453 timing reifyNode:node_modules/@types/estree Completed in 2028ms
3454 timing reifyNode:node_modules/json-buffer Completed in 2026ms
3455 timing reifyNode:node_modules/binary-extensions Completed in 2049ms
3456 timing reifyNode:node_modules/graceful-fs Completed in 2052ms
3457 timing reifyNode:node_modules/picocolors Completed in 2051ms
3458 timing reifyNode:node_modules/keyv Completed in 2054ms
3459 timing reifyNode:node_modules/mime-types Completed in 2053ms
3460 timing reifyNode:node_modules/which Completed in 2048ms
3461 timing reifyNode:node_modules/readdirp Completed in 2044ms
3462 timing reifyNode:node_modules/webpack-node-externals Completed in 2046ms
3463 timing reifyNode:node_modules/ora Completed in 2048ms
3464 timing reifyNode:node_modules/test-exclude/node_modules/minimatch Completed in 2074ms
3465 timing reifyNode:node_modules/jest-runtime/node_modules/minimatch Completed in 2073ms
3466 timing reifyNode:node_modules/jest-config/node_modules/minimatch Completed in 2073ms
3467 timing reifyNode:node_modules/@jest/reporters/node_modules/minimatch Completed in 2074ms
3468 timing reifyNode:node_modules/@humanwhocodes/config-array/node_modules/minimatch Completed in 2060ms
3469 timing reifyNode:node_modules/rimraf/node_modules/minimatch Completed in 2073ms
3470 timing reifyNode:node_modules/@eslint/eslintrc/node_modules/minimatch Completed in 2061ms
3471 timing reifyNode:node_modules/fork-ts-checker-webpack-plugin/node_modules/minimatch Completed in 2057ms
3472 timing reifyNode:node_modules/eslint/node_modules/minimatch Completed in 2057ms
3473 timing reifyNode:node_modules/@webassemblyjs/ieee754 Completed in 2091ms
3474 timing reifyNode:node_modules/@webassemblyjs/helper-buffer Completed in 2096ms
3475 timing reifyNode:node_modules/@webassemblyjs/helper-numbers Completed in 2097ms
3476 timing reifyNode:node_modules/is-arrayish Completed in 2098ms
3477 timing reifyNode:node_modules/@babel/helper-string-parser Completed in 2096ms
3478 timing reifyNode:node_modules/type-check Completed in 2104ms
3479 timing metavuln:cache:get:security-advisory:picomatch:PpR3fLr2OHopA+LsAWF3etD15aOC+jSmDwUcp4VQCTrR40wKvI/IGhhNd2qAhozxRYiHGwb06lLJm+b8SMoG/w== Completed in 679ms
3480 timing metavuln:load:security-advisory:picomatch:1115554 Completed in 0ms
3481 timing metavuln:calculate:security-advisory:picomatch:1115554 Completed in 680ms
3482 timing metavuln:cache:get:security-advisory:glob:NTB2XjbDOgk4lkd8PZ3tUAm1F3E/ohGF6rl9/3LEO7Z0FDzSR5nWwzd3nUENA3NCNdyeR+35DOC12wPml2IV+g== Completed in 681ms
3483 timing metavuln:load:security-advisory:glob:1109842 Completed in 7ms
3484 timing metavuln:calculate:security-advisory:glob:1109842 Completed in 689ms
3485 timing metavuln:cache:get:security-advisory:ajv:URErmxoyazZWR5lFcXpgTkGsbkrUBDlzD8W6txjBw2wZoOC7oHjHFfCrRr/VnGeJvbyUY9E2jxrL8p2XbwfP8g== Completed in 692ms
3486 timing metavuln:load:security-advisory:ajv:1113715 Completed in 2ms
3487 timing metavuln:calculate:security-advisory:ajv:1113715 Completed in 696ms
3488 timing metavuln:cache:get:security-advisory:tmp:V3G1/32m1INmxzF7DH8U9+hPLfLDwu212EGrFu8JRzclhxB0gxzMnsZrTw0XPEl25AELz/OIalK0mefrwUABIQ== Completed in 694ms
3489 timing metavuln:load:security-advisory:tmp:1109537 Completed in 0ms
3490 timing metavuln:calculate:security-advisory:tmp:1109537 Completed in 696ms
3491 timing metavuln:cache:get:security-advisory:webpack:IzHFkMfHDC+SV3IL23ZHngntgLDUgyESA9Ge8Mh5rKNVcDpaWLuTZIcoUJg4/bAH+BQlnDzJ4nLfJCy6fOIM0A== Completed in 700ms
3492 timing metavuln:load:security-advisory:webpack:1113041 Completed in 10ms
3493 timing metavuln:calculate:security-advisory:webpack:1113041 Completed in 710ms
3494 timing metavuln:cache:get:security-advisory:picomatch:2VXNT0aF/Oc+aljqzVZL+y7UYoRsun3f1sCqjauwt4R4X9DizyqvONZbNtH8U58EY1DnyPNR0Ul3cX6UkEWNqw== Completed in 710ms
3495 timing metavuln:load:security-advisory:picomatch:1115551 Completed in 0ms
3496 timing metavuln:calculate:security-advisory:picomatch:1115551 Completed in 711ms
3497 timing metavuln:cache:get:security-advisory:webpack:s8eUYzfoKCRSDroeyV91F0huXvDaY4W8tlhzcL2BszFV9dolZHIAn/UZ/7LVU12F35esXqY1PqnhYKHfHcDozQ== Completed in 715ms
3498 timing metavuln:load:security-advisory:webpack:1113042 Completed in 15ms
3499 timing metavuln:calculate:security-advisory:webpack:1113042 Completed in 730ms
3500 timing reifyNode:node_modules/@babel/code-frame Completed in 2175ms
3501 timing reifyNode:node_modules/acorn-jsx Completed in 2175ms
3502 timing reifyNode:node_modules/safe-buffer Completed in 2175ms
3503 timing reifyNode:node_modules/lodash.merge Completed in 2166ms
3504 timing reifyNode:node_modules/array-timsort Completed in 2166ms
3505 timing reifyNode:node_modules/concat-map Completed in 2203ms
3506 timing reifyNode:node_modules/loader-runner Completed in 2205ms
3507 timing reifyNode:node_modules/punycode Completed in 2206ms
3508 timing reifyNode:node_modules/@babel/helper-globals Completed in 2202ms
3509 timing reifyNode:node_modules/levn Completed in 2220ms
3510 timing reifyNode:node_modules/color-convert Completed in 2218ms
3511 timing reifyNode:node_modules/debug Completed in 2215ms
3512 timing reifyNode:node_modules/ansi-colors Completed in 2215ms
3513 timing reifyNode:node_modules/@webassemblyjs/wasm-opt Completed in 2255ms
3514 timing reifyNode:node_modules/isexe Completed in 2256ms
3515 timing reifyNode:node_modules/cli-spinners Completed in 2254ms
3516 timing reifyNode:node_modules/@types/babel__traverse Completed in 2253ms
3517 timing reifyNode:node_modules/update-browserslist-db Completed in 2252ms
3518 timing reifyNode:node_modules/safer-buffer Completed in 2291ms
3519 timing reifyNode:node_modules/estraverse Completed in 2289ms
3520 timing reifyNode:node_modules/tinyglobby Completed in 2283ms
3521 timing reifyNode:node_modules/webpack/node_modules/estraverse Completed in 2297ms
3522 timing reifyNode:node_modules/@nestjs/cli/node_modules/estraverse Completed in 2298ms
3523 timing reifyNode:node_modules/@webassemblyjs/wast-printer Completed in 2332ms
3524 timing reifyNode:node_modules/deep-is Completed in 2330ms
3525 http fetch GET 200 https://registry.npmjs.org/fs.realpath/-/fs.realpath-1.0.0.tgz 2136ms (cache miss)
3526 timing reifyNode:node_modules/fs.realpath Completed in 2351ms
3527 http fetch GET 200 https://registry.npmjs.org/path-is-absolute/-/path-is-absolute-1.0.1.tgz 2138ms (cache miss)
3528 timing reifyNode:node_modules/path-is-absolute Completed in 2352ms
3529 http fetch GET 200 https://registry.npmjs.org/inflight/-/inflight-1.0.6.tgz 2136ms (cache miss)
3530 warn deprecated inflight@1.0.6: This module is not supported, and leaks memory. Do not use it. Check out lru-cache if you want a good and tested way to coalesce async requests by a key value, which is much more comprehensive and powerful.
3531 timing reifyNode:node_modules/inflight Completed in 2353ms
3532 http fetch GET 200 https://registry.npmjs.org/get-caller-file/-/get-caller-file-2.0.5.tgz 2134ms (cache miss)
3533 timing reifyNode:node_modules/get-caller-file Completed in 2352ms
3534 http fetch GET 200 https://registry.npmjs.org/p-try/-/p-try-2.2.0.tgz 2137ms (cache miss)
3535 timing reifyNode:node_modules/p-try Completed in 2354ms
3536 timing reifyNode:node_modules/gensync Completed in 2345ms
3537 timing reifyNode:node_modules/hasown Completed in 2348ms
3538 timing reifyNode:node_modules/optionator Completed in 2338ms
3539 timing reifyNode:node_modules/cross-spawn Completed in 2337ms
3540 timing reifyNode:node_modules/chalk Completed in 2335ms
3541 timing reifyNode:node_modules/@webassemblyjs/helper-wasm-section Completed in 2373ms
3542 timing reifyNode:node_modules/@webassemblyjs/helper-wasm-bytecode Completed in 2375ms
3543 timing reifyNode:node_modules/wcwidth Completed in 2373ms
3544 timing reifyNode:node_modules/emoji-regex Completed in 2375ms
3545 timing reifyNode:node_modules/node-releases Completed in 2371ms
3546 timing reifyNode:node_modules/@jridgewell/resolve-uri Completed in 2372ms
3547 timing reifyNode:node_modules/@babel/helper-validator-option Completed in 2371ms
3548 timing reifyNode:node_modules/jsesc Completed in 2373ms
3549 http fetch GET 200 https://registry.npmjs.org/y18n/-/y18n-5.0.8.tgz 2180ms (cache miss)
3550 http fetch GET 200 https://registry.npmjs.org/require-directory/-/require-directory-2.1.1.tgz 2180ms (cache miss)
3551 timing reifyNode:node_modules/require-directory Completed in 2398ms
3552 http fetch GET 200 https://registry.npmjs.org/webidl-conversions/-/webidl-conversions-3.0.1.tgz 2179ms (cache miss)
3553 timing reifyNode:node_modules/webidl-conversions Completed in 2399ms
3554 http fetch GET 200 https://registry.npmjs.org/tmpl/-/tmpl-1.0.5.tgz 2176ms (cache miss)
3555 timing reifyNode:node_modules/tmpl Completed in 2399ms
3556 http fetch GET 200 https://registry.npmjs.org/sprintf-js/-/sprintf-js-1.0.3.tgz 2184ms (cache miss)
3557 http fetch GET 200 https://registry.npmjs.org/cliui/-/cliui-8.0.1.tgz 2181ms (cache miss)
3558 http fetch GET 200 https://registry.npmjs.org/acorn-import-phases/-/acorn-import-phases-1.0.4.tgz 2179ms (cache miss)
3559 timing reifyNode:node_modules/acorn-import-phases Completed in 2400ms
3560 timing reifyNode:node_modules/@isaacs/cliui Completed in 2394ms
3561 timing reifyNode:node_modules/ignore Completed in 2385ms
3562 timing reifyNode:node_modules/terser/node_modules/commander Completed in 2415ms
3563 timing reifyNode:node_modules/@babel/helper-compilation-targets/node_modules/semver Completed in 2409ms
3564 timing reifyNode:node_modules/@babel/core/node_modules/semver Completed in 2413ms
3565 timing reifyNode:node_modules/babel-plugin-istanbul/node_modules/semver Completed in 2414ms
3566 timing reifyNode:node_modules/@eslint/eslintrc/node_modules/ignore Completed in 2404ms
3567 timing reifyNode:node_modules/eslint/node_modules/ignore Completed in 2402ms
3568 timing reifyNode:node_modules/has-property-descriptors Completed in 2435ms
3569 timing reifyNode:node_modules/@webassemblyjs/wasm-edit Completed in 2436ms
3570 timing reifyNode:node_modules/escalade Completed in 2435ms
3571 timing reifyNode:node_modules/buffer Completed in 2433ms
3572 http fetch GET 200 https://registry.npmjs.org/makeerror/-/makeerror-1.0.12.tgz 2237ms (cache miss)
3573 timing reifyNode:node_modules/makeerror Completed in 2459ms
3574 http fetch GET 200 https://registry.npmjs.org/yn/-/yn-3.1.1.tgz 2236ms (cache miss)
3575 timing reifyNode:node_modules/yn Completed in 2459ms
3576 http fetch GET 200 https://registry.npmjs.org/media-typer/-/media-typer-0.3.0.tgz 2237ms (cache miss)
3577 timing reifyNode:node_modules/media-typer Completed in 2459ms
3578 http fetch GET 200 https://registry.npmjs.org/@lukeed/csprng/-/csprng-1.1.0.tgz 2237ms (cache miss)
3579 http fetch GET 200 https://registry.npmjs.org/create-require/-/create-require-1.1.1.tgz 2237ms (cache miss)
3580 timing reifyNode:node_modules/create-require Completed in 2460ms
3581 timing reifyNode:node_modules/cli-width Completed in 2455ms
3582 timing reifyNode:node_modules/commander Completed in 2445ms
3583 timing reifyNode:node_modules/@typescript-eslint/parser Completed in 2445ms
3584 timing reifyNode:node_modules/schema-utils/node_modules/json-schema-traverse Completed in 2473ms
3585 timing reifyNode:node_modules/@eslint/eslintrc/node_modules/json-schema-traverse Completed in 2461ms
3586 timing reifyNode:node_modules/eslint/node_modules/json-schema-traverse Completed in 2455ms
3587 timing reifyNode:node_modules/fdir Completed in 2490ms
3588 timing reifyNode:node_modules/y18n Completed in 2537ms
3589 http fetch GET 200 https://registry.npmjs.org/v8-compile-cache-lib/-/v8-compile-cache-lib-3.0.1.tgz 2313ms (cache miss)
3590 timing reifyNode:node_modules/v8-compile-cache-lib Completed in 2536ms
3591 timing reifyNode:node_modules/cliui Completed in 2538ms
3592 timing reifyNode:node_modules/through Completed in 2530ms
3593 timing reifyNode:node_modules/@babel/helper-validator-identifier Completed in 2530ms
3594 timing reifyNode:node_modules/@humanwhocodes/module-importer Completed in 2519ms
3595 timing reifyNode:node_modules/esutils Completed in 2521ms
3596 timing reifyNode:node_modules/fast-deep-equal Completed in 2518ms
3597 timing reifyNode:node_modules/@typescript-eslint/tsconfig-utils Completed in 2517ms
3598 timing reifyNode:node_modules/@typescript-eslint/project-service Completed in 2517ms
3599 timing reifyNode:node_modules/@typescript-eslint/visitor-keys Completed in 2517ms
3600 timing reifyNode:node_modules/comment-json Completed in 2516ms
3601 timing reifyNode:node_modules/source-map-support Completed in 2516ms
3602 timing reifyNode:node_modules/set-function-length Completed in 2551ms
3603 timing reifyNode:node_modules/prelude-ls Completed in 2549ms
3604 timing reifyNode:node_modules/browserslist Completed in 2547ms
3605 http fetch GET 200 https://registry.npmjs.org/lodash.memoize/-/lodash.memoize-4.1.2.tgz 2369ms (cache miss)
3606 timing reifyNode:node_modules/lodash.memoize Completed in 2598ms
3607 http fetch GET 200 https://registry.npmjs.org/arg/-/arg-4.1.3.tgz 2373ms (cache miss)
3608 timing reifyNode:node_modules/arg Completed in 2599ms
3609 timing reifyNode:node_modules/es-define-property Completed in 2594ms
3610 timing reifyNode:node_modules/braces Completed in 2583ms
3611 timing reifyNode:node_modules/eslint-visitor-keys Completed in 2582ms
3612 timing reifyNode:node_modules/picomatch Completed in 2578ms
3613 timing reifyNode:node_modules/cli-table3 Completed in 2582ms
3614 timing reifyNode:node_modules/@typescript-eslint/visitor-keys/node_modules/eslint-visitor-keys Completed in 2586ms
3615 timing reifyNode:node_modules/call-bind Completed in 2617ms
3616 timing reifyNode:node_modules/@webassemblyjs/utf8 Completed in 2623ms
3617 timing reifyNode:node_modules/@webassemblyjs/wasm-gen Completed in 2623ms
3618 timing reifyNode:node_modules/fs-monkey Completed in 2620ms
3619 timing metavuln:cache:put:security-advisory:multer:lOAak55pQbkEMgAD7w4/T/PhKeGdnA/ERPeYP3WzcNnmOvYT+IhOKnMOz49q5ltw/6mNTZsPWaAlpzaElDp0pQ== Completed in 1076ms
3620 timing metavuln:calculate:security-advisory:multer:1113636 Completed in 1197ms
3621 timing metavuln:cache:put:security-advisory:file-type:AZrJ3br1RJSxE2G6Czr5++tFYi2k2/ylfZRgUQZUrlygD3CZ/ZALBU9rjpJR/B3eszCvA7o1H5g6DJc+NnIKow== Completed in 1084ms
3622 timing metavuln:calculate:security-advisory:file-type:1114301 Completed in 1199ms
3623 timing metavuln:cache:put:security-advisory:@nestjs/core:4Zi8IVGdrSmWE32EWxPaqJmqK3gSVUyCiZrde+6UWTW0ptKqJqjkTfzbhMSq09BtjZkSgesrsgnbvuNITLOudg== Completed in 1091ms
3624 timing metavuln:calculate:security-advisory:@nestjs/core:1116226 Completed in 1203ms
3625 timing metavuln:cache:put:security-advisory:multer:NU0/k/JRt57kYnnd0YlWFdqmHcBXq80/MbQoAk9ur1mFsjG7/BzuKih73nCggFHXlWyOSv3qyYcXT/gfVYH2Mw== Completed in 1073ms
3626 timing metavuln:calculate:security-advisory:multer:1113996 Completed in 1197ms
3627 timing metavuln:cache:put:security-advisory:multer:9alOYGAxeb3ByTV29rk5IYOvvoI7zOv/LmNNE/Ax3uTYKgVSePyz6JVVXMKs5ixTiXUUODeCG2+ymbO6ww2cEA== Completed in 1078ms
3628 timing metavuln:calculate:security-advisory:multer:1113635 Completed in 1199ms
3629 timing metavuln:cache:put:security-advisory:file-type:oIh6/tlw+9w734LA/o4O9aEkTTIpz3hCJfBMLEc1K6gmrGXwpQcMrmfWkBuF0gWHa/RQNwhp7MwErWDTbebKRw== Completed in 1082ms
3630 timing metavuln:calculate:security-advisory:file-type:1114726 Completed in 1199ms
3631 timing metavuln:packument:@nestjs/platform-express Completed in 0ms
3632 timing metavuln:packument:@nestjs/testing Completed in 0ms
3633 timing reifyNode:node_modules/@lukeed/csprng Completed in 2661ms
3634 http fetch GET 200 https://registry.npmjs.org/acorn-walk/-/acorn-walk-8.3.5.tgz 2438ms (cache miss)
3635 http fetch GET 200 https://registry.npmjs.org/bs-logger/-/bs-logger-0.2.6.tgz 2433ms (cache miss)
3636 http fetch GET 200 https://registry.npmjs.org/make-error/-/make-error-1.3.6.tgz 2435ms (cache miss)
3637 timing reifyNode:node_modules/make-error Completed in 2663ms
3638 timing reifyNode:node_modules/gopd Completed in 2656ms
3639 timing reifyNode:node_modules/deepmerge Completed in 2656ms
3640 timing reifyNode:node_modules/fsevents Completed in 2644ms
3641 timing reifyNode:node_modules/symbol-observable Completed in 2639ms
3642 timing reifyNode:node_modules/define-data-property Completed in 2674ms
3643 timing reifyNode:node_modules/@webassemblyjs/leb128 Completed in 2675ms
3644 timing reifyNode:node_modules/bl Completed in 2673ms
3645 timing metavuln:cache:get:security-advisory:@nestjs/platform-express:O3rIx/ZlBlyggvfcOWyNBJFgji3Dh42hYT3yoLjpN01V0z7j1kIMgW4ioMQGn0uqmYO+8uACtow78NyO283kig== Completed in 26ms
3646 timing metavuln:load:security-advisory:@nestjs/platform-express:4Zi8IVGdrSmWE32EWxPaqJmqK3gSVUyCiZrde+6UWTW0ptKqJqjkTfzbhMSq09BtjZkSgesrsgnbvuNITLOudg== Completed in 31ms
3647 timing metavuln:cache:get:security-advisory:@nestjs/testing:LqXuKb39G6lCnNbwqe/E4tswuqZtPLpbrFks1aYnmpLVWNcPesAkkf0w5rf7Mj9g9TyeJ+ZbDuFsKd+c0hVOMg== Completed in 58ms
3648 timing metavuln:load:security-advisory:@nestjs/testing:4Zi8IVGdrSmWE32EWxPaqJmqK3gSVUyCiZrde+6UWTW0ptKqJqjkTfzbhMSq09BtjZkSgesrsgnbvuNITLOudg== Completed in 20ms
3649 timing reifyNode:node_modules/dunder-proto Completed in 2732ms
3650 timing reifyNode:node_modules/get-intrinsic Completed in 2733ms
3651 timing reifyNode:node_modules/micromatch/node_modules/picomatch Completed in 2739ms
3652 timing reifyNode:node_modules/jest-util/node_modules/picomatch Completed in 2736ms
3653 timing reifyNode:node_modules/readdirp/node_modules/picomatch Completed in 2724ms
3654 timing reifyNode:node_modules/anymatch/node_modules/picomatch Completed in 2724ms
3655 timing reifyNode:node_modules/@babel/helper-module-imports Completed in 2744ms
3656 timing reifyNode:node_modules/argparse Completed in 2747ms
3657 http fetch GET 200 https://registry.npmjs.org/es-module-lexer/-/es-module-lexer-2.0.0.tgz 2540ms (cache miss)
3658 timing reifyNode:node_modules/package-json-from-dist Completed in 2753ms
3659 timing reifyNode:node_modules/es-object-atoms Completed in 2754ms
3660 timing reifyNode:node_modules/node-abort-controller Completed in 2753ms
3661 timing reifyNode:node_modules/function-bind Completed in 2754ms
3662 timing reifyNode:node_modules/chokidar Completed in 2737ms
3663 timing reifyNode:node_modules/tinyglobby/node_modules/picomatch Completed in 2745ms
3664 timing reifyNode:node_modules/@ljharb/through Completed in 2771ms
3665 timing reifyNode:node_modules/@jridgewell/source-map Completed in 2771ms
3666 timing reifyNode:node_modules/acorn-walk Completed in 2796ms
3667 timing reifyNode:node_modules/chardet Completed in 2790ms
3668 timing reifyNode:node_modules/get-proto Completed in 2790ms
3669 timing reifyNode:node_modules/mime-db Completed in 2803ms
3670 timing reifyNode:node_modules/balanced-match Completed in 2804ms
3671 timing reifyNode:node_modules/@babel/compat-data Completed in 2801ms
3672 timing reifyNode:node_modules/external-editor Completed in 2809ms
3673 timing reifyNode:node_modules/json-stable-stringify-without-jsonify Completed in 2800ms
3674 timing reifyNode:node_modules/json-schema-traverse Completed in 2797ms
3675 timing reifyNode:node_modules/es-module-lexer Completed in 2834ms
3676 timing reifyNode:node_modules/ajv-formats Completed in 2808ms
3677 timing reifyNode:node_modules/@nestjs/cli/node_modules/es-module-lexer Completed in 2810ms
3678 http fetch GET 200 https://registry.npmjs.org/@tsconfig/node10/-/node10-1.0.12.tgz 2614ms (cache miss)
3679 timing reifyNode:node_modules/@tsconfig/node10 Completed in 2841ms
3680 http fetch GET 200 https://registry.npmjs.org/@tsconfig/node14/-/node14-1.0.3.tgz 2616ms (cache miss)
3681 timing reifyNode:node_modules/@tsconfig/node14 Completed in 2842ms
3682 http fetch GET 200 https://registry.npmjs.org/@borewit/text-codec/-/text-codec-0.2.2.tgz 2612ms (cache miss)
3683 timing reifyNode:node_modules/@borewit/text-codec Completed in 2843ms
3684 http fetch GET 200 https://registry.npmjs.org/@tsconfig/node12/-/node12-1.0.11.tgz 2617ms (cache miss)
3685 timing reifyNode:node_modules/@tsconfig/node12 Completed in 2844ms
3686 http fetch GET 200 https://registry.npmjs.org/@tsconfig/node16/-/node16-1.0.4.tgz 2619ms (cache miss)
3687 timing reifyNode:node_modules/@tsconfig/node16 Completed in 2845ms
3688 timing reifyNode:node_modules/fast-json-stable-stringify Completed in 2844ms
3689 timing reifyNode:node_modules/terser-webpack-plugin Completed in 2856ms
3690 timing reifyNode:node_modules/@webassemblyjs/wasm-parser Completed in 2857ms
3691 timing reifyNode:node_modules/@babel/helper-compilation-targets Completed in 2850ms
3692 timing reifyNode:node_modules/has-symbols Completed in 2854ms
3693 timing reifyNode:node_modules/tslib Completed in 2836ms
3694 timing reifyNode:node_modules/webpack/node_modules/eslint-scope Completed in 2838ms
3695 timing reifyNode:node_modules/@nestjs/cli/node_modules/eslint-scope Completed in 2838ms
3696 timing reifyNode:node_modules/@xtuc/long Completed in 2869ms
3697 timing reifyNode:node_modules/brace-expansion Completed in 2866ms
3698 timing reifyNode:node_modules/electron-to-chromium Completed in 2864ms
3699 http fetch GET 200 https://registry.npmjs.org/wrappy/-/wrappy-1.0.2.tgz 2665ms (cache miss)
3700 timing reifyNode:node_modules/wrappy Completed in 2896ms
3701 http fetch GET 200 https://registry.npmjs.org/once/-/once-1.4.0.tgz 2664ms (cache miss)
3702 timing reifyNode:node_modules/once Completed in 2896ms
3703 timing reifyNode:node_modules/@angular-devkit/schematics-cli/node_modules/chalk Completed in 2885ms
3704 http fetch GET 200 https://registry.npmjs.org/asap/-/asap-2.0.6.tgz 2686ms (cache miss)
3705 http fetch GET 200 https://registry.npmjs.org/component-emitter/-/component-emitter-1.3.1.tgz 2684ms (cache miss)
3706 timing reifyNode:node_modules/component-emitter Completed in 2917ms
3707 timing reifyNode:node_modules/asap Completed in 2918ms
3708 http fetch GET 200 https://registry.npmjs.org/@paralleldrive/cuid2/-/cuid2-2.3.1.tgz 2686ms (cache miss)
3709 timing reifyNode:node_modules/@paralleldrive/cuid2 Completed in 2919ms
3710 http fetch GET 200 https://registry.npmjs.org/dezalgo/-/dezalgo-1.0.4.tgz 2688ms (cache miss)
3711 timing reifyNode:node_modules/dezalgo Completed in 2920ms
3712 timing reifyNode:node_modules/@pkgjs/parseargs Completed in 2925ms
3713 timing reifyNode:node_modules/sprintf-js Completed in 2935ms
3714 timing reifyNode:node_modules/call-bind-apply-helpers Completed in 2932ms
3715 timing reifyNode:node_modules/tapable Completed in 2932ms
3716 timing reifyNode:node_modules/yargs-parser Completed in 2916ms
3717 http fetch GET 200 https://registry.npmjs.org/@cspotcode/source-map-support/-/source-map-support-0.8.1.tgz 2722ms (cache miss)
3718 http fetch GET 200 https://registry.npmjs.org/char-regex/-/char-regex-1.0.2.tgz 2720ms (cache miss)
3719 timing reifyNode:node_modules/char-regex Completed in 2955ms
3720 http fetch GET 200 https://registry.npmjs.org/cookiejar/-/cookiejar-2.1.4.tgz 2722ms (cache miss)
3721 timing reifyNode:node_modules/cookiejar Completed in 2956ms
3722 http fetch GET 200 https://registry.npmjs.org/side-channel-map/-/side-channel-map-1.0.1.tgz 2721ms (cache miss)
3723 timing reifyNode:node_modules/es-errors Completed in 2967ms
3724 timing reifyNode:node_modules/@isaacs/cliui/node_modules/emoji-regex Completed in 2977ms
3725 timing reifyNode:node_modules/watchpack Completed in 2990ms
3726 timing reifyNode:node_modules/baseline-browser-mapping Completed in 2986ms
3727 http fetch GET 200 https://registry.npmjs.org/side-channel-weakmap/-/side-channel-weakmap-1.0.2.tgz 2763ms (cache miss)
3728 http fetch GET 200 https://registry.npmjs.org/@pkgr/core/-/core-0.2.9.tgz 2769ms (cache miss)
3729 http fetch GET 200 https://registry.npmjs.org/call-bound/-/call-bound-1.0.4.tgz 2763ms (cache miss)
3730 http fetch GET 200 https://registry.npmjs.org/side-channel-list/-/side-channel-list-1.0.0.tgz 2764ms (cache miss)
3731 timing reifyNode:node_modules/flatted Completed in 2995ms
3732 timing reifyNode:node_modules/@typescript-eslint/types Completed in 2980ms
3733 http fetch GET 200 https://registry.npmjs.org/path-parse/-/path-parse-1.0.7.tgz 2773ms (cache miss)
3734 timing reifyNode:node_modules/path-parse Completed in 3012ms
3735 http fetch GET 200 https://registry.npmjs.org/ipaddr.js/-/ipaddr.js-1.9.1.tgz 2773ms (cache miss)
3736 http fetch GET 200 https://registry.npmjs.org/@tokenizer/token/-/token-0.3.0.tgz 2779ms (cache miss)
3737 timing reifyNode:node_modules/@tokenizer/token Completed in 3013ms
3738 timing reifyNode:node_modules/ipaddr.js Completed in 3013ms
3739 http fetch GET 200 https://registry.npmjs.org/tr46/-/tr46-0.0.3.tgz 2797ms (cache miss)
3740 timing reifyNode:node_modules/tr46 Completed in 3019ms
3741 http fetch GET 200 https://registry.npmjs.org/wordwrap/-/wordwrap-1.0.0.tgz 2789ms (cache miss)
3742 timing reifyNode:node_modules/wordwrap Completed in 3017ms
3743 timing reifyNode:node_modules/esprima Completed in 2996ms
3744 timing reifyNode:node_modules/@cspotcode/source-map-support Completed in 3032ms
3745 timing reifyNode:node_modules/call-bound Completed in 3034ms
3746 timing reifyNode:node_modules/@pkgr/core Completed in 3035ms
3747 http fetch GET 200 https://registry.npmjs.org/supports-preserve-symlinks-flag/-/supports-preserve-symlinks-flag-1.0.0.tgz 2798ms (cache miss)
3748 http fetch GET 200 https://registry.npmjs.org/queue-microtask/-/queue-microtask-1.2.3.tgz 2797ms (cache miss)
3749 timing reifyNode:node_modules/queue-microtask Completed in 3036ms
3750 http fetch GET 200 https://registry.npmjs.org/mime/-/mime-1.6.0.tgz 2799ms (cache miss)
3751 http fetch GET 200 https://registry.npmjs.org/kleur/-/kleur-3.0.3.tgz 2796ms (cache miss)
3752 timing reifyNode:node_modules/kleur Completed in 3037ms
3753 http fetch GET 200 https://registry.npmjs.org/side-channel/-/side-channel-1.1.0.tgz 2798ms (cache miss)
3754 http fetch GET 200 https://registry.npmjs.org/forwarded/-/forwarded-0.2.0.tgz 2798ms (cache miss)
3755 timing reifyNode:node_modules/forwarded Completed in 3038ms
3756 timing reifyNode:node_modules/@babel/template Completed in 3043ms
3757 timing reifyNode:node_modules/side-channel-weakmap Completed in 3049ms
3758 http fetch GET 200 https://registry.npmjs.org/is-core-module/-/is-core-module-2.16.1.tgz 2813ms (cache miss)
3759 http fetch GET 200 https://registry.npmjs.org/fast-diff/-/fast-diff-1.3.0.tgz 2809ms (cache miss)
3760 timing reifyNode:node_modules/fast-diff Completed in 3049ms
3761 http fetch GET 200 https://registry.npmjs.org/react-is/-/react-is-18.3.1.tgz 2810ms (cache miss)
3762 http fetch GET 200 https://registry.npmjs.org/sisteransi/-/sisteransi-1.0.5.tgz 2810ms (cache miss)
3763 timing reifyNode:node_modules/sisteransi Completed in 3051ms
3764 http fetch GET 200 https://registry.npmjs.org/streamsearch/-/streamsearch-1.1.0.tgz 2810ms (cache miss)
3765 timing reifyNode:node_modules/node-emoji Completed in 3030ms
3766 timing reifyNode:node_modules/@types/eslint Completed in 3061ms
3767 timing reifyNode:node_modules/side-channel-list Completed in 3062ms
3768 timing reifyNode:node_modules/supports-preserve-symlinks-flag Completed in 3063ms
3769 http fetch GET 200 https://registry.npmjs.org/whatwg-url/-/whatwg-url-5.0.0.tgz 2821ms (cache miss)
3770 http fetch GET 200 https://registry.npmjs.org/ee-first/-/ee-first-1.1.1.tgz 2821ms (cache miss)
3771 timing reifyNode:node_modules/ee-first Completed in 3063ms
3772 http fetch GET 200 https://registry.npmjs.org/xtend/-/xtend-4.0.2.tgz 2820ms (cache miss)
3773 timing reifyNode:node_modules/xtend Completed in 3064ms
3774 timing reifyNode:node_modules/react-is Completed in 3065ms
3775 timing reifyNode:node_modules/side-channel-map Completed in 3066ms
3776 http fetch GET 200 https://registry.npmjs.org/typedarray/-/typedarray-0.0.6.tgz 2824ms (cache miss)
3777 http fetch GET 200 https://registry.npmjs.org/mkdirp/-/mkdirp-0.5.6.tgz 2824ms (cache miss)
3778 timing reifyNode:node_modules/mkdirp Completed in 3067ms
3779 timing reifyNode:node_modules/ts-api-utils Completed in 3045ms
3780 timing reifyNode:node_modules/@babel/helper-module-transforms Completed in 3071ms
3781 http fetch GET 200 https://registry.npmjs.org/concat-stream/-/concat-stream-2.0.0.tgz 2832ms (cache miss)
3782 timing reifyNode:node_modules/concat-stream Completed in 3077ms
3783 http fetch GET 200 https://registry.npmjs.org/append-field/-/append-field-1.0.0.tgz 2834ms (cache miss)
3784 timing reifyNode:node_modules/append-field Completed in 3078ms
3785 timing reifyNode:node_modules/minimist Completed in 3083ms
3786 timing reifyNode:node_modules/typedarray Completed in 3085ms
3787 timing reifyNode:node_modules/mime Completed in 3086ms
3788 timing reifyNode:node_modules/is-core-module Completed in 3087ms
3789 timing reifyNode:node_modules/streamsearch Completed in 3086ms
3790 timing metavuln:cache:put:security-advisory:@nestjs/testing:LqXuKb39G6lCnNbwqe/E4tswuqZtPLpbrFks1aYnmpLVWNcPesAkkf0w5rf7Mj9g9TyeJ+ZbDuFsKd+c0hVOMg== Completed in 351ms
3791 timing metavuln:calculate:security-advisory:@nestjs/testing:4Zi8IVGdrSmWE32EWxPaqJmqK3gSVUyCiZrde+6UWTW0ptKqJqjkTfzbhMSq09BtjZkSgesrsgnbvuNITLOudg== Completed in 429ms
3792 timing metavuln:cache:put:security-advisory:@nestjs/platform-express:O3rIx/ZlBlyggvfcOWyNBJFgji3Dh42hYT3yoLjpN01V0z7j1kIMgW4ioMQGn0uqmYO+8uACtow78NyO283kig== Completed in 372ms
3793 timing metavuln:calculate:security-advisory:@nestjs/platform-express:4Zi8IVGdrSmWE32EWxPaqJmqK3gSVUyCiZrde+6UWTW0ptKqJqjkTfzbhMSq09BtjZkSgesrsgnbvuNITLOudg== Completed in 430ms
3794 timing metavuln:packument:@nestjs/cli Completed in 1ms
3795 timing reifyNode:node_modules/schema-utils Completed in 3082ms
3796 timing reifyNode:node_modules/@colors/colors Completed in 3070ms
3797 timing reifyNode:node_modules/whatwg-url Completed in 3095ms
3798 http fetch GET 200 https://registry.npmjs.org/detect-newline/-/detect-newline-3.1.0.tgz 2846ms (cache miss)
3799 timing reifyNode:node_modules/detect-newline Completed in 3094ms
3800 timing reifyNode:node_modules/side-channel Completed in 3096ms
3801 http fetch GET 200 https://registry.npmjs.org/jest-docblock/-/jest-docblock-29.7.0.tgz 2847ms (cache miss)
3802 timing reifyNode:node_modules/jest-docblock Completed in 3095ms
3803 http fetch GET 200 https://registry.npmjs.org/leven/-/leven-3.1.0.tgz 2851ms (cache miss)
3804 timing reifyNode:node_modules/leven Completed in 3096ms
3805 http fetch GET 200 https://registry.npmjs.org/strip-bom/-/strip-bom-4.0.0.tgz 2851ms (cache miss)
3806 timing reifyNode:node_modules/strip-bom Completed in 3097ms
3807 http fetch GET 200 https://registry.npmjs.org/jest-leak-detector/-/jest-leak-detector-29.7.0.tgz 2850ms (cache miss)
3808 timing reifyNode:node_modules/jest-leak-detector Completed in 3097ms
3809 http fetch GET 200 https://registry.npmjs.org/emittery/-/emittery-0.13.1.tgz 2850ms (cache miss)
3810 timing reifyNode:node_modules/emittery Completed in 3098ms
3811 http fetch GET 200 https://registry.npmjs.org/jest-pnp-resolver/-/jest-pnp-resolver-1.2.3.tgz 2858ms (cache miss)
3812 timing reifyNode:node_modules/jest-pnp-resolver Completed in 3107ms
3813 http fetch GET 200 https://registry.npmjs.org/cjs-module-lexer/-/cjs-module-lexer-1.4.3.tgz 2897ms (cache miss)
3814 timing reifyNode:node_modules/@eslint-community/regexpp Completed in 3124ms
3815 timing reifyNode:node_modules/bs-logger Completed in 3156ms
3816 timing reifyNode:node_modules/terser-webpack-plugin/node_modules/schema-utils Completed in 3163ms
3817 timing reifyNode:node_modules/source-map Completed in 3134ms
3818 timing reifyNode:node_modules/webpack/node_modules/schema-utils Completed in 3134ms
3819 timing reifyNode:node_modules/events Completed in 3164ms
3820 timing reifyNode:node_modules/readable-stream Completed in 3162ms
3821 timing reifyNode:node_modules/@jridgewell/sourcemap-codec Completed in 3159ms
3822 http fetch GET 200 https://registry.npmjs.org/resolve.exports/-/resolve.exports-2.0.3.tgz 2914ms (cache miss)
3823 timing reifyNode:node_modules/resolve.exports Completed in 3165ms
3824 timing reifyNode:node_modules/cosmiconfig Completed in 3161ms
3825 timing reifyNode:node_modules/terser-webpack-plugin/node_modules/jest-worker Completed in 3177ms
3826 timing reifyNode:node_modules/@jridgewell/remapping Completed in 3173ms
3827 timing reifyNode:node_modules/cjs-module-lexer Completed in 3177ms
3828 timing reifyNode:node_modules/math-intrinsics Completed in 3172ms
3829 timing reifyNode:node_modules/json5 Completed in 3189ms
3830 http fetch GET 200 https://registry.npmjs.org/node-int64/-/node-int64-0.4.0.tgz 2943ms (cache miss)
3831 timing reifyNode:node_modules/node-int64 Completed in 3195ms
3832 http fetch GET 200 https://registry.npmjs.org/type-detect/-/type-detect-4.0.8.tgz 2943ms (cache miss)
3833 timing reifyNode:node_modules/type-detect Completed in 3196ms
3834 http fetch GET 200 https://registry.npmjs.org/bser/-/bser-2.1.1.tgz 2945ms (cache miss)
3835 timing reifyNode:node_modules/bser Completed in 3197ms
3836 timing reifyNode:node_modules/signal-exit Completed in 3193ms
3837 timing metavuln:cache:get:security-advisory:@nestjs/cli:qQRRGBPCJ+deUv/AVVFiDDrfN1PvQguhBu2lMksVBX4cesPs+cjg43khdlx803sYhYUdVD2dJXRikh4M9WbpHA== Completed in 111ms
3838 timing metavuln:load:security-advisory:@nestjs/cli:IzHFkMfHDC+SV3IL23ZHngntgLDUgyESA9Ge8Mh5rKNVcDpaWLuTZIcoUJg4/bAH+BQlnDzJ4nLfJCy6fOIM0A== Completed in 1ms
3839 timing metavuln:calculate:security-advisory:@nestjs/cli:IzHFkMfHDC+SV3IL23ZHngntgLDUgyESA9Ge8Mh5rKNVcDpaWLuTZIcoUJg4/bAH+BQlnDzJ4nLfJCy6fOIM0A== Completed in 112ms
3840 timing reifyNode:node_modules/@eslint-community/eslint-utils Completed in 3182ms
3841 timing reifyNode:node_modules/schema-utils/node_modules/ajv-keywords Completed in 3199ms
3842 timing reifyNode:node_modules/magic-string Completed in 3180ms
3843 http fetch GET 200 https://registry.npmjs.org/diff-sequences/-/diff-sequences-29.6.3.tgz 2961ms (cache miss)
3844 timing reifyNode:node_modules/diff-sequences Completed in 3214ms
3845 http fetch GET 200 https://registry.npmjs.org/@jest/globals/-/globals-29.7.0.tgz 2967ms (cache miss)
3846 timing reifyNode:node_modules/@jest/globals Completed in 3214ms
3847 timing reifyNode:node_modules/minipass Completed in 3212ms
3848 http fetch GET 200 https://registry.npmjs.org/@babel/plugin-syntax-typescript/-/plugin-syntax-typescript-7.28.6.tgz 2978ms (cache miss)
3849 timing reifyNode:node_modules/@babel/plugin-syntax-typescript Completed in 3224ms
3850 http fetch GET 200 https://registry.npmjs.org/fb-watchman/-/fb-watchman-2.0.2.tgz 2971ms (cache miss)
3851 timing reifyNode:node_modules/fb-watchman Completed in 3225ms
3852 timing reifyNode:node_modules/inquirer Completed in 3206ms
3853 timing reifyNode:node_modules/@angular-devkit/schematics-cli/node_modules/inquirer Completed in 3209ms
3854 timing reifyNode:node_modules/webpack-sources Completed in 3239ms
3855 timing reifyNode:node_modules/@jridgewell/gen-mapping Completed in 3232ms
3856 http fetch GET 200 https://registry.npmjs.org/@jest/source-map/-/source-map-29.6.3.tgz 2993ms (cache miss)
3857 timing reifyNode:node_modules/@jest/source-map Completed in 3239ms
3858 http fetch GET 200 https://registry.npmjs.org/@babel/plugin-syntax-jsx/-/plugin-syntax-jsx-7.28.6.tgz 3018ms (cache miss)
3859 timing reifyNode:node_modules/@babel/plugin-syntax-jsx Completed in 3263ms
3860 timing reifyNode:node_modules/iconv-lite Completed in 3251ms
3861 timing reifyNode:node_modules/acorn Completed in 3279ms
3862 timing reifyNode:node_modules/foreground-child Completed in 3295ms
3863 timing metavuln:cache:get:security-advisory:@nestjs/cli:xnHpvi/X6a2++2LgMAW0FXOJT5kac+Oz1qbleHDeULV1AyTxUOArfncUPzm7x7xw/6f+ZK3xdWIaLi64g8iZZQ== Completed in 129ms
3864 timing metavuln:load:security-advisory:@nestjs/cli:NTB2XjbDOgk4lkd8PZ3tUAm1F3E/ohGF6rl9/3LEO7Z0FDzSR5nWwzd3nUENA3NCNdyeR+35DOC12wPml2IV+g== Completed in 1ms
3865 timing metavuln:calculate:security-advisory:@nestjs/cli:NTB2XjbDOgk4lkd8PZ3tUAm1F3E/ohGF6rl9/3LEO7Z0FDzSR5nWwzd3nUENA3NCNdyeR+35DOC12wPml2IV+g== Completed in 130ms
3866 timing metavuln:packument:@angular-devkit/core Completed in 5ms
3867 timing metavuln:packument:ajv-formats Completed in 2ms
3868 timing metavuln:packument:schema-utils Completed in 1ms
3869 timing metavuln:packument:ajv-keywords Completed in 0ms
3870 timing reifyNode:node_modules/memfs Completed in 3331ms
3871 http fetch GET 200 https://registry.npmjs.org/stack-utils/-/stack-utils-2.0.6.tgz 3079ms (cache miss)
3872 timing reifyNode:node_modules/stack-utils Completed in 3339ms
3873 http fetch GET 200 https://registry.npmjs.org/jest-mock/-/jest-mock-29.7.0.tgz 3079ms (cache miss)
3874 timing reifyNode:node_modules/jest-mock Completed in 3339ms
3875 timing reifyNode:node_modules/jackspeak Completed in 3339ms
3876 timing reifyNode:node_modules/path-scurry Completed in 3352ms
3877 http fetch GET 200 https://registry.npmjs.org/jest-each/-/jest-each-29.7.0.tgz 3098ms (cache miss)
3878 timing reifyNode:node_modules/@nestjs/schematics/node_modules/jsonc-parser Completed in 3355ms
3879 timing reifyNode:node_modules/jsonc-parser Completed in 3360ms
3880 timing reifyNode:node_modules/jest-each Completed in 3396ms
3881 timing reifyNode:node_modules/ansi-escapes/node_modules/type-fest Completed in 3394ms
3882 http fetch GET 200 https://registry.npmjs.org/@types/stack-utils/-/stack-utils-2.0.3.tgz 3151ms (cache miss)
3883 timing reifyNode:node_modules/@types/stack-utils Completed in 3403ms
3884 http fetch GET 200 https://registry.npmjs.org/@types/graceful-fs/-/graceful-fs-4.1.9.tgz 3151ms (cache miss)
3885 timing reifyNode:node_modules/@types/graceful-fs Completed in 3404ms
3886 timing reifyNode:node_modules/fs-extra Completed in 3410ms
3887 http fetch GET 200 https://registry.npmjs.org/co/-/co-4.6.0.tgz 3175ms (cache miss)
3888 timing reifyNode:node_modules/co Completed in 3437ms
3889 timing metavuln:cache:get:security-advisory:@angular-devkit/core:qJcRGgqCNBu6M7QIMReHIELw+c0d9p4cCRVYlgJOuax/8CHtmq98t794FTHMO1RxUDx9IShwUM4HjPVJqUpPLQ== Completed in 107ms
3890 timing metavuln:load:security-advisory:@angular-devkit/core:URErmxoyazZWR5lFcXpgTkGsbkrUBDlzD8W6txjBw2wZoOC7oHjHFfCrRr/VnGeJvbyUY9E2jxrL8p2XbwfP8g== Completed in 10ms
3891 timing metavuln:calculate:security-advisory:@angular-devkit/core:URErmxoyazZWR5lFcXpgTkGsbkrUBDlzD8W6txjBw2wZoOC7oHjHFfCrRr/VnGeJvbyUY9E2jxrL8p2XbwfP8g== Completed in 118ms
3892 timing metavuln:cache:get:security-advisory:ajv-formats:FvZpb7jSNyyWiQIVPGitnU868Mo9VzJTfWeYAHvgwc94UdQjyn/4YC1QV41UK3biKRAfI35CyKmFL3IDemDaKQ== Completed in 116ms
3893 timing metavuln:load:security-advisory:ajv-formats:URErmxoyazZWR5lFcXpgTkGsbkrUBDlzD8W6txjBw2wZoOC7oHjHFfCrRr/VnGeJvbyUY9E2jxrL8p2XbwfP8g== Completed in 0ms
3894 timing metavuln:calculate:security-advisory:ajv-formats:URErmxoyazZWR5lFcXpgTkGsbkrUBDlzD8W6txjBw2wZoOC7oHjHFfCrRr/VnGeJvbyUY9E2jxrL8p2XbwfP8g== Completed in 116ms
3895 timing metavuln:cache:get:security-advisory:schema-utils:jeD++QW3RmuXUj4724QcitSOqXm1y5wbrmfm8CQ+ksMJQx9x5aXXN4+FC6sDGla6lZbT/KpvddsLwTCnkcqp7w== Completed in 116ms
3896 timing metavuln:load:security-advisory:schema-utils:URErmxoyazZWR5lFcXpgTkGsbkrUBDlzD8W6txjBw2wZoOC7oHjHFfCrRr/VnGeJvbyUY9E2jxrL8p2XbwfP8g== Completed in 0ms
3897 timing metavuln:calculate:security-advisory:schema-utils:URErmxoyazZWR5lFcXpgTkGsbkrUBDlzD8W6txjBw2wZoOC7oHjHFfCrRr/VnGeJvbyUY9E2jxrL8p2XbwfP8g== Completed in 116ms
3898 timing metavuln:cache:get:security-advisory:ajv-keywords:2GXRn8zsuxNEY7/qN6wYE4CrPKkAphM+4Wm/OdOGHx+Nj0CLwtJcho1aVT3xUylELIHg6tXqQVmGBKQ2DdlCMA== Completed in 122ms
3899 timing metavuln:load:security-advisory:ajv-keywords:URErmxoyazZWR5lFcXpgTkGsbkrUBDlzD8W6txjBw2wZoOC7oHjHFfCrRr/VnGeJvbyUY9E2jxrL8p2XbwfP8g== Completed in 1ms
3900 timing metavuln:calculate:security-advisory:ajv-keywords:URErmxoyazZWR5lFcXpgTkGsbkrUBDlzD8W6txjBw2wZoOC7oHjHFfCrRr/VnGeJvbyUY9E2jxrL8p2XbwfP8g== Completed in 123ms
3901 timing metavuln:packument:fdir Completed in 1ms
3902 http fetch GET 200 https://registry.npmjs.org/jest-diff/-/jest-diff-29.7.0.tgz 3215ms (cache miss)
3903 http fetch GET 200 https://registry.npmjs.org/object-inspect/-/object-inspect-1.13.4.tgz 3237ms (cache miss)
3904 http fetch GET 200 https://registry.npmjs.org/busboy/-/busboy-1.6.0.tgz 3229ms (cache miss)
3905 timing metavuln:cache:get:security-advisory:fdir:I7IZptQLXjhZ5TVjlLB1vJ5JfgkV8HlzAFySNm0W8XK7Klvz8UNk59CjMAZ1uqS4G0ttvhpXbZB8RE9vuO4PCA== Completed in 11ms
3906 timing metavuln:load:security-advisory:fdir:2VXNT0aF/Oc+aljqzVZL+y7UYoRsun3f1sCqjauwt4R4X9DizyqvONZbNtH8U58EY1DnyPNR0Ul3cX6UkEWNqw== Completed in 1ms
3907 timing reifyNode:node_modules/@typescript-eslint/type-utils Completed in 3455ms
3908 http fetch GET 200 https://registry.npmjs.org/@sinonjs/fake-timers/-/fake-timers-10.3.0.tgz 3233ms (cache miss)
3909 timing reifyNode:node_modules/@sinonjs/fake-timers Completed in 3487ms
3910 timing reifyNode:node_modules/semver Completed in 3468ms
3911 timing reifyNode:node_modules/jest-diff Completed in 3505ms
3912 http fetch GET 200 https://registry.npmjs.org/walker/-/walker-1.0.8.tgz 3262ms (cache miss)
3913 timing reifyNode:node_modules/walker Completed in 3515ms
3914 timing reifyNode:node_modules/object-inspect Completed in 3518ms
3915 timing reifyNode:node_modules/busboy Completed in 3518ms
3916 http fetch GET 200 https://registry.npmjs.org/diff/-/diff-4.0.4.tgz 3301ms (cache miss)
3917 http fetch GET 200 https://registry.npmjs.org/dedent/-/dedent-1.7.2.tgz 3268ms (cache miss)
3918 timing reifyNode:node_modules/dedent Completed in 3531ms
3919 http fetch GET 200 https://registry.npmjs.org/formidable/-/formidable-3.5.4.tgz 3304ms (cache miss)
3920 timing reifyNode:node_modules/js-yaml Completed in 3585ms
3921 timing reifyNode:node_modules/@jridgewell/trace-mapping Completed in 3619ms
3922 timing reifyNode:node_modules/diff Completed in 3628ms
3923 timing reifyNode:node_modules/formidable Completed in 3630ms
3924 timing metavuln:cache:get:security-advisory:@angular-devkit/core:xyzLPDuv/jkwtHwN8LfoSdVtmkQSihR/LAdw45VxebaK0d81jNebi58CmsWd01JXCc1sxpMIISROOc4L6emt3g== Completed in 182ms
3925 timing metavuln:load:security-advisory:@angular-devkit/core:2VXNT0aF/Oc+aljqzVZL+y7UYoRsun3f1sCqjauwt4R4X9DizyqvONZbNtH8U58EY1DnyPNR0Ul3cX6UkEWNqw== Completed in 10ms
3926 timing metavuln:calculate:security-advisory:@angular-devkit/core:2VXNT0aF/Oc+aljqzVZL+y7UYoRsun3f1sCqjauwt4R4X9DizyqvONZbNtH8U58EY1DnyPNR0Ul3cX6UkEWNqw== Completed in 193ms
3927 timing reifyNode:node_modules/@angular-devkit/schematics-cli Completed in 3650ms
3928 timing reifyNode:node_modules/handlebars/node_modules/source-map Completed in 3710ms
3929 timing reifyNode:node_modules/istanbul-lib-source-maps/node_modules/source-map Completed in 3704ms
3930 timing reifyNode:node_modules/jest-runner/node_modules/source-map Completed in 3705ms
3931 timing reifyNode:node_modules/source-map-support/node_modules/source-map Completed in 3684ms
3932 timing metavuln:cache:put:security-advisory:fdir:I7IZptQLXjhZ5TVjlLB1vJ5JfgkV8HlzAFySNm0W8XK7Klvz8UNk59CjMAZ1uqS4G0ttvhpXbZB8RE9vuO4PCA== Completed in 237ms
3933 timing metavuln:calculate:security-advisory:fdir:2VXNT0aF/Oc+aljqzVZL+y7UYoRsun3f1sCqjauwt4R4X9DizyqvONZbNtH8U58EY1DnyPNR0Ul3cX6UkEWNqw== Completed in 249ms
3934 timing metavuln:packument:@nestjs/common Completed in 1ms
3935 timing metavuln:cache:get:security-advisory:@nestjs/common:AWyW+Cm4QCUkLKckdCd3SO0JmSPWnh1cH2cSm6a983KicPsIlhyajyQ7UdPDDyxOKbJYff8zCHU+A7zH6slr0A== Completed in 5ms
3936 timing metavuln:load:security-advisory:@nestjs/common:AZrJ3br1RJSxE2G6Czr5++tFYi2k2/ylfZRgUQZUrlygD3CZ/ZALBU9rjpJR/B3eszCvA7o1H5g6DJc+NnIKow== Completed in 16ms
3937 timing reifyNode:node_modules/enhanced-resolve Completed in 3750ms
3938 timing reifyNode:node_modules/path-scurry/node_modules/lru-cache Completed in 3742ms
3939 timing reifyNode:node_modules/@webassemblyjs/ast Completed in 3770ms
3940 http fetch GET 200 https://registry.npmjs.org/superagent/-/superagent-10.3.0.tgz 3538ms (cache miss)
3941 timing reifyNode:node_modules/superagent Completed in 3780ms
3942 timing reifyNode:node_modules/esquery Completed in 3766ms
3943 timing reifyNode:node_modules/tsconfig-paths-webpack-plugin Completed in 3765ms
3944 timing reifyNode:node_modules/uri-js Completed in 3781ms
3945 timing metavuln:cache:put:security-advisory:@nestjs/common:AWyW+Cm4QCUkLKckdCd3SO0JmSPWnh1cH2cSm6a983KicPsIlhyajyQ7UdPDDyxOKbJYff8zCHU+A7zH6slr0A== Completed in 90ms
3946 timing metavuln:calculate:security-advisory:@nestjs/common:AZrJ3br1RJSxE2G6Czr5++tFYi2k2/ylfZRgUQZUrlygD3CZ/ZALBU9rjpJR/B3eszCvA7o1H5g6DJc+NnIKow== Completed in 111ms
3947 timing reifyNode:node_modules/glob/node_modules/minimatch Completed in 3799ms
3948 timing metavuln:cache:get:security-advisory:@nestjs/platform-express:5SlLFLGxMS+V/ce8Mw2WXGdvHtfBoHOjeMzXQb+8HqHiUvLuRYnqgSyrSmUAqvYW3js0C7epugKzriXk1uNsVg== Completed in 3ms
3949 timing metavuln:load:security-advisory:@nestjs/platform-express:9alOYGAxeb3ByTV29rk5IYOvvoI7zOv/LmNNE/Ax3uTYKgVSePyz6JVVXMKs5ixTiXUUODeCG2+ymbO6ww2cEA== Completed in 14ms
3950 http fetch GET 200 https://registry.npmjs.org/@babel/plugin-syntax-optional-chaining/-/plugin-syntax-optional-chaining-7.8.3.tgz 3576ms (cache miss)
3951 timing reifyNode:node_modules/@babel/plugin-syntax-optional-chaining Completed in 3841ms
3952 http fetch GET 200 https://registry.npmjs.org/@babel/plugin-syntax-optional-catch-binding/-/plugin-syntax-optional-catch-binding-7.8.3.tgz 3576ms (cache miss)
3953 timing reifyNode:node_modules/@babel/plugin-syntax-optional-catch-binding Completed in 3841ms
3954 http fetch GET 200 https://registry.npmjs.org/@babel/plugin-syntax-top-level-await/-/plugin-syntax-top-level-await-7.14.5.tgz 3577ms (cache miss)
3955 timing reifyNode:node_modules/@babel/plugin-syntax-top-level-await Completed in 3841ms
3956 http fetch GET 200 https://registry.npmjs.org/is-generator-fn/-/is-generator-fn-2.1.0.tgz 3580ms (cache miss)
3957 timing reifyNode:node_modules/is-generator-fn Completed in 3842ms
3958 http fetch GET 200 https://registry.npmjs.org/@babel/plugin-syntax-object-rest-spread/-/plugin-syntax-object-rest-spread-7.8.3.tgz 3576ms (cache miss)
3959 timing reifyNode:node_modules/@babel/plugin-syntax-object-rest-spread Completed in 3841ms
3960 http fetch GET 200 https://registry.npmjs.org/@jest/expect/-/expect-29.7.0.tgz 3579ms (cache miss)
3961 timing reifyNode:node_modules/@jest/expect Completed in 3842ms
3962 http fetch GET 200 https://registry.npmjs.org/@babel/plugin-syntax-json-strings/-/plugin-syntax-json-strings-7.8.3.tgz 3575ms (cache miss)
3963 timing reifyNode:node_modules/@babel/plugin-syntax-json-strings Completed in 3841ms
3964 http fetch GET 200 https://registry.npmjs.org/@babel/plugin-syntax-nullish-coalescing-operator/-/plugin-syntax-nullish-coalescing-operator-7.8.3.tgz 3577ms (cache miss)
3965 timing reifyNode:node_modules/@babel/plugin-syntax-nullish-coalescing-operator Completed in 3842ms
3966 http fetch GET 200 https://registry.npmjs.org/@babel/plugin-syntax-private-property-in-object/-/plugin-syntax-private-property-in-object-7.14.5.tgz 3579ms (cache miss)
3967 timing reifyNode:node_modules/@babel/plugin-syntax-private-property-in-object Completed in 3844ms
3968 http fetch GET 200 https://registry.npmjs.org/@jest/environment/-/environment-29.7.0.tgz 3581ms (cache miss)
3969 timing reifyNode:node_modules/@jest/environment Completed in 3845ms
3970 timing reifyNode:node_modules/minimatch Completed in 3825ms
3971 timing reifyNode:node_modules/@babel/generator Completed in 3935ms
3972 timing reifyNode:node_modules/tsconfig-paths Completed in 3949ms
3973 timing metavuln:cache:put:security-advisory:@nestjs/platform-express:5SlLFLGxMS+V/ce8Mw2WXGdvHtfBoHOjeMzXQb+8HqHiUvLuRYnqgSyrSmUAqvYW3js0C7epugKzriXk1uNsVg== Completed in 174ms
3974 timing metavuln:calculate:security-advisory:@nestjs/platform-express:9alOYGAxeb3ByTV29rk5IYOvvoI7zOv/LmNNE/Ax3uTYKgVSePyz6JVVXMKs5ixTiXUUODeCG2+ymbO6ww2cEA== Completed in 191ms
3975 timing metavuln:packument:external-editor Completed in 0ms
3976 http fetch GET 200 https://registry.npmjs.org/jest-environment-node/-/jest-environment-node-29.7.0.tgz 3748ms (cache miss)
3977 timing reifyNode:node_modules/jest-environment-node Completed in 4018ms
3978 http fetch GET 200 https://registry.npmjs.org/babel-preset-jest/-/babel-preset-jest-29.6.3.tgz 3748ms (cache miss)
3979 timing reifyNode:node_modules/babel-preset-jest Completed in 4018ms
3980 http fetch GET 200 https://registry.npmjs.org/babel-plugin-jest-hoist/-/babel-plugin-jest-hoist-29.6.3.tgz 3750ms (cache miss)
3981 timing reifyNode:node_modules/babel-plugin-jest-hoist Completed in 4019ms
3982 http fetch GET 200 https://registry.npmjs.org/babel-preset-current-node-syntax/-/babel-preset-current-node-syntax-1.2.0.tgz 3750ms (cache miss)
3983 timing reifyNode:node_modules/babel-preset-current-node-syntax Completed in 4020ms
3984 http fetch GET 200 https://registry.npmjs.org/@jest/fake-timers/-/fake-timers-29.7.0.tgz 3884ms (cache miss)
3985 timing reifyNode:node_modules/@jest/fake-timers Completed in 4145ms
3986 http fetch GET 200 https://registry.npmjs.org/babel-jest/-/babel-jest-29.7.0.tgz 3887ms (cache miss)
3987 timing reifyNode:node_modules/babel-jest Completed in 4157ms
3988 warn deprecated glob@10.4.5: Old versions of glob are not supported, and contain widely publicized security vulnerabilities, which have been fixed in the current version. Please update. Support for old versions may be purchased (at exorbitant rates) by contacting i@izs.me
3989 timing reifyNode:node_modules/glob Completed in 4142ms
3990 timing metavuln:cache:get:security-advisory:external-editor:k9jGBqGlXNzQD16YS/NO+Rl/kfJ7ivT68PW+spukdOc38S6eMTlvffh3/WPMyZJX/oetO8NfeKfnv4A/FbjuQA== Completed in 155ms
3991 timing metavuln:load:security-advisory:external-editor:V3G1/32m1INmxzF7DH8U9+hPLfLDwu212EGrFu8JRzclhxB0gxzMnsZrTw0XPEl25AELz/OIalK0mefrwUABIQ== Completed in 0ms
3992 timing metavuln:calculate:security-advisory:external-editor:V3G1/32m1INmxzF7DH8U9+hPLfLDwu212EGrFu8JRzclhxB0gxzMnsZrTw0XPEl25AELz/OIalK0mefrwUABIQ== Completed in 155ms
3993 timing metavuln:cache:get:security-advisory:@nestjs/core:K5NExvZCCE4ws3WF4UpcaWY/1H39iz0aBVPQJcliH46Z9dFfb3M6oaG3NZGIAgrPWqa6KMVE3Mi0p6F0KYU2aQ== Completed in 5ms
3994 timing metavuln:load:security-advisory:@nestjs/core:O3rIx/ZlBlyggvfcOWyNBJFgji3Dh42hYT3yoLjpN01V0z7j1kIMgW4ioMQGn0uqmYO+8uACtow78NyO283kig== Completed in 17ms
3995 timing metavuln:cache:get:security-advisory:@nestjs/testing:nhG6s+GSA8Wo1E4xdIUdxkMvqthWif+iCsLYmjwr08OtsYRz01biu9PJVG4A9NompbTpGvJk+JoP7vhjAgL4BA== Completed in 23ms
3996 timing metavuln:load:security-advisory:@nestjs/testing:O3rIx/ZlBlyggvfcOWyNBJFgji3Dh42hYT3yoLjpN01V0z7j1kIMgW4ioMQGn0uqmYO+8uACtow78NyO283kig== Completed in 9ms
3997 http fetch GET 200 https://registry.npmjs.org/uglify-js/-/uglify-js-3.19.3.tgz 4007ms (cache miss)
3998 timing reifyNode:node_modules/uglify-js Completed in 4235ms
3999 timing reifyNode:node_modules/@typescript-eslint/utils Completed in 4220ms
4000 http fetch GET 200 https://registry.npmjs.org/create-jest/-/create-jest-29.7.0.tgz 3992ms (cache miss)
4001 http fetch GET 200 https://registry.npmjs.org/strip-final-newline/-/strip-final-newline-2.0.0.tgz 3992ms (cache miss)
4002 timing reifyNode:node_modules/strip-final-newline Completed in 4265ms
4003 http fetch GET 200 https://registry.npmjs.org/@babel/plugin-syntax-class-properties/-/plugin-syntax-class-properties-7.12.13.tgz 4008ms (cache miss)
4004 timing reifyNode:node_modules/@babel/plugin-syntax-class-properties Completed in 4276ms
4005 http fetch GET 200 https://registry.npmjs.org/@babel/plugin-syntax-bigint/-/plugin-syntax-bigint-7.8.3.tgz 4009ms (cache miss)
4006 timing reifyNode:node_modules/@babel/plugin-syntax-bigint Completed in 4277ms
4007 http fetch GET 200 https://registry.npmjs.org/@babel/plugin-syntax-numeric-separator/-/plugin-syntax-numeric-separator-7.10.4.tgz 4013ms (cache miss)
4008 timing reifyNode:node_modules/@babel/plugin-syntax-numeric-separator Completed in 4278ms
4009 http fetch GET 200 https://registry.npmjs.org/@babel/plugin-syntax-import-attributes/-/plugin-syntax-import-attributes-7.28.6.tgz 4012ms (cache miss)
4010 timing reifyNode:node_modules/@babel/plugin-syntax-import-attributes Completed in 4280ms
4011 http fetch GET 200 https://registry.npmjs.org/@babel/plugin-syntax-async-generators/-/plugin-syntax-async-generators-7.8.4.tgz 4012ms (cache miss)
4012 timing reifyNode:node_modules/@babel/plugin-syntax-async-generators Completed in 4280ms
4013 http fetch GET 200 https://registry.npmjs.org/@babel/plugin-syntax-class-static-block/-/plugin-syntax-class-static-block-7.14.5.tgz 4013ms (cache miss)
4014 timing reifyNode:node_modules/@babel/plugin-syntax-class-static-block Completed in 4281ms
4015 http fetch GET 200 https://registry.npmjs.org/npm-run-path/-/npm-run-path-4.0.1.tgz 4009ms (cache miss)
4016 timing reifyNode:node_modules/npm-run-path Completed in 4282ms
4017 http fetch GET 200 https://registry.npmjs.org/@babel/plugin-syntax-import-meta/-/plugin-syntax-import-meta-7.10.4.tgz 4024ms (cache miss)
4018 timing reifyNode:node_modules/@babel/plugin-syntax-import-meta Completed in 4291ms
4019 http fetch GET 200 https://registry.npmjs.org/@jest/test-sequencer/-/test-sequencer-29.7.0.tgz 4067ms (cache miss)
4020 timing reifyNode:node_modules/@jest/test-sequencer Completed in 4337ms
4021 timing reifyNode:node_modules/create-jest Completed in 4371ms
4022 timing reifyNode:node_modules/@babel/parser Completed in 4372ms
4023 timing reifyNode:node_modules/@babel/traverse Completed in 4375ms
4024 http fetch GET 200 https://registry.npmjs.org/jest-circus/-/jest-circus-29.7.0.tgz 4108ms (cache miss)
4025 timing reifyNode:node_modules/neo-async Completed in 4397ms
4026 http fetch GET 200 https://registry.npmjs.org/execa/-/execa-5.1.1.tgz 4121ms (cache miss)
4027 http fetch GET 200 https://registry.npmjs.org/human-signals/-/human-signals-2.1.0.tgz 4122ms (cache miss)
4028 timing metavuln:cache:put:security-advisory:@nestjs/core:K5NExvZCCE4ws3WF4UpcaWY/1H39iz0aBVPQJcliH46Z9dFfb3M6oaG3NZGIAgrPWqa6KMVE3Mi0p6F0KYU2aQ== Completed in 196ms
4029 timing metavuln:calculate:security-advisory:@nestjs/core:O3rIx/ZlBlyggvfcOWyNBJFgji3Dh42hYT3yoLjpN01V0z7j1kIMgW4ioMQGn0uqmYO+8uACtow78NyO283kig== Completed in 218ms
4030 timing metavuln:cache:put:security-advisory:@nestjs/testing:nhG6s+GSA8Wo1E4xdIUdxkMvqthWif+iCsLYmjwr08OtsYRz01biu9PJVG4A9NompbTpGvJk+JoP7vhjAgL4BA== Completed in 187ms
4031 timing metavuln:calculate:security-advisory:@nestjs/testing:O3rIx/ZlBlyggvfcOWyNBJFgji3Dh42hYT3yoLjpN01V0z7j1kIMgW4ioMQGn0uqmYO+8uACtow78NyO283kig== Completed in 219ms
4032 timing metavuln:packument:@nestjs/schematics Completed in 1ms
4033 timing metavuln:packument:@angular-devkit/schematics Completed in 1ms
4034 timing metavuln:packument:@angular-devkit/schematics-cli Completed in 1ms
4035 timing reifyNode:node_modules/jest-circus Completed in 4407ms
4036 http fetch GET 200 https://registry.npmjs.org/is-stream/-/is-stream-2.0.1.tgz 4146ms (cache miss)
4037 timing reifyNode:node_modules/is-stream Completed in 4423ms
4038 timing reifyNode:node_modules/@typescript-eslint/typescript-estree Completed in 4413ms
4039 timing reifyNode:node_modules/execa Completed in 4450ms
4040 http fetch GET 200 https://registry.npmjs.org/get-package-type/-/get-package-type-0.1.0.tgz 4180ms (cache miss)
4041 timing reifyNode:node_modules/get-package-type Completed in 4455ms
4042 http fetch GET 200 https://registry.npmjs.org/pkg-dir/-/pkg-dir-4.2.0.tgz 4181ms (cache miss)
4043 timing reifyNode:node_modules/pkg-dir Completed in 4456ms
4044 http fetch GET 200 https://registry.npmjs.org/camelcase/-/camelcase-5.3.1.tgz 4181ms (cache miss)
4045 timing reifyNode:node_modules/camelcase Completed in 4457ms
4046 http fetch GET 200 https://registry.npmjs.org/test-exclude/-/test-exclude-6.0.0.tgz 4181ms (cache miss)
4047 timing reifyNode:node_modules/test-exclude Completed in 4457ms
4048 timing metavuln:cache:get:security-advisory:@nestjs/schematics:pk9FoblU0Zvzo445j6MhrqMYm0s8G0DBJUdtvHm729V1Qt87E8ApT8/XwKlAET+vd7ds401XkYpAY/551C4SIw== Completed in 55ms
4049 timing metavuln:load:security-advisory:@nestjs/schematics:qJcRGgqCNBu6M7QIMReHIELw+c0d9p4cCRVYlgJOuax/8CHtmq98t794FTHMO1RxUDx9IShwUM4HjPVJqUpPLQ== Completed in 1ms
4050 timing metavuln:calculate:security-advisory:@nestjs/schematics:qJcRGgqCNBu6M7QIMReHIELw+c0d9p4cCRVYlgJOuax/8CHtmq98t794FTHMO1RxUDx9IShwUM4HjPVJqUpPLQ== Completed in 56ms
4051 timing metavuln:cache:get:security-advisory:@nestjs/cli:hgS303gMPfCHhFblO5JvunMCPGk5Wzp9RdDNjv7FYcTXHwCegNrk0KgP+srMe9qLtPUEhaiL5fMsn8B8glE57A== Completed in 57ms
4052 timing metavuln:load:security-advisory:@nestjs/cli:qJcRGgqCNBu6M7QIMReHIELw+c0d9p4cCRVYlgJOuax/8CHtmq98t794FTHMO1RxUDx9IShwUM4HjPVJqUpPLQ== Completed in 1ms
4053 timing metavuln:calculate:security-advisory:@nestjs/cli:qJcRGgqCNBu6M7QIMReHIELw+c0d9p4cCRVYlgJOuax/8CHtmq98t794FTHMO1RxUDx9IShwUM4HjPVJqUpPLQ== Completed in 58ms
4054 timing metavuln:cache:get:security-advisory:@angular-devkit/schematics:+AZxxbPaavrpEZUtPN2DwQUbkBs0WuKPTVD9GAWPs56gqx9W1qeQhFXDcc6NuY35V5fMAnfr9NS8jtkGuOSMnQ== Completed in 58ms
4055 timing metavuln:load:security-advisory:@angular-devkit/schematics:qJcRGgqCNBu6M7QIMReHIELw+c0d9p4cCRVYlgJOuax/8CHtmq98t794FTHMO1RxUDx9IShwUM4HjPVJqUpPLQ== Completed in 6ms
4056 timing metavuln:calculate:security-advisory:@angular-devkit/schematics:qJcRGgqCNBu6M7QIMReHIELw+c0d9p4cCRVYlgJOuax/8CHtmq98t794FTHMO1RxUDx9IShwUM4HjPVJqUpPLQ== Completed in 64ms
4057 timing metavuln:cache:get:security-advisory:@angular-devkit/schematics-cli:QtRhRYPkxaVkEz4LmvntgVxG40yD4w8S9Hl76JxQYefn7/SUnrr6MhCjQn+axuL43GmCYoZC70k9dmN0ddqTYg== Completed in 64ms
4058 timing metavuln:load:security-advisory:@angular-devkit/schematics-cli:qJcRGgqCNBu6M7QIMReHIELw+c0d9p4cCRVYlgJOuax/8CHtmq98t794FTHMO1RxUDx9IShwUM4HjPVJqUpPLQ== Completed in 6ms
4059 timing metavuln:calculate:security-advisory:@angular-devkit/schematics-cli:qJcRGgqCNBu6M7QIMReHIELw+c0d9p4cCRVYlgJOuax/8CHtmq98t794FTHMO1RxUDx9IShwUM4HjPVJqUpPLQ== Completed in 71ms
4060 http fetch GET 200 https://registry.npmjs.org/make-dir/-/make-dir-4.0.0.tgz 4204ms (cache miss)
4061 timing reifyNode:node_modules/make-dir Completed in 4477ms
4062 http fetch GET 200 https://registry.npmjs.org/resolve-cwd/-/resolve-cwd-3.0.0.tgz 4209ms (cache miss)
4063 timing reifyNode:node_modules/resolve-cwd Completed in 4483ms
4064 http fetch GET 200 https://registry.npmjs.org/get-stream/-/get-stream-6.0.1.tgz 4210ms (cache miss)
4065 timing reifyNode:node_modules/get-stream Completed in 4485ms
4066 timing reifyNode:node_modules/human-signals Completed in 4486ms
4067 timing metavuln:cache:get:security-advisory:@nestjs/core:iXWWda6Q7xT4mVmBuAbZ66Yt+bIqOAEFjZwEXFJ0WR4ML1Z/eWV+FuQOB9eZHYdulNBSasIEsxv5Y9ciXCdDyA== Completed in 9ms
4068 timing metavuln:load:security-advisory:@nestjs/core:AWyW+Cm4QCUkLKckdCd3SO0JmSPWnh1cH2cSm6a983KicPsIlhyajyQ7UdPDDyxOKbJYff8zCHU+A7zH6slr0A== Completed in 10ms
4069 timing metavuln:cache:get:security-advisory:@nestjs/platform-express:ojMFsKN7QY4nyu0CM1GrIsudkY5D56MxaFCmLPM8E+QqaBFBgq1EjzbDGOAy3ZatTW7YpS2fjuRexaui83E37A== Completed in 21ms
4070 timing metavuln:load:security-advisory:@nestjs/platform-express:AWyW+Cm4QCUkLKckdCd3SO0JmSPWnh1cH2cSm6a983KicPsIlhyajyQ7UdPDDyxOKbJYff8zCHU+A7zH6slr0A== Completed in 4ms
4071 timing metavuln:cache:get:security-advisory:@nestjs/testing:R7Uz3N3CqF+B+KCvEmIj7ZTsgwGOpGE36QSNInt6/nczRQr1712sofTTiA1qVUfKMw0X+pc9yFd4Don49Hceow== Completed in 26ms
4072 timing metavuln:load:security-advisory:@nestjs/testing:AWyW+Cm4QCUkLKckdCd3SO0JmSPWnh1cH2cSm6a983KicPsIlhyajyQ7UdPDDyxOKbJYff8zCHU+A7zH6slr0A== Completed in 6ms
4073 http fetch GET 200 https://registry.npmjs.org/html-escaper/-/html-escaper-2.0.2.tgz 4238ms (cache miss)
4074 http fetch GET 200 https://registry.npmjs.org/@sinonjs/commons/-/commons-3.0.1.tgz 4274ms (cache miss)
4075 timing reifyNode:node_modules/html-escaper Completed in 4528ms
4076 http fetch GET 200 https://registry.npmjs.org/pirates/-/pirates-4.0.7.tgz 4250ms (cache miss)
4077 timing reifyNode:node_modules/pirates Completed in 4564ms
4078 http fetch GET 200 https://registry.npmjs.org/v8-to-istanbul/-/v8-to-istanbul-9.3.0.tgz 4294ms (cache miss)
4079 timing reifyNode:node_modules/@sinonjs/commons Completed in 4584ms
4080 http fetch GET 200 https://registry.npmjs.org/babel-plugin-istanbul/-/babel-plugin-istanbul-6.1.1.tgz 4297ms (cache miss)
4081 timing reifyNode:node_modules/babel-plugin-istanbul Completed in 4582ms
4082 timing reifyNode:node_modules/v8-to-istanbul Completed in 4604ms
4083 http fetch GET 200 https://registry.npmjs.org/write-file-atomic/-/write-file-atomic-4.0.2.tgz 4320ms (cache miss)
4084 timing reifyNode:node_modules/write-file-atomic Completed in 4605ms
4085 timing reifyNode:node_modules/@angular-devkit/core Completed in 4592ms
4086 timing metavuln:cache:put:security-advisory:@nestjs/testing:R7Uz3N3CqF+B+KCvEmIj7ZTsgwGOpGE36QSNInt6/nczRQr1712sofTTiA1qVUfKMw0X+pc9yFd4Don49Hceow== Completed in 128ms
4087 timing metavuln:calculate:security-advisory:@nestjs/testing:AWyW+Cm4QCUkLKckdCd3SO0JmSPWnh1cH2cSm6a983KicPsIlhyajyQ7UdPDDyxOKbJYff8zCHU+A7zH6slr0A== Completed in 160ms
4088 timing metavuln:cache:put:security-advisory:@nestjs/core:iXWWda6Q7xT4mVmBuAbZ66Yt+bIqOAEFjZwEXFJ0WR4ML1Z/eWV+FuQOB9eZHYdulNBSasIEsxv5Y9ciXCdDyA== Completed in 163ms
4089 timing metavuln:calculate:security-advisory:@nestjs/core:AWyW+Cm4QCUkLKckdCd3SO0JmSPWnh1cH2cSm6a983KicPsIlhyajyQ7UdPDDyxOKbJYff8zCHU+A7zH6slr0A== Completed in 185ms
4090 timing metavuln:cache:put:security-advisory:@nestjs/platform-express:ojMFsKN7QY4nyu0CM1GrIsudkY5D56MxaFCmLPM8E+QqaBFBgq1EjzbDGOAy3ZatTW7YpS2fjuRexaui83E37A== Completed in 175ms
4091 timing metavuln:calculate:security-advisory:@nestjs/platform-express:AWyW+Cm4QCUkLKckdCd3SO0JmSPWnh1cH2cSm6a983KicPsIlhyajyQ7UdPDDyxOKbJYff8zCHU+A7zH6slr0A== Completed in 201ms
4092 timing metavuln:packument:inquirer Completed in 1ms
4093 http fetch GET 200 https://registry.npmjs.org/@babel/plugin-syntax-logical-assignment-operators/-/plugin-syntax-logical-assignment-operators-7.10.4.tgz 4459ms (cache miss)
4094 timing reifyNode:node_modules/@babel/plugin-syntax-logical-assignment-operators Completed in 4726ms
4095 http fetch GET 200 https://registry.npmjs.org/@istanbuljs/load-nyc-config/-/load-nyc-config-1.1.0.tgz 4490ms (cache miss)
4096 timing reifyNode:node_modules/@istanbuljs/load-nyc-config Completed in 4767ms
4097 http fetch GET 200 https://registry.npmjs.org/@istanbuljs/schema/-/schema-0.1.3.tgz 4490ms (cache miss)
4098 timing reifyNode:node_modules/@istanbuljs/schema Completed in 4768ms
4099 http fetch GET 200 https://registry.npmjs.org/@types/yargs-parser/-/yargs-parser-21.0.3.tgz 4496ms (cache miss)
4100 timing reifyNode:node_modules/@types/yargs-parser Completed in 4775ms
4101 timing metavuln:cache:get:security-advisory:inquirer:HN4NaLf4S7xjHa4DT83SJDaHp4dj8RdcaUu0UXvAKpGvirnfBkE66fHTOvvdspq7TfuHW37G2wTwnoIZOaEKtA== Completed in 101ms
4102 timing metavuln:load:security-advisory:inquirer:k9jGBqGlXNzQD16YS/NO+Rl/kfJ7ivT68PW+spukdOc38S6eMTlvffh3/WPMyZJX/oetO8NfeKfnv4A/FbjuQA== Completed in 0ms
4103 timing metavuln:calculate:security-advisory:inquirer:k9jGBqGlXNzQD16YS/NO+Rl/kfJ7ivT68PW+spukdOc38S6eMTlvffh3/WPMyZJX/oetO8NfeKfnv4A/FbjuQA== Completed in 101ms
4104 http fetch GET 200 https://registry.npmjs.org/@types/istanbul-lib-report/-/istanbul-lib-report-3.0.3.tgz 4525ms (cache miss)
4105 timing reifyNode:node_modules/@types/istanbul-lib-report Completed in 4802ms
4106 timing reifyNode:node_modules/ajv-keywords Completed in 4819ms
4107 http fetch GET 200 https://registry.npmjs.org/pure-rand/-/pure-rand-6.1.0.tgz 4554ms (cache miss)
4108 timing metavuln:cache:get:security-advisory:@nestjs/cli:iAcfis5PHvA5nW+Mth+CJ9yBmNdpYpiwKQqjTMX3w86gVAwdogQclkl1HfCIJ+ElC8C/4V00E+OBSS3opDsHjw== Completed in 42ms
4109 timing metavuln:load:security-advisory:@nestjs/cli:pk9FoblU0Zvzo445j6MhrqMYm0s8G0DBJUdtvHm729V1Qt87E8ApT8/XwKlAET+vd7ds401XkYpAY/551C4SIw== Completed in 1ms
4110 timing metavuln:calculate:security-advisory:@nestjs/cli:pk9FoblU0Zvzo445j6MhrqMYm0s8G0DBJUdtvHm729V1Qt87E8ApT8/XwKlAET+vd7ds401XkYpAY/551C4SIw== Completed in 43ms
4111 timing reifyNode:node_modules/pure-rand Completed in 4829ms
4112 http fetch GET 200 https://registry.npmjs.org/@types/istanbul-reports/-/istanbul-reports-3.0.4.tgz 4546ms (cache miss)
4113 timing reifyNode:node_modules/@types/istanbul-reports Completed in 4831ms
4114 http fetch GET 200 https://registry.npmjs.org/istanbul-lib-coverage/-/istanbul-lib-coverage-3.2.2.tgz 4542ms (cache miss)
4115 timing reifyNode:node_modules/schema-utils/node_modules/ajv Completed in 4829ms
4116 http fetch GET 200 https://registry.npmjs.org/string-length/-/string-length-4.0.2.tgz 4545ms (cache miss)
4117 timing reifyNode:node_modules/string-length Completed in 4833ms
4118 http fetch GET 200 https://registry.npmjs.org/slash/-/slash-3.0.0.tgz 4545ms (cache miss)
4119 timing reifyNode:node_modules/slash Completed in 4834ms
4120 http fetch GET 200 https://registry.npmjs.org/collect-v8-coverage/-/collect-v8-coverage-1.0.3.tgz 4545ms (cache miss)
4121 timing reifyNode:node_modules/collect-v8-coverage Completed in 4834ms
4122 http fetch GET 200 https://registry.npmjs.org/istanbul-lib-source-maps/-/istanbul-lib-source-maps-4.0.1.tgz 4548ms (cache miss)
4123 timing reifyNode:node_modules/eslint/node_modules/ajv Completed in 4812ms
4124 timing reifyNode:node_modules/@eslint/eslintrc/node_modules/ajv Completed in 4821ms
4125 http fetch GET 200 https://registry.npmjs.org/istanbul-lib-instrument/-/istanbul-lib-instrument-6.0.3.tgz 4553ms (cache miss)
4126 timing reifyNode:node_modules/istanbul-lib-coverage Completed in 4843ms
4127 timing reifyNode:node_modules/@angular-devkit/schematics Completed in 4824ms
4128 timing reifyNode:node_modules/istanbul-lib-instrument Completed in 4849ms
4129 timing reifyNode:node_modules/istanbul-lib-source-maps Completed in 4849ms
4130 http fetch GET 200 https://registry.npmjs.org/@jest/schemas/-/schemas-29.6.3.tgz 4572ms (cache miss)
4131 timing reifyNode:node_modules/@jest/schemas Completed in 4853ms
4132 timing metavuln:cache:get:security-advisory:@nestjs/schematics:dJGw+HzWNC8xJKTZRrskmNp2kBdoWpOWKaTrB4j0x/slhYs83Ma3zyWpxppNxGug6KPaLZk8MaCeFKk2g5L7xA== Completed in 28ms
4133 timing metavuln:load:security-advisory:@nestjs/schematics:+AZxxbPaavrpEZUtPN2DwQUbkBs0WuKPTVD9GAWPs56gqx9W1qeQhFXDcc6NuY35V5fMAnfr9NS8jtkGuOSMnQ== Completed in 1ms
4134 timing metavuln:calculate:security-advisory:@nestjs/schematics:+AZxxbPaavrpEZUtPN2DwQUbkBs0WuKPTVD9GAWPs56gqx9W1qeQhFXDcc6NuY35V5fMAnfr9NS8jtkGuOSMnQ== Completed in 29ms
4135 timing metavuln:cache:get:security-advisory:@angular-devkit/schematics-cli:/QS9p1Qdpt7ug06oK3H++Mekx5enf5W8YPTwzn3SZAaRGFqHyo7TQYmW/f5V++pEl0SBMijvKLOyrJCAm603bw== Completed in 29ms
4136 timing metavuln:load:security-advisory:@angular-devkit/schematics-cli:+AZxxbPaavrpEZUtPN2DwQUbkBs0WuKPTVD9GAWPs56gqx9W1qeQhFXDcc6NuY35V5fMAnfr9NS8jtkGuOSMnQ== Completed in 6ms
4137 timing metavuln:calculate:security-advisory:@angular-devkit/schematics-cli:+AZxxbPaavrpEZUtPN2DwQUbkBs0WuKPTVD9GAWPs56gqx9W1qeQhFXDcc6NuY35V5fMAnfr9NS8jtkGuOSMnQ== Completed in 35ms
4138 timing metavuln:cache:get:security-advisory:@nestjs/cli:sHzVhTH1k7Ze3zcFnAOAfR/k2G3FCB+rm2+oNWxOiPq3Tx7Z9HQx2pMaeTnnI0yXSGWCWLrX7RYL5cRDO0yq8A== Completed in 36ms
4139 timing metavuln:load:security-advisory:@nestjs/cli:+AZxxbPaavrpEZUtPN2DwQUbkBs0WuKPTVD9GAWPs56gqx9W1qeQhFXDcc6NuY35V5fMAnfr9NS8jtkGuOSMnQ== Completed in 2ms
4140 timing metavuln:calculate:security-advisory:@nestjs/cli:+AZxxbPaavrpEZUtPN2DwQUbkBs0WuKPTVD9GAWPs56gqx9W1qeQhFXDcc6NuY35V5fMAnfr9NS8jtkGuOSMnQ== Completed in 38ms
4141 http fetch GET 200 https://registry.npmjs.org/micromatch/-/micromatch-4.0.8.tgz 4579ms (cache miss)
4142 timing reifyNode:node_modules/micromatch Completed in 4869ms
4143 timing reifyNode:node_modules/terser Completed in 4894ms
4144 timing metavuln:cache:get:security-advisory:@nestjs/cli:a7IOjNyCRYdctSOWyNBjvJTsba3Pa1sF7krEnqv3/PKDH2s14wlFgoE31sy8uhs7cbPz2k3AncCawannwd2LGQ== Completed in 28ms
4145 timing metavuln:load:security-advisory:@nestjs/cli:QtRhRYPkxaVkEz4LmvntgVxG40yD4w8S9Hl76JxQYefn7/SUnrr6MhCjQn+axuL43GmCYoZC70k9dmN0ddqTYg== Completed in 1ms
4146 timing metavuln:calculate:security-advisory:@nestjs/cli:QtRhRYPkxaVkEz4LmvntgVxG40yD4w8S9Hl76JxQYefn7/SUnrr6MhCjQn+axuL43GmCYoZC70k9dmN0ddqTYg== Completed in 29ms
4147 http fetch GET 200 https://registry.npmjs.org/jest-worker/-/jest-worker-29.7.0.tgz 4609ms (cache miss)
4148 http fetch GET 200 https://registry.npmjs.org/jest-snapshot/-/jest-snapshot-29.7.0.tgz 4609ms (cache miss)
4149 timing reifyNode:node_modules/jest-worker Completed in 4912ms
4150 timing reifyNode:node_modules/jest-snapshot Completed in 4939ms
4151 timing metavuln:cache:get:security-advisory:@nestjs/cli:/eFDA+Fd+fWbfEXe80dnK8Xc5Kru7Xmv5aUbHixuZJNIMvSkWwyCpyylgTvYznrQxukmNLhidapG6sKo4VrLag== Completed in 88ms
4152 timing metavuln:load:security-advisory:@nestjs/cli:HN4NaLf4S7xjHa4DT83SJDaHp4dj8RdcaUu0UXvAKpGvirnfBkE66fHTOvvdspq7TfuHW37G2wTwnoIZOaEKtA== Completed in 1ms
4153 timing metavuln:calculate:security-advisory:@nestjs/cli:HN4NaLf4S7xjHa4DT83SJDaHp4dj8RdcaUu0UXvAKpGvirnfBkE66fHTOvvdspq7TfuHW37G2wTwnoIZOaEKtA== Completed in 89ms
4154 timing metavuln:cache:get:security-advisory:@angular-devkit/schematics-cli:XABooMNkGd0rJoWeS5HjMEXkPny6ip1FoMRqvZDG4sJ8/7VimdcOZIoStqBfag41En3Milpoi4E792VeV39WuQ== Completed in 90ms
4155 timing metavuln:load:security-advisory:@angular-devkit/schematics-cli:HN4NaLf4S7xjHa4DT83SJDaHp4dj8RdcaUu0UXvAKpGvirnfBkE66fHTOvvdspq7TfuHW37G2wTwnoIZOaEKtA== Completed in 11ms
4156 timing metavuln:calculate:security-advisory:@angular-devkit/schematics-cli:HN4NaLf4S7xjHa4DT83SJDaHp4dj8RdcaUu0UXvAKpGvirnfBkE66fHTOvvdspq7TfuHW37G2wTwnoIZOaEKtA== Completed in 101ms
4157 timing auditReport:init Completed in 3560ms
4158 timing reify:audit Completed in 5012ms
4159 http fetch GET 200 https://registry.npmjs.org/jest-validate/-/jest-validate-29.7.0.tgz 4729ms (cache miss)
4160 http fetch GET 200 https://registry.npmjs.org/jest-regex-util/-/jest-regex-util-29.6.3.tgz 4787ms (cache miss)
4161 timing reifyNode:node_modules/jest-regex-util Completed in 5079ms
4162 http fetch GET 200 https://registry.npmjs.org/jest-runner/-/jest-runner-29.7.0.tgz 4789ms (cache miss)
4163 timing reifyNode:node_modules/jest-runner Completed in 5079ms
4164 http fetch GET 200 https://registry.npmjs.org/jest-resolve/-/jest-resolve-29.7.0.tgz 4792ms (cache miss)
4165 http fetch GET 200 https://registry.npmjs.org/jest-resolve-dependencies/-/jest-resolve-dependencies-29.7.0.tgz 4791ms (cache miss)
4166 timing reifyNode:node_modules/jest-resolve-dependencies Completed in 5084ms
4167 http fetch GET 200 https://registry.npmjs.org/yargs/-/yargs-17.7.2.tgz 4816ms (cache miss)
4168 http fetch GET 200 https://registry.npmjs.org/jest-changed-files/-/jest-changed-files-29.7.0.tgz 4791ms (cache miss)
4169 timing reifyNode:node_modules/jest-changed-files Completed in 5089ms
4170 timing reifyNode:node_modules/jest-validate Completed in 5097ms
4171 timing reifyNode:node_modules/yargs Completed in 5102ms
4172 http fetch GET 200 https://registry.npmjs.org/@types/istanbul-lib-coverage/-/istanbul-lib-coverage-2.0.6.tgz 4820ms (cache miss)
4173 timing reifyNode:node_modules/@types/istanbul-lib-coverage Completed in 5107ms
4174 http fetch GET 200 https://registry.npmjs.org/ci-info/-/ci-info-3.9.0.tgz 4814ms (cache miss)
4175 timing reifyNode:node_modules/ci-info Completed in 5107ms
4176 http fetch GET 200 https://registry.npmjs.org/prompts/-/prompts-2.4.2.tgz 4844ms (cache miss)
4177 http fetch GET 200 https://registry.npmjs.org/exit/-/exit-0.1.2.tgz 4834ms (cache miss)
4178 http fetch GET 200 https://registry.npmjs.org/istanbul-lib-report/-/istanbul-lib-report-3.0.1.tgz 4841ms (cache miss)
4179 timing reifyNode:node_modules/prompts Completed in 5133ms
4180 http fetch GET 200 https://registry.npmjs.org/jest-runtime/-/jest-runtime-29.7.0.tgz 4841ms (cache miss)
4181 timing reifyNode:node_modules/@babel/core Completed in 5135ms
4182 timing reifyNode:node_modules/jest-runtime Completed in 5137ms
4183 timing reifyNode:node_modules/jest-resolve Completed in 5139ms
4184 http fetch GET 200 https://registry.npmjs.org/jest-cli/-/jest-cli-29.7.0.tgz 4849ms (cache miss)
4185 timing reifyNode:node_modules/istanbul-lib-report Completed in 5154ms
4186 http fetch GET 200 https://registry.npmjs.org/import-local/-/import-local-3.2.0.tgz 4864ms (cache miss)
4187 timing reifyNode:node_modules/import-local Completed in 5159ms
4188 timing reifyNode:node_modules/jest-cli Completed in 5160ms
4189 timing reifyNode:node_modules/fork-ts-checker-webpack-plugin Completed in 5156ms
4190 http fetch GET 200 https://registry.npmjs.org/resolve/-/resolve-1.22.11.tgz 4938ms (cache miss)
4191 timing reifyNode:node_modules/resolve Completed in 5198ms
4192 http fetch GET 200 https://registry.npmjs.org/toidentifier/-/toidentifier-1.0.1.tgz 4897ms (cache miss)
4193 timing reifyNode:node_modules/toidentifier Completed in 5195ms
4194 http fetch GET 200 https://registry.npmjs.org/delayed-stream/-/delayed-stream-1.0.0.tgz 4898ms (cache miss)
4195 timing reifyNode:node_modules/delayed-stream Completed in 5197ms
4196 http fetch GET 200 https://registry.npmjs.org/jest-config/-/jest-config-29.7.0.tgz 4907ms (cache miss)
4197 timing reifyNode:node_modules/exit Completed in 5208ms
4198 timing reifyNode:node_modules/jest-config Completed in 5210ms
4199 http fetch GET 200 https://registry.npmjs.org/jest-haste-map/-/jest-haste-map-29.7.0.tgz 4927ms (cache miss)
4200 timing reifyNode:node_modules/jest-haste-map Completed in 5223ms
4201 http fetch GET 200 https://registry.npmjs.org/@sinclair/typebox/-/typebox-0.27.10.tgz 4951ms (cache miss)
4202 timing reifyNode:node_modules/@sinclair/typebox Completed in 5236ms
4203 http fetch GET 200 https://registry.npmjs.org/type-fest/-/type-fest-0.20.2.tgz 5065ms (cache miss)
4204 timing reifyNode:node_modules/type-fest Completed in 5376ms
4205 http fetch GET 200 https://registry.npmjs.org/istanbul-reports/-/istanbul-reports-3.2.0.tgz 5240ms (cache miss)
4206 timing reifyNode:node_modules/@nestjs/cli Completed in 5515ms
4207 timing reifyNode:node_modules/istanbul-reports Completed in 5551ms
4208 http fetch GET 200 https://registry.npmjs.org/es-set-tostringtag/-/es-set-tostringtag-2.1.0.tgz 5315ms (cache miss)
4209 http fetch GET 200 https://registry.npmjs.org/@types/yargs/-/yargs-17.0.35.tgz 5346ms (cache miss)
4210 http fetch GET 200 https://registry.npmjs.org/jest-watcher/-/jest-watcher-29.7.0.tgz 5337ms (cache miss)
4211 timing reifyNode:node_modules/es-set-tostringtag Completed in 5643ms
4212 http fetch GET 200 https://registry.npmjs.org/@jest/types/-/types-29.6.3.tgz 5350ms (cache miss)
4213 http fetch GET 200 https://registry.npmjs.org/@jest/console/-/console-29.7.0.tgz 5357ms (cache miss)
4214 timing reifyNode:node_modules/@jest/types Completed in 5688ms
4215 timing reifyNode:node_modules/@types/yargs Completed in 5690ms
4216 http fetch GET 200 https://registry.npmjs.org/@jest/transform/-/transform-29.7.0.tgz 5396ms (cache miss)
4217 http fetch GET 200 https://registry.npmjs.org/@jest/test-result/-/test-result-29.7.0.tgz 5395ms (cache miss)
4218 timing reifyNode:node_modules/@jest/test-result Completed in 5689ms
4219 timing reifyNode:node_modules/@jest/console Completed in 5690ms
4220 http fetch GET 200 https://registry.npmjs.org/has-tostringtag/-/has-tostringtag-1.0.2.tgz 5392ms (cache miss)
4221 timing reifyNode:node_modules/@jest/transform Completed in 5723ms
4222 http fetch GET 200 https://registry.npmjs.org/asynckit/-/asynckit-0.4.0.tgz 5440ms (cache miss)
4223 timing reifyNode:node_modules/asynckit Completed in 5756ms
4224 timing reifyNode:node_modules/jest-watcher Completed in 5761ms
4225 timing reifyNode:node_modules/has-tostringtag Completed in 5776ms
4226 timing reifyNode:node_modules/@babel/helpers Completed in 5792ms
4227 http fetch GET 200 https://registry.npmjs.org/combined-stream/-/combined-stream-1.0.8.tgz 5498ms (cache miss)
4228 timing reifyNode:node_modules/combined-stream Completed in 5798ms
4229 http fetch GET 200 https://registry.npmjs.org/rimraf/-/rimraf-3.0.2.tgz 5502ms (cache miss)
4230 warn deprecated rimraf@3.0.2: Rimraf versions prior to v4 are no longer supported
4231 timing reifyNode:node_modules/rimraf Completed in 5802ms
4232 http fetch GET 200 https://registry.npmjs.org/token-types/-/token-types-6.1.2.tgz 5504ms (cache miss)
4233 timing reifyNode:node_modules/token-types Completed in 5805ms
4234 http fetch GET 200 https://registry.npmjs.org/uint8array-extras/-/uint8array-extras-1.5.0.tgz 5505ms (cache miss)
4235 timing reifyNode:node_modules/uint8array-extras Completed in 5806ms
4236 http fetch GET 200 https://registry.npmjs.org/negotiator/-/negotiator-0.6.3.tgz 5506ms (cache miss)
4237 http fetch GET 200 https://registry.npmjs.org/flat-cache/-/flat-cache-3.2.0.tgz 5508ms (cache miss)
4238 timing reifyNode:node_modules/flat-cache Completed in 5810ms
4239 http fetch GET 200 https://registry.npmjs.org/statuses/-/statuses-2.0.2.tgz 5508ms (cache miss)
4240 timing reifyNode:node_modules/statuses Completed in 5811ms
4241 http fetch GET 200 https://registry.npmjs.org/reusify/-/reusify-1.1.0.tgz 5509ms (cache miss)
4242 http fetch GET 200 https://registry.npmjs.org/utils-merge/-/utils-merge-1.0.1.tgz 5513ms (cache miss)
4243 timing reifyNode:node_modules/utils-merge Completed in 5815ms
4244 timing reifyNode:node_modules/negotiator Completed in 5817ms
4245 http fetch GET 200 https://registry.npmjs.org/range-parser/-/range-parser-1.2.1.tgz 5521ms (cache miss)
4246 timing reifyNode:node_modules/range-parser Completed in 5825ms
4247 http fetch GET 200 https://registry.npmjs.org/serve-static/-/serve-static-1.16.3.tgz 5523ms (cache miss)
4248 timing reifyNode:node_modules/serve-static Completed in 5827ms
4249 http fetch GET 200 https://registry.npmjs.org/merge-descriptors/-/merge-descriptors-1.0.3.tgz 5523ms (cache miss)
4250 timing reifyNode:node_modules/merge-descriptors Completed in 5829ms
4251 http fetch GET 200 https://registry.npmjs.org/setprototypeof/-/setprototypeof-1.2.0.tgz 5528ms (cache miss)
4252 timing reifyNode:node_modules/setprototypeof Completed in 5831ms
4253 http fetch GET 200 https://registry.npmjs.org/parseurl/-/parseurl-1.3.3.tgz 5528ms (cache miss)
4254 timing reifyNode:node_modules/parseurl Completed in 5833ms
4255 http fetch GET 200 https://registry.npmjs.org/proxy-addr/-/proxy-addr-2.0.7.tgz 5538ms (cache miss)
4256 timing reifyNode:node_modules/proxy-addr Completed in 5843ms
4257 http fetch GET 200 https://registry.npmjs.org/methods/-/methods-1.1.2.tgz 5538ms (cache miss)
4258 timing reifyNode:node_modules/methods Completed in 5844ms
4259 http fetch GET 200 https://registry.npmjs.org/etag/-/etag-1.8.1.tgz 5554ms (cache miss)
4260 timing reifyNode:node_modules/etag Completed in 5862ms
4261 http fetch GET 200 https://registry.npmjs.org/encodeurl/-/encodeurl-2.0.0.tgz 5562ms (cache miss)
4262 timing reifyNode:node_modules/encodeurl Completed in 5869ms
4263 http fetch GET 200 https://registry.npmjs.org/finalhandler/-/finalhandler-1.3.2.tgz 5563ms (cache miss)
4264 timing reifyNode:node_modules/finalhandler Completed in 5870ms
4265 http fetch GET 200 https://registry.npmjs.org/fresh/-/fresh-0.5.2.tgz 5564ms (cache miss)
4266 timing reifyNode:node_modules/fresh Completed in 5871ms
4267 timing reifyNode:node_modules/reusify Completed in 5871ms
4268 http fetch GET 200 https://registry.npmjs.org/@jest/reporters/-/reporters-29.7.0.tgz 5591ms (cache miss)
4269 timing reifyNode:node_modules/@jest/reporters Completed in 5890ms
4270 http fetch GET 200 https://registry.npmjs.org/send/-/send-0.19.2.tgz 5586ms (cache miss)
4271 timing reifyNode:node_modules/send Completed in 5890ms
4272 http fetch GET 200 https://registry.npmjs.org/cookie/-/cookie-0.7.2.tgz 5609ms (cache miss)
4273 timing reifyNode:node_modules/cookie Completed in 5917ms
4274 http fetch GET 200 https://registry.npmjs.org/escape-html/-/escape-html-1.0.3.tgz 5611ms (cache miss)
4275 timing reifyNode:node_modules/escape-html Completed in 5918ms
4276 http fetch GET 200 https://registry.npmjs.org/cookie-signature/-/cookie-signature-1.0.7.tgz 5612ms (cache miss)
4277 timing reifyNode:node_modules/cookie-signature Completed in 5920ms
4278 http fetch GET 200 https://registry.npmjs.org/strtok3/-/strtok3-10.3.5.tgz 5649ms (cache miss)
4279 timing reifyNode:node_modules/strtok3 Completed in 5972ms
4280 http fetch GET 200 https://registry.npmjs.org/@jest/core/-/core-29.7.0.tgz 5696ms (cache miss)
4281 timing reifyNode:node_modules/@jest/core Completed in 6002ms
4282 http fetch GET 200 https://registry.npmjs.org/content-disposition/-/content-disposition-0.5.4.tgz 5702ms (cache miss)
4283 timing reifyNode:node_modules/content-disposition Completed in 6010ms
4284 http fetch GET 200 https://registry.npmjs.org/array-flatten/-/array-flatten-1.1.1.tgz 5701ms (cache miss)
4285 timing reifyNode:node_modules/array-flatten Completed in 6011ms
4286 http fetch GET 200 https://registry.npmjs.org/prettier-linter-helpers/-/prettier-linter-helpers-1.0.1.tgz 5699ms (cache miss)
4287 timing reifyNode:node_modules/prettier-linter-helpers Completed in 6004ms
4288 http fetch GET 200 https://registry.npmjs.org/jest-message-util/-/jest-message-util-29.7.0.tgz 5702ms (cache miss)
4289 timing reifyNode:node_modules/jest-message-util Completed in 6012ms
4290 http fetch GET 200 https://registry.npmjs.org/accepts/-/accepts-1.3.8.tgz 5705ms (cache miss)
4291 timing reifyNode:node_modules/accepts Completed in 6015ms
4292 http fetch GET 200 https://registry.npmjs.org/run-parallel/-/run-parallel-1.2.0.tgz 5704ms (cache miss)
4293 timing reifyNode:node_modules/run-parallel Completed in 6009ms
4294 http fetch GET 200 https://registry.npmjs.org/jest-get-type/-/jest-get-type-29.6.3.tgz 5706ms (cache miss)
4295 timing reifyNode:node_modules/jest-get-type Completed in 6016ms
4296 http fetch GET 200 https://registry.npmjs.org/jest-matcher-utils/-/jest-matcher-utils-29.7.0.tgz 5712ms (cache miss)
4297 timing reifyNode:node_modules/jest-matcher-utils Completed in 6021ms
4298 http fetch GET 200 https://registry.npmjs.org/jest-util/-/jest-util-29.7.0.tgz 5877ms (cache miss)
4299 http fetch GET 200 https://registry.npmjs.org/fastq/-/fastq-1.20.1.tgz 5876ms (cache miss)
4300 http fetch GET 200 https://registry.npmjs.org/is-path-inside/-/is-path-inside-3.0.3.tgz 5875ms (cache miss)
4301 timing reifyNode:node_modules/is-path-inside Completed in 6180ms
4302 http fetch GET 200 https://registry.npmjs.org/text-table/-/text-table-0.2.0.tgz 5876ms (cache miss)
4303 http fetch GET 200 https://registry.npmjs.org/file-entry-cache/-/file-entry-cache-6.0.1.tgz 5876ms (cache miss)
4304 timing reifyNode:node_modules/file-entry-cache Completed in 6181ms
4305 http fetch GET 200 https://registry.npmjs.org/globals/-/globals-13.24.0.tgz 5878ms (cache miss)
4306 timing reifyNode:node_modules/globals Completed in 6184ms
4307 http fetch GET 200 https://registry.npmjs.org/synckit/-/synckit-0.11.12.tgz 5883ms (cache miss)
4308 http fetch GET 200 https://registry.npmjs.org/@bcoe/v8-coverage/-/v8-coverage-0.2.3.tgz 5910ms (cache miss)
4309 timing reifyNode:node_modules/jest-util Completed in 6199ms
4310 http fetch GET 200 https://registry.npmjs.org/handlebars/-/handlebars-4.7.9.tgz 5980ms (cache miss)
4311 timing reifyNode:node_modules/synckit Completed in 6199ms
4312 timing reifyNode:node_modules/@bcoe/v8-coverage Completed in 6211ms
4313 timing reifyNode:node_modules/handlebars Completed in 6219ms
4314 http fetch GET 200 https://registry.npmjs.org/doctrine/-/doctrine-3.0.0.tgz 5893ms (cache miss)
4315 timing reifyNode:node_modules/text-table Completed in 6203ms
4316 http fetch GET 200 https://registry.npmjs.org/@noble/hashes/-/hashes-1.8.0.tgz 5994ms (cache miss)
4317 timing reifyNode:node_modules/doctrine Completed in 6207ms
4318 timing reifyNode:node_modules/@noble/hashes Completed in 6227ms
4319 timing reifyNode:node_modules/fastq Completed in 6212ms
4320 http fetch GET 200 https://registry.npmjs.org/eslint-scope/-/eslint-scope-7.2.2.tgz 5909ms (cache miss)
4321 timing reifyNode:node_modules/eslint-scope Completed in 6360ms
4322 timing reifyNode:node_modules/@typescript-eslint/scope-manager Completed in 6402ms
4323 http fetch GET 200 https://registry.npmjs.org/espree/-/espree-9.6.1.tgz 6102ms (cache miss)
4324 timing reifyNode:node_modules/espree Completed in 6409ms
4325 http fetch GET 200 https://registry.npmjs.org/vary/-/vary-1.1.2.tgz 6150ms (cache miss)
4326 timing reifyNode:node_modules/vary Completed in 6458ms
4327 http fetch GET 200 https://registry.npmjs.org/unpipe/-/unpipe-1.0.0.tgz 6157ms (cache miss)
4328 timing reifyNode:node_modules/unpipe Completed in 6464ms
4329 http fetch GET 200 https://registry.npmjs.org/object-assign/-/object-assign-4.1.1.tgz 6164ms (cache miss)
4330 timing reifyNode:node_modules/object-assign Completed in 6477ms
4331 http fetch GET 200 https://registry.npmjs.org/@jest/expect-utils/-/expect-utils-29.7.0.tgz 6205ms (cache miss)
4332 http fetch GET 200 https://registry.npmjs.org/@nodelib/fs.scandir/-/fs.scandir-2.1.5.tgz 6205ms (cache miss)
4333 http fetch GET 200 https://registry.npmjs.org/@nodelib/fs.stat/-/fs.stat-2.0.5.tgz 6207ms (cache miss)
4334 http fetch GET 200 https://registry.npmjs.org/destroy/-/destroy-1.2.0.tgz 6193ms (cache miss)
4335 timing reifyNode:node_modules/destroy Completed in 6507ms
4336 http fetch GET 200 https://registry.npmjs.org/type-is/-/type-is-1.6.18.tgz 6195ms (cache miss)
4337 timing reifyNode:node_modules/type-is Completed in 6508ms
4338 http fetch GET 200 https://registry.npmjs.org/raw-body/-/raw-body-2.5.3.tgz 6203ms (cache miss)
4339 timing reifyNode:node_modules/raw-body Completed in 6515ms
4340 timing reifyNode:node_modules/@jest/expect-utils Completed in 6530ms
4341 http fetch GET 200 https://registry.npmjs.org/@humanwhocodes/object-schema/-/object-schema-2.0.3.tgz 6221ms (cache miss)
4342 warn deprecated @humanwhocodes/object-schema@2.0.3: Use @eslint/object-schema instead
4343 timing reifyNode:node_modules/@humanwhocodes/object-schema Completed in 6525ms
4344 http fetch GET 200 https://registry.npmjs.org/@eslint/js/-/js-8.57.1.tgz 6263ms (cache miss)
4345 timing reifyNode:node_modules/@eslint/js Completed in 6570ms
4346 timing reifyNode:node_modules/@babel/types Completed in 6590ms
4347 http fetch GET 200 https://registry.npmjs.org/on-finished/-/on-finished-2.4.1.tgz 6261ms (cache miss)
4348 timing reifyNode:node_modules/on-finished Completed in 6576ms
4349 http fetch GET 200 https://registry.npmjs.org/depd/-/depd-2.0.0.tgz 6263ms (cache miss)
4350 timing reifyNode:node_modules/depd Completed in 6579ms
4351 http fetch GET 200 https://registry.npmjs.org/@nodelib/fs.walk/-/fs.walk-1.2.8.tgz 6275ms (cache miss)
4352 http fetch GET 200 https://registry.npmjs.org/http-errors/-/http-errors-2.0.1.tgz 6266ms (cache miss)
4353 timing reifyNode:node_modules/http-errors Completed in 6580ms
4354 http fetch GET 200 https://registry.npmjs.org/bytes/-/bytes-3.1.2.tgz 6269ms (cache miss)
4355 timing reifyNode:node_modules/bytes Completed in 6584ms
4356 timing reifyNode:node_modules/@nodelib/fs.stat Completed in 6590ms
4357 http fetch GET 200 https://registry.npmjs.org/content-type/-/content-type-1.0.5.tgz 6270ms (cache miss)
4358 timing reifyNode:node_modules/content-type Completed in 6585ms
4359 http fetch GET 200 https://registry.npmjs.org/@humanwhocodes/config-array/-/config-array-0.13.0.tgz 6291ms (cache miss)
4360 warn deprecated @humanwhocodes/config-array@0.13.0: Use @eslint/config-array instead
4361 timing reifyNode:node_modules/@humanwhocodes/config-array Completed in 6599ms
4362 timing reifyNode:node_modules/@nodelib/fs.scandir Completed in 6604ms
4363 http fetch GET 200 https://registry.npmjs.org/form-data/-/form-data-4.0.5.tgz 6353ms (cache miss)
4364 http fetch GET 200 https://registry.npmjs.org/pretty-format/-/pretty-format-29.7.0.tgz 6352ms (cache miss)
4365 http fetch GET 200 https://registry.npmjs.org/@ungap/structured-clone/-/structured-clone-1.3.0.tgz 6369ms (cache miss)
4366 timing reifyNode:node_modules/form-data Completed in 6682ms
4367 timing reifyNode:node_modules/@ungap/structured-clone Completed in 6689ms
4368 http fetch GET 200 https://registry.npmjs.org/graphemer/-/graphemer-1.4.0.tgz 6389ms (cache miss)
4369 timing reifyNode:node_modules/graphemer Completed in 6731ms
4370 http fetch GET 200 https://registry.npmjs.org/qs/-/qs-6.14.2.tgz 6435ms (cache miss)
4371 http fetch GET 200 https://registry.npmjs.org/@types/qs/-/qs-6.15.0.tgz 6431ms (cache miss)
4372 timing reifyNode:node_modules/@types/qs Completed in 6746ms
4373 http fetch GET 200 https://registry.npmjs.org/@types/send/-/send-1.2.1.tgz 6431ms (cache miss)
4374 timing reifyNode:node_modules/@types/send Completed in 6746ms
4375 http fetch GET 200 https://registry.npmjs.org/@types/body-parser/-/body-parser-1.19.6.tgz 6432ms (cache miss)
4376 timing reifyNode:node_modules/@types/body-parser Completed in 6749ms
4377 http fetch GET 200 https://registry.npmjs.org/@types/connect/-/connect-3.4.38.tgz 6433ms (cache miss)
4378 timing reifyNode:node_modules/@types/connect Completed in 6749ms
4379 timing reifyNode:node_modules/qs Completed in 6756ms
4380 timing reifyNode:node_modules/@nodelib/fs.walk Completed in 6758ms
4381 timing reifyNode:node_modules/pretty-format Completed in 6756ms
4382 http fetch GET 200 https://registry.npmjs.org/@types/methods/-/methods-1.1.4.tgz 6452ms (cache miss)
4383 timing reifyNode:node_modules/@types/methods Completed in 6766ms
4384 http fetch GET 200 https://registry.npmjs.org/@types/serve-static/-/serve-static-2.2.0.tgz 6447ms (cache miss)
4385 timing reifyNode:node_modules/@types/serve-static Completed in 6766ms
4386 http fetch GET 200 https://registry.npmjs.org/@types/express-serve-static-core/-/express-serve-static-core-5.1.1.tgz 6449ms (cache miss)
4387 timing reifyNode:node_modules/@types/express-serve-static-core Completed in 6766ms
4388 http fetch GET 200 https://registry.npmjs.org/@types/superagent/-/superagent-8.1.9.tgz 6460ms (cache miss)
4389 timing reifyNode:node_modules/@types/superagent Completed in 6781ms
4390 http fetch GET 200 https://registry.npmjs.org/undici-types/-/undici-types-6.21.0.tgz 6477ms (cache miss)
4391 http fetch GET 200 https://registry.npmjs.org/expect/-/expect-29.7.0.tgz 6479ms (cache miss)
4392 timing reifyNode:node_modules/expect Completed in 6794ms
4393 timing reifyNode:node_modules/undici-types Completed in 6797ms
4394 http fetch GET 200 https://registry.npmjs.org/path-to-regexp/-/path-to-regexp-3.3.0.tgz 6479ms (cache miss)
4395 timing reifyNode:node_modules/path-to-regexp Completed in 6798ms
4396 http fetch GET 200 https://registry.npmjs.org/cors/-/cors-2.8.5.tgz 6501ms (cache miss)
4397 timing reifyNode:node_modules/cors Completed in 6819ms
4398 http fetch GET 200 https://registry.npmjs.org/@types/range-parser/-/range-parser-1.2.7.tgz 6505ms (cache miss)
4399 timing reifyNode:node_modules/@types/range-parser Completed in 6821ms
4400 http fetch GET 200 https://registry.npmjs.org/@eslint/eslintrc/-/eslintrc-2.1.4.tgz 6520ms (cache miss)
4401 timing reifyNode:node_modules/@eslint/eslintrc Completed in 6829ms
4402 http fetch GET 200 https://registry.npmjs.org/fast-safe-stringify/-/fast-safe-stringify-2.1.1.tgz 6668ms (cache miss)
4403 timing reifyNode:node_modules/fast-safe-stringify Completed in 6988ms
4404 http fetch GET 200 https://registry.npmjs.org/iterare/-/iterare-1.2.1.tgz 6672ms (cache miss)
4405 http fetch GET 200 https://registry.npmjs.org/uid/-/uid-2.0.2.tgz 6673ms (cache miss)
4406 http fetch GET 200 https://registry.npmjs.org/body-parser/-/body-parser-1.20.4.tgz 6678ms (cache miss)
4407 timing reifyNode:node_modules/body-parser Completed in 7000ms
4408 http fetch GET 200 https://registry.npmjs.org/@tokenizer/inflate/-/inflate-0.2.7.tgz 6722ms (cache miss)
4409 timing reifyNode:node_modules/@tokenizer/inflate Completed in 7022ms
4410 timing reifyNode:node_modules/uid Completed in 7013ms
4411 timing reifyNode:node_modules/@nestjs/schematics Completed in 7034ms
4412 timing reifyNode:node_modules/iterare Completed in 7074ms
4413 timing reifyNode:node_modules/ajv Completed in 7088ms
4414 timing reifyNode:node_modules/@typescript-eslint/eslint-plugin Completed in 7209ms
4415 http fetch GET 200 https://registry.npmjs.org/consola/-/consola-2.15.3.tgz 7039ms (cache miss)
4416 timing reifyNode:node_modules/consola Completed in 7357ms
4417 http fetch GET 200 https://registry.npmjs.org/@types/http-errors/-/http-errors-2.0.5.tgz 7039ms (cache miss)
4418 timing reifyNode:node_modules/@types/http-errors Completed in 7360ms
4419 http fetch GET 200 https://registry.npmjs.org/@types/cookiejar/-/cookiejar-2.1.5.tgz 7046ms (cache miss)
4420 timing reifyNode:node_modules/@types/cookiejar Completed in 7361ms
4421 http fetch GET 200 https://registry.npmjs.org/file-type/-/file-type-20.4.1.tgz 7060ms (cache miss)
4422 timing reifyNode:node_modules/file-type Completed in 7381ms
4423 http fetch GET 200 https://registry.npmjs.org/supertest/-/supertest-7.2.2.tgz 7127ms (cache miss)
4424 timing reifyNode:node_modules/supertest Completed in 7457ms
4425 http fetch GET 200 https://registry.npmjs.org/multer/-/multer-2.0.2.tgz 7141ms (cache miss)
4426 timing reifyNode:node_modules/multer Completed in 7463ms
4427 http fetch GET 200 https://registry.npmjs.org/ts-jest/-/ts-jest-29.4.9.tgz 7250ms (cache miss)
4428 timing reifyNode:node_modules/ts-jest Completed in 7573ms
4429 http fetch GET 200 https://registry.npmjs.org/eslint-config-prettier/-/eslint-config-prettier-9.1.2.tgz 7258ms (cache miss)
4430 timing reifyNode:node_modules/eslint-config-prettier Completed in 7593ms
4431 http fetch GET 200 https://registry.npmjs.org/node-fetch/-/node-fetch-2.7.0.tgz 7417ms (cache miss)
4432 timing reifyNode:node_modules/node-fetch Completed in 7734ms
4433 http fetch GET 200 https://registry.npmjs.org/eslint-plugin-prettier/-/eslint-plugin-prettier-5.5.5.tgz 7409ms (cache miss)
4434 timing reifyNode:node_modules/eslint-plugin-prettier Completed in 7740ms
4435 http fetch GET 200 https://registry.npmjs.org/express/-/express-4.22.1.tgz 7430ms (cache miss)
4436 timing reifyNode:node_modules/express Completed in 7749ms
4437 http fetch GET 200 https://registry.npmjs.org/@nuxtjs/opencollective/-/opencollective-0.3.2.tgz 7493ms (cache miss)
4438 timing reifyNode:node_modules/@nuxtjs/opencollective Completed in 7813ms
4439 timing reifyNode:node_modules/caniuse-lite Completed in 7894ms
4440 timing reifyNode:node_modules/lodash Completed in 7902ms
4441 http fetch GET 200 https://registry.npmjs.org/ts-loader/-/ts-loader-9.5.7.tgz 7571ms (cache miss)
4442 timing reifyNode:node_modules/ts-loader Completed in 7895ms
4443 http fetch GET 200 https://registry.npmjs.org/@types/supertest/-/supertest-6.0.3.tgz 7578ms (cache miss)
4444 timing reifyNode:node_modules/@types/supertest Completed in 7911ms
4445 http fetch GET 200 https://registry.npmjs.org/ts-node/-/ts-node-10.9.2.tgz 7599ms (cache miss)
4446 timing reifyNode:node_modules/ts-node Completed in 7923ms
4447 http fetch GET 200 https://registry.npmjs.org/reflect-metadata/-/reflect-metadata-0.2.2.tgz 7645ms (cache miss)
4448 timing reifyNode:node_modules/@nestjs/cli/node_modules/webpack Completed in 7988ms
4449 timing reifyNode:node_modules/reflect-metadata Completed in 7988ms
4450 http fetch GET 200 https://registry.npmjs.org/@types/jest/-/jest-29.5.14.tgz 7859ms (cache miss)
4451 timing reifyNode:node_modules/@types/jest Completed in 8193ms
4452 http fetch GET 200 https://registry.npmjs.org/@types/express/-/express-5.0.6.tgz 7863ms (cache miss)
4453 timing reifyNode:node_modules/@types/express Completed in 8196ms
4454 http fetch GET 200 https://registry.npmjs.org/mime/-/mime-2.6.0.tgz 7864ms (cache miss)
4455 timing reifyNode:node_modules/superagent/node_modules/mime Completed in 8232ms
4456 http fetch GET 200 https://registry.npmjs.org/escape-string-regexp/-/escape-string-regexp-2.0.0.tgz 8133ms (cache miss)
4457 timing reifyNode:node_modules/stack-utils/node_modules/escape-string-regexp Completed in 8497ms
4458 http fetch GET 200 https://registry.npmjs.org/resolve-from/-/resolve-from-5.0.0.tgz 8134ms (cache miss)
4459 timing reifyNode:node_modules/resolve-cwd/node_modules/resolve-from Completed in 8496ms
4460 http fetch GET 200 https://registry.npmjs.org/p-limit/-/p-limit-2.3.0.tgz 8138ms (cache miss)
4461 timing reifyNode:node_modules/pkg-dir/node_modules/p-limit Completed in 8501ms
4462 http fetch GET 200 https://registry.npmjs.org/@nestjs/testing/-/testing-10.4.22.tgz 8144ms (cache miss)
4463 http fetch GET 200 https://registry.npmjs.org/@nestjs/platform-express/-/platform-express-10.4.22.tgz 8144ms (cache miss)
4464 http fetch GET 200 https://registry.npmjs.org/locate-path/-/locate-path-5.0.0.tgz 8153ms (cache miss)
4465 timing reifyNode:node_modules/pkg-dir/node_modules/locate-path Completed in 8517ms
4466 http fetch GET 200 https://registry.npmjs.org/p-locate/-/p-locate-4.1.0.tgz 8167ms (cache miss)
4467 timing reifyNode:node_modules/pkg-dir/node_modules/p-locate Completed in 8530ms
4468 http fetch GET 200 https://registry.npmjs.org/glob/-/glob-7.2.3.tgz 8168ms (cache miss)
4469 warn deprecated glob@7.2.3: Old versions of glob are not supported, and contain widely publicized security vulnerabilities, which have been fixed in the current version. Please update. Support for old versions may be purchased (at exorbitant rates) by contacting i@izs.me
4470 timing reifyNode:node_modules/test-exclude/node_modules/glob Completed in 8532ms
4471 http fetch GET 200 https://registry.npmjs.org/p-limit/-/p-limit-2.3.0.tgz 8168ms (cache miss)
4472 timing reifyNode:node_modules/@istanbuljs/load-nyc-config/node_modules/p-limit Completed in 8533ms
4473 timing reifyNode:node_modules/@nestjs/testing Completed in 8525ms
4474 http fetch GET 200 https://registry.npmjs.org/@types/node/-/node-20.19.39.tgz 8200ms (cache miss)
4475 timing reifyNode:node_modules/@types/node Completed in 8536ms
4476 http fetch GET 200 https://registry.npmjs.org/find-up/-/find-up-4.1.0.tgz 8196ms (cache miss)
4477 timing reifyNode:node_modules/pkg-dir/node_modules/find-up Completed in 8561ms
4478 http fetch GET 200 https://registry.npmjs.org/p-locate/-/p-locate-4.1.0.tgz 8216ms (cache miss)
4479 timing reifyNode:node_modules/@istanbuljs/load-nyc-config/node_modules/p-locate Completed in 8582ms
4480 timing reifyNode:node_modules/@nestjs/platform-express Completed in 8564ms
4481 timing reifyNode:node_modules/@nestjs/cli/node_modules/typescript Completed in 8590ms
4482 http fetch GET 200 https://registry.npmjs.org/argparse/-/argparse-1.0.10.tgz 8250ms (cache miss)
4483 timing reifyNode:node_modules/@istanbuljs/load-nyc-config/node_modules/argparse Completed in 8624ms
4484 http fetch GET 200 https://registry.npmjs.org/resolve-from/-/resolve-from-5.0.0.tgz 8265ms (cache miss)
4485 timing reifyNode:node_modules/@istanbuljs/load-nyc-config/node_modules/resolve-from Completed in 8631ms
4486 http fetch GET 200 https://registry.npmjs.org/locate-path/-/locate-path-5.0.0.tgz 8266ms (cache miss)
4487 timing reifyNode:node_modules/@istanbuljs/load-nyc-config/node_modules/locate-path Completed in 8631ms
4488 http fetch GET 200 https://registry.npmjs.org/istanbul-lib-instrument/-/istanbul-lib-instrument-5.2.1.tgz 8274ms (cache miss)
4489 timing reifyNode:node_modules/babel-plugin-istanbul/node_modules/istanbul-lib-instrument Completed in 8646ms
4490 http fetch GET 200 https://registry.npmjs.org/camelcase/-/camelcase-6.3.0.tgz 8295ms (cache miss)
4491 timing reifyNode:node_modules/jest-validate/node_modules/camelcase Completed in 8661ms
4492 http fetch GET 200 https://registry.npmjs.org/find-up/-/find-up-4.1.0.tgz 8316ms (cache miss)
4493 timing reifyNode:node_modules/@istanbuljs/load-nyc-config/node_modules/find-up Completed in 8684ms
4494 http fetch GET 200 https://registry.npmjs.org/glob/-/glob-7.2.3.tgz 8317ms (cache miss)
4495 warn deprecated glob@7.2.3: Old versions of glob are not supported, and contain widely publicized security vulnerabilities, which have been fixed in the current version. Please update. Support for old versions may be purchased (at exorbitant rates) by contacting i@izs.me
4496 timing reifyNode:node_modules/jest-runtime/node_modules/glob Completed in 8684ms
4497 http fetch GET 200 https://registry.npmjs.org/js-yaml/-/js-yaml-3.14.2.tgz 8444ms (cache miss)
4498 http fetch GET 200 https://registry.npmjs.org/glob/-/glob-7.2.3.tgz 8447ms (cache miss)
4499 http fetch GET 200 https://registry.npmjs.org/glob/-/glob-7.2.3.tgz 8446ms (cache miss)
4500 http fetch GET 200 https://registry.npmjs.org/glob/-/glob-7.2.3.tgz 8448ms (cache miss)
4501 warn deprecated glob@7.2.3: Old versions of glob are not supported, and contain widely publicized security vulnerabilities, which have been fixed in the current version. Please update. Support for old versions may be purchased (at exorbitant rates) by contacting i@izs.me
4502 timing reifyNode:node_modules/rimraf/node_modules/glob Completed in 8814ms
4503 http fetch GET 200 https://registry.npmjs.org/ms/-/ms-2.0.0.tgz 8446ms (cache miss)
4504 timing reifyNode:node_modules/finalhandler/node_modules/ms Completed in 8814ms
4505 warn deprecated glob@7.2.3: Old versions of glob are not supported, and contain widely publicized security vulnerabilities, which have been fixed in the current version. Please update. Support for old versions may be purchased (at exorbitant rates) by contacting i@izs.me
4506 timing reifyNode:node_modules/jest-config/node_modules/glob Completed in 8817ms
4507 warn deprecated glob@7.2.3: Old versions of glob are not supported, and contain widely publicized security vulnerabilities, which have been fixed in the current version. Please update. Support for old versions may be purchased (at exorbitant rates) by contacting i@izs.me
4508 timing reifyNode:node_modules/@jest/reporters/node_modules/glob Completed in 8818ms
4509 timing reifyNode:node_modules/@istanbuljs/load-nyc-config/node_modules/js-yaml Completed in 8821ms
4510 http fetch GET 200 https://registry.npmjs.org/source-map-support/-/source-map-support-0.5.13.tgz 8452ms (cache miss)
4511 timing reifyNode:node_modules/jest-runner/node_modules/source-map-support Completed in 8819ms
4512 http fetch GET 200 https://registry.npmjs.org/jest/-/jest-29.7.0.tgz 8472ms (cache miss)
4513 timing reifyNode:node_modules/jest Completed in 8800ms
4514 http fetch GET 200 https://registry.npmjs.org/ms/-/ms-2.0.0.tgz 8455ms (cache miss)
4515 timing reifyNode:node_modules/send/node_modules/debug/node_modules/ms Completed in 8821ms
4516 http fetch GET 200 https://registry.npmjs.org/debug/-/debug-2.6.9.tgz 8471ms (cache miss)
4517 timing reifyNode:node_modules/finalhandler/node_modules/debug Completed in 8843ms
4518 http fetch GET 200 https://registry.npmjs.org/debug/-/debug-2.6.9.tgz 8477ms (cache miss)
4519 timing reifyNode:node_modules/send/node_modules/debug Completed in 8844ms
4520 http fetch GET 200 https://registry.npmjs.org/eslint/-/eslint-8.57.1.tgz 8748ms (cache miss)
4521 warn deprecated eslint@8.57.1: This version is no longer supported. Please see https://eslint.org/version-support for other options.
4522 timing reifyNode:node_modules/eslint Completed in 9082ms
4523 http fetch GET 200 https://registry.npmjs.org/@jridgewell/trace-mapping/-/trace-mapping-0.3.9.tgz 8843ms (cache miss)
4524 timing reifyNode:node_modules/@cspotcode/source-map-support/node_modules/@jridgewell/trace-mapping Completed in 9215ms
4525 http fetch GET 200 https://registry.npmjs.org/@nestjs/common/-/common-10.4.22.tgz 8916ms (cache miss)
4526 timing reifyNode:node_modules/@nestjs/common Completed in 9253ms
4527 http fetch GET 200 https://registry.npmjs.org/ms/-/ms-2.0.0.tgz 8955ms (cache miss)
4528 timing reifyNode:node_modules/body-parser/node_modules/ms Completed in 9306ms
4529 http fetch GET 200 https://registry.npmjs.org/path-to-regexp/-/path-to-regexp-0.1.13.tgz 8957ms (cache miss)
4530 timing reifyNode:node_modules/express/node_modules/path-to-regexp Completed in 9309ms
4531 http fetch GET 200 https://registry.npmjs.org/ms/-/ms-2.0.0.tgz 8959ms (cache miss)
4532 timing reifyNode:node_modules/express/node_modules/ms Completed in 9310ms
4533 http fetch GET 200 https://registry.npmjs.org/cookie-signature/-/cookie-signature-1.2.2.tgz 8957ms (cache miss)
4534 timing reifyNode:node_modules/supertest/node_modules/cookie-signature Completed in 9310ms
4535 http fetch GET 200 https://registry.npmjs.org/ansi-styles/-/ansi-styles-5.2.0.tgz 8961ms (cache miss)
4536 timing reifyNode:node_modules/pretty-format/node_modules/ansi-styles Completed in 9313ms
4537 http fetch GET 200 https://registry.npmjs.org/debug/-/debug-2.6.9.tgz 8965ms (cache miss)
4538 timing reifyNode:node_modules/body-parser/node_modules/debug Completed in 9319ms
4539 http fetch GET 200 https://registry.npmjs.org/debug/-/debug-2.6.9.tgz 8968ms (cache miss)
4540 timing reifyNode:node_modules/express/node_modules/debug Completed in 9321ms
4541 http fetch GET 200 https://registry.npmjs.org/webpack/-/webpack-5.106.0.tgz 9219ms (cache miss)
4542 timing reifyNode:node_modules/webpack Completed in 9540ms
4543 http fetch GET 200 https://registry.npmjs.org/@nestjs/core/-/core-10.4.22.tgz 9789ms (cache miss)
4544 timing reifyNode:node_modules/@nestjs/core Completed in 10125ms
4545 timing reifyNode:node_modules/@angular-devkit/core/node_modules/rxjs Completed in 10139ms
4546 timing reifyNode:node_modules/@angular-devkit/schematics/node_modules/rxjs Completed in 10139ms
4547 http fetch GET 200 https://registry.npmjs.org/rxjs/-/rxjs-7.8.2.tgz 10177ms (cache miss)
4548 timing reifyNode:node_modules/rxjs Completed in 10513ms
4549 http fetch GET 200 https://registry.npmjs.org/type-fest/-/type-fest-4.41.0.tgz 11580ms (cache miss)
4550 timing reifyNode:node_modules/ts-jest/node_modules/type-fest Completed in 11932ms
4551 http fetch GET 200 https://registry.npmjs.org/prettier/-/prettier-3.8.1.tgz 13028ms (cache miss)
4552 timing reifyNode:node_modules/prettier Completed in 13356ms
4553 http fetch GET 200 https://registry.npmjs.org/fflate/-/fflate-0.8.2.tgz 13349ms (cache miss)
4554 timing reifyNode:node_modules/fflate Completed in 13650ms
4555 http fetch GET 200 https://registry.npmjs.org/typescript/-/typescript-5.9.3.tgz 18151ms (cache miss)
4556 timing reifyNode:node_modules/typescript Completed in 18485ms
4557 timing reify:unpack Completed in 18519ms
4558 timing reify:unretire Completed in 0ms
4559 timing build:queue Completed in 24ms
4560 timing build:link:node_modules/jest-cli Completed in 2ms
4561 timing build:link:node_modules/@angular-devkit/schematics-cli Completed in 33ms
4562 timing build:link:node_modules/@istanbuljs/load-nyc-config/node_modules/js-yaml Completed in 28ms
4563 timing build:link:node_modules/@babel/core/node_modules/semver Completed in 28ms
4564 timing build:link:node_modules/@babel/helper-compilation-targets/node_modules/semver Completed in 28ms
4565 timing build:link:node_modules/@babel/parser Completed in 32ms
4566 timing build:link:node_modules/babel-plugin-istanbul/node_modules/semver Completed in 28ms
4567 timing build:link:node_modules/@nestjs/cli Completed in 32ms
4568 timing build:link:node_modules/superagent/node_modules/mime Completed in 29ms
4569 timing build:link:node_modules/@nuxtjs/opencollective Completed in 33ms
4570 timing build:link:node_modules/acorn Completed in 33ms
4571 timing build:link:node_modules/browserslist Completed in 32ms
4572 timing build:link:node_modules/baseline-browser-mapping Completed in 32ms
4573 timing build:link:node_modules/create-jest Completed in 32ms
4574 timing build:link:node_modules/eslint Completed in 32ms
4575 timing build:link:node_modules/eslint-config-prettier Completed in 32ms
4576 timing build:link:node_modules/glob Completed in 32ms
4577 timing build:link:node_modules/esprima Completed in 32ms
4578 timing build:link:node_modules/jest Completed in 31ms
4579 timing build:link:node_modules/import-local Completed in 31ms
4580 timing build:link:node_modules/mkdirp Completed in 31ms
4581 timing build:link:node_modules/js-yaml Completed in 31ms
4582 timing build:link:node_modules/handlebars Completed in 32ms
4583 timing build:link:node_modules/mime Completed in 31ms
4584 timing build:link:node_modules/json5 Completed in 31ms
4585 timing build:link:node_modules/jsesc Completed in 31ms
4586 timing build:link:node_modules/prettier Completed in 31ms
4587 timing build:link:node_modules/semver Completed in 30ms
4588 timing build:link:node_modules/rimraf Completed in 31ms
4589 timing build:link:node_modules/resolve Completed in 31ms
4590 timing build:link:node_modules/terser Completed in 31ms
4591 timing build:link:node_modules/tree-kill Completed in 31ms
4592 timing build:link:node_modules/ts-jest Completed in 31ms
4593 timing build:link:node_modules/ts-node Completed in 31ms
4594 timing build:link:node_modules/uglify-js Completed in 31ms
4595 timing build:link:node_modules/typescript Completed in 31ms
4596 timing build:link:node_modules/update-browserslist-db Completed in 31ms
4597 timing build:link:node_modules/webpack Completed in 31ms
4598 timing build:link:node_modules/@nestjs/cli/node_modules/webpack Completed in 30ms
4599 timing build:link:node_modules/which Completed in 30ms
4600 timing build:link:node_modules/@nestjs/cli/node_modules/typescript Completed in 30ms
4601 timing build:link Completed in 35ms
4602 info run @nestjs/core@10.4.22 postinstall node_modules/@nestjs/core opencollective || exit 0
4603 info run @nestjs/core@10.4.22 postinstall { code: 0, signal: null }
4604 timing build:run:postinstall:node_modules/@nestjs/core Completed in 2211ms
4605 timing build:run:postinstall Completed in 2211ms
4606 timing build:deps Completed in 2270ms
4607 timing build Completed in 2270ms
4608 timing reify:build Completed in 2272ms
4609 timing reify:trash Completed in 0ms
4610 timing reify:save Completed in 348ms
4611 timing reify Completed in 105721ms
4612 timing command:install Completed in 105846ms
4613 verbose exit 0
4614 timing npm Completed in 106337ms
4615 info ok
