0 verbose cli /usr/local/bin/node /usr/local/bin/npm
1 info using npm@10.2.4
2 info using node@v21.6.1
3 timing npm:load:whichnode Completed in 1ms
4 timing config:load:defaults Completed in 2ms
5 timing config:load:file:/usr/local/lib/node_modules/npm/npmrc Completed in 1ms
6 timing config:load:builtin Completed in 1ms
7 timing config:load:cli Completed in 2ms
8 timing config:load:env Completed in 0ms
9 timing config:load:file:/Users/mr.akpini/Desktop/urban-kicks/frontend/.npmrc Completed in 1ms
10 timing config:load:project Completed in 3ms
11 timing config:load:file:/Users/mr.akpini/.npmrc Completed in 0ms
12 timing config:load:user Completed in 0ms
13 timing config:load:file:/usr/local/etc/npmrc Completed in 0ms
14 timing config:load:global Completed in 0ms
15 timing config:load:setEnvs Completed in 0ms
16 timing config:load Completed in 10ms
17 timing npm:load:configload Completed in 10ms
18 timing config:load:flatten Completed in 3ms
19 timing npm:load:mkdirpcache Completed in 0ms
20 timing npm:load:mkdirplogs Completed in 0ms
21 verbose title npm install
22 verbose argv "install"
23 timing npm:load:setTitle Completed in 30ms
24 timing npm:load:display Completed in 0ms
25 verbose logfile logs-max:10 dir:/Users/mr.akpini/Desktop/urban-kicks/.npm-cache/_logs/2026-04-08T15_21_54_497Z-
26 verbose logfile /Users/mr.akpini/Desktop/urban-kicks/.npm-cache/_logs/2026-04-08T15_21_54_497Z-debug-0.log
27 timing npm:load:logFile Completed in 17ms
28 timing npm:load:timers Completed in 0ms
29 timing npm:load:configScope Completed in 0ms
30 timing npm:load Completed in 75ms
31 timing arborist:ctor Completed in 1ms
32 silly logfile done cleaning log files
33 timing arborist:ctor Completed in 0ms
34 timing idealTree:init Completed in 15ms
35 timing idealTree:userRequests Completed in 0ms
36 silly idealTree buildDeps
37 silly fetch manifest react@^18.3.1
38 http fetch GET 200 https://registry.npmjs.org/react 1391ms (cache miss)
39 silly fetch manifest react-dom@^18.3.1
40 http fetch GET 200 https://registry.npmjs.org/react-dom 2688ms (cache miss)
41 silly fetch manifest @eslint/js@^9.13.0
42 http fetch GET 200 https://registry.npmjs.org/@eslint%2fjs 704ms (cache miss)
43 silly fetch manifest @types/react@^18.3.12
44 http fetch GET 200 https://registry.npmjs.org/@types%2freact 155ms (cache miss)
45 silly fetch manifest @types/react-dom@^18.3.1
46 http fetch GET 200 https://registry.npmjs.org/@types%2freact-dom 1538ms (cache miss)
47 silly fetch manifest @vitejs/plugin-react@^4.3.3
48 http fetch GET 200 https://registry.npmjs.org/@vitejs%2fplugin-react 1804ms (cache miss)
49 silly fetch manifest vite@^5.4.10
50 http fetch GET 200 https://registry.npmjs.org/vite 850ms (cache miss)
51 silly fetch manifest @types/node@^18.0.0 || >=20.0.0
52 http fetch GET 200 https://registry.npmjs.org/@types%2fnode 21ms (cache hit)
53 silly fetch manifest less@*
54 http fetch GET 200 https://registry.npmjs.org/less 643ms (cache miss)
55 silly fetch manifest lightningcss@^1.21.0
56 http fetch GET 200 https://registry.npmjs.org/lightningcss 384ms (cache miss)
57 silly fetch manifest sass@*
58 http fetch GET 200 https://registry.npmjs.org/sass 585ms (cache miss)
59 silly fetch manifest sass-embedded@*
60 http fetch GET 200 https://registry.npmjs.org/sass-embedded 806ms (cache miss)
61 silly fetch manifest stylus@*
62 http fetch GET 200 https://registry.npmjs.org/stylus 391ms (cache miss)
63 silly fetch manifest sugarss@*
64 http fetch GET 200 https://registry.npmjs.org/sugarss 302ms (cache miss)
65 silly fetch manifest postcss@^8.3.3
66 http fetch GET 200 https://registry.npmjs.org/postcss 357ms (cache miss)
67 silly fetch manifest terser@^5.4.0
68 http fetch GET 200 https://registry.npmjs.org/terser 7ms (cache hit)
69 silly fetch manifest eslint@^9.13.0
70 http fetch GET 200 https://registry.npmjs.org/eslint 13ms (cache hit)
71 silly fetch manifest jiti@*
72 http fetch GET 200 https://registry.npmjs.org/jiti 765ms (cache miss)
73 silly fetch manifest eslint-plugin-react-hooks@^5.0.0
74 http fetch GET 200 https://registry.npmjs.org/eslint-plugin-react-hooks 2084ms (cache miss)
75 silly fetch manifest eslint-plugin-react-refresh@^0.4.14
76 http fetch GET 200 https://registry.npmjs.org/eslint-plugin-react-refresh 840ms (cache miss)
77 silly fetch manifest globals@^15.11.0
78 http fetch GET 200 https://registry.npmjs.org/globals 5ms (cache hit)
79 silly fetch manifest typescript@~5.6.2
80 http fetch GET 200 https://registry.npmjs.org/typescript 32ms (cache hit)
81 silly fetch manifest typescript-eslint@^8.11.0
82 http fetch GET 200 https://registry.npmjs.org/typescript-eslint 629ms (cache miss)
83 silly placeDep ROOT @eslint/js@9.39.4 OK for: frontend@0.0.0 want: ^9.13.0
84 silly placeDep ROOT @types/react@18.3.28 OK for: frontend@0.0.0 want: ^18.3.12
85 silly fetch manifest csstype@^3.2.2
86 silly fetch manifest @types/prop-types@*
87 silly placeDep ROOT @types/react-dom@18.3.7 OK for: frontend@0.0.0 want: ^18.3.1
88 silly placeDep ROOT @vitejs/plugin-react@4.7.0 OK for: frontend@0.0.0 want: ^4.3.3
89 silly placeDep ROOT vite@5.4.21 OK for: @vitejs/plugin-react@4.7.0 want: ^4.2.0 || ^5.0.0 || ^6.0.0 || ^7.0.0
90 silly fetch manifest @babel/core@^7.28.0
91 silly fetch manifest react-refresh@^0.17.0
92 silly fetch manifest @types/babel__core@^7.20.5
93 silly fetch manifest @rolldown/pluginutils@1.0.0-beta.27
94 silly fetch manifest @babel/plugin-transform-react-jsx-self@^7.27.1
95 silly fetch manifest @babel/plugin-transform-react-jsx-source@^7.27.1
96 silly fetch manifest rollup@^4.20.0
97 silly fetch manifest esbuild@^0.21.3
98 silly fetch manifest postcss@^8.4.43
99 silly fetch manifest fsevents@~2.3.3
100 silly placeDep ROOT eslint@9.39.4 OK for: frontend@0.0.0 want: ^9.13.0
101 silly fetch manifest ajv@^6.14.0
102 silly fetch manifest chalk@^4.0.0
103 silly fetch manifest debug@^4.3.2
104 silly fetch manifest espree@^10.4.0
105 silly fetch manifest ignore@^5.2.0
106 silly fetch manifest esquery@^1.5.0
107 silly fetch manifest esutils@^2.0.2
108 silly fetch manifest find-up@^5.0.0
109 silly fetch manifest is-glob@^4.0.0
110 silly fetch manifest minimatch@^3.1.5
111 silly fetch manifest optionator@^0.9.3
112 silly fetch manifest cross-spawn@^7.0.6
113 silly fetch manifest glob-parent@^6.0.2
114 silly fetch manifest imurmurhash@^0.1.4
115 silly fetch manifest @eslint/core@^0.17.0
116 silly fetch manifest eslint-scope@^8.4.0
117 silly fetch manifest lodash.merge@^4.6.2
118 silly fetch manifest @humanfs/node@^0.16.6
119 silly fetch manifest @types/estree@^1.0.6
120 silly fetch manifest fast-deep-equal@^3.1.3
121 silly fetch manifest natural-compare@^1.4.0
122 silly fetch manifest @eslint/eslintrc@^3.3.5
123 silly fetch manifest file-entry-cache@^8.0.0
124 silly fetch manifest @eslint/plugin-kit@^0.4.1
125 silly fetch manifest eslint-visitor-keys@^4.2.1
126 silly fetch manifest @eslint/config-array@^0.21.2
127 silly fetch manifest @humanwhocodes/retry@^0.4.2
128 silly fetch manifest escape-string-regexp@^4.0.0
129 silly fetch manifest @eslint/config-helpers@^0.4.2
130 silly fetch manifest @eslint-community/regexpp@^4.12.1
131 silly fetch manifest @eslint-community/eslint-utils@^4.8.0
132 silly fetch manifest @humanwhocodes/module-importer@^1.0.1
133 silly fetch manifest json-stable-stringify-without-jsonify@^1.0.1
134 silly placeDep ROOT eslint-plugin-react-hooks@5.2.0 OK for: frontend@0.0.0 want: ^5.0.0
135 silly placeDep ROOT eslint-plugin-react-refresh@0.4.26 OK for: frontend@0.0.0 want: ^0.4.14
136 silly placeDep ROOT globals@15.15.0 OK for: frontend@0.0.0 want: ^15.11.0
137 silly placeDep ROOT react@18.3.1 OK for: frontend@0.0.0 want: ^18.3.1
138 silly fetch manifest loose-envify@^1.1.0
139 silly placeDep ROOT react-dom@18.3.1 OK for: frontend@0.0.0 want: ^18.3.1
140 silly fetch manifest scheduler@^0.23.2
141 silly placeDep ROOT typescript@5.6.3 OK for: frontend@0.0.0 want: ~5.6.2
142 silly placeDep ROOT typescript-eslint@8.58.1 OK for: frontend@0.0.0 want: ^8.11.0
143 silly fetch manifest @typescript-eslint/utils@8.58.1
144 silly fetch manifest @typescript-eslint/parser@8.58.1
145 silly fetch manifest @typescript-eslint/eslint-plugin@8.58.1
146 silly fetch manifest @typescript-eslint/typescript-estree@8.58.1
147 http fetch GET 200 https://registry.npmjs.org/debug 92ms (cache hit)
148 http fetch GET 200 https://registry.npmjs.org/ajv 101ms (cache hit)
149 http fetch GET 200 https://registry.npmjs.org/espree 107ms (cache hit)
150 http fetch GET 200 https://registry.npmjs.org/ignore 110ms (cache hit)
151 http fetch GET 200 https://registry.npmjs.org/find-up 111ms (cache hit)
152 http fetch GET 200 https://registry.npmjs.org/esquery 113ms (cache hit)
153 http fetch GET 200 https://registry.npmjs.org/fsevents 118ms (cache hit)
154 http fetch GET 200 https://registry.npmjs.org/chalk 117ms (cache hit)
155 http fetch GET 200 https://registry.npmjs.org/@babel%2fcore 124ms (cache hit)
156 http fetch GET 200 https://registry.npmjs.org/is-glob 122ms (cache hit)
157 http fetch GET 200 https://registry.npmjs.org/optionator 122ms (cache hit)
158 http fetch GET 200 https://registry.npmjs.org/glob-parent 121ms (cache hit)
159 http fetch GET 200 https://registry.npmjs.org/esutils 124ms (cache hit)
160 http fetch GET 200 https://registry.npmjs.org/eslint-scope 121ms (cache hit)
161 http fetch GET 200 https://registry.npmjs.org/minimatch 125ms (cache hit)
162 http fetch GET 200 https://registry.npmjs.org/imurmurhash 126ms (cache hit)
163 http fetch GET 200 https://registry.npmjs.org/escape-string-regexp 121ms (cache hit)
164 http fetch GET 200 https://registry.npmjs.org/lodash.merge 126ms (cache hit)
165 http fetch GET 200 https://registry.npmjs.org/@types%2festree 126ms (cache hit)
166 http fetch GET 200 https://registry.npmjs.org/eslint-visitor-keys 125ms (cache hit)
167 http fetch GET 200 https://registry.npmjs.org/@eslint-community%2feslint-utils 124ms (cache hit)
168 http fetch GET 200 https://registry.npmjs.org/cross-spawn 133ms (cache hit)
169 http fetch GET 200 https://registry.npmjs.org/file-entry-cache 130ms (cache hit)
170 http fetch GET 200 https://registry.npmjs.org/natural-compare 131ms (cache hit)
171 http fetch GET 200 https://registry.npmjs.org/@eslint%2feslintrc 132ms (cache hit)
172 http fetch GET 200 https://registry.npmjs.org/fast-deep-equal 134ms (cache hit)
173 http fetch GET 200 https://registry.npmjs.org/@eslint-community%2fregexpp 132ms (cache hit)
174 http fetch GET 200 https://registry.npmjs.org/@humanwhocodes%2fmodule-importer 142ms (cache hit)
175 http fetch GET 200 https://registry.npmjs.org/@typescript-eslint%2futils 166ms (cache hit)
176 http fetch GET 200 https://registry.npmjs.org/json-stable-stringify-without-jsonify 268ms (cache hit)
177 http fetch GET 200 https://registry.npmjs.org/@typescript-eslint%2ftypescript-estree 279ms (cache hit)
178 http fetch GET 200 https://registry.npmjs.org/@typescript-eslint%2fparser 356ms (cache hit)
179 http fetch GET 200 https://registry.npmjs.org/@typescript-eslint%2feslint-plugin 469ms (cache hit)
180 http fetch GET 200 https://registry.npmjs.org/csstype 639ms (cache miss)
181 http fetch GET 200 https://registry.npmjs.org/loose-envify 992ms (cache miss)
182 http fetch GET 200 https://registry.npmjs.org/esbuild 1021ms (cache miss)
183 http fetch GET 200 https://registry.npmjs.org/@types%2fbabel__core 1215ms (cache miss)
184 http fetch GET 200 https://registry.npmjs.org/@babel%2fplugin-transform-react-jsx-source 1221ms (cache miss)
185 http fetch GET 200 https://registry.npmjs.org/@babel%2fplugin-transform-react-jsx-self 1223ms (cache miss)
186 http fetch GET 200 https://registry.npmjs.org/@humanfs%2fnode 1600ms (cache miss)
187 http fetch GET 200 https://registry.npmjs.org/@humanwhocodes%2fretry 1605ms (cache miss)
188 http fetch GET 200 https://registry.npmjs.org/rollup 1617ms (cache miss)
189 http fetch GET 200 https://registry.npmjs.org/@eslint%2fconfig-array 1648ms (cache miss)
190 http fetch GET 200 https://registry.npmjs.org/@eslint%2fcore 1654ms (cache miss)
191 http fetch GET 200 https://registry.npmjs.org/@eslint%2fconfig-helpers 1651ms (cache miss)
192 http fetch GET 200 https://registry.npmjs.org/@types%2fprop-types 1676ms (cache miss)
193 http fetch GET 200 https://registry.npmjs.org/@rolldown%2fpluginutils 1672ms (cache miss)
194 http fetch GET 200 https://registry.npmjs.org/@eslint%2fplugin-kit 1750ms (cache miss)
195 http fetch GET 200 https://registry.npmjs.org/react-refresh 1764ms (cache miss)
196 http fetch GET 200 https://registry.npmjs.org/scheduler 1834ms (cache miss)
197 timing idealTree:#root Completed in 19339ms
198 timing idealTree:node_modules/@eslint/js Completed in 0ms
199 silly placeDep ROOT @types/prop-types@15.7.15 OK for: @types/react@18.3.28 want: *
200 silly placeDep ROOT csstype@3.2.3 OK for: @types/react@18.3.28 want: ^3.2.2
201 timing idealTree:node_modules/@types/react Completed in 2ms
202 timing idealTree:node_modules/@types/prop-types Completed in 1ms
203 timing idealTree:node_modules/@types/react-dom Completed in 0ms
204 silly placeDep ROOT @babel/core@7.29.0 OK for: @vitejs/plugin-react@4.7.0 want: ^7.28.0
205 silly fetch manifest debug@^4.1.0
206 silly fetch manifest json5@^2.2.3
207 silly fetch manifest semver@^6.3.1
208 silly fetch manifest gensync@^1.0.0-beta.2
209 silly fetch manifest @babel/types@^7.29.0
210 silly fetch manifest @babel/parser@^7.29.0
211 silly fetch manifest @babel/helpers@^7.28.6
212 silly fetch manifest @babel/template@^7.28.6
213 silly fetch manifest @babel/traverse@^7.29.0
214 silly fetch manifest @babel/generator@^7.29.0
215 silly fetch manifest @babel/code-frame@^7.29.0
216 silly fetch manifest convert-source-map@^2.0.0
217 silly fetch manifest @jridgewell/remapping@^2.3.5
218 silly fetch manifest @babel/helper-module-transforms@^7.28.6
219 silly fetch manifest @babel/helper-compilation-targets@^7.28.6
220 silly placeDep ROOT @babel/plugin-transform-react-jsx-self@7.27.1 OK for: @vitejs/plugin-react@4.7.0 want: ^7.27.1
221 silly fetch manifest @babel/helper-plugin-utils@^7.27.1
222 silly placeDep ROOT @babel/plugin-transform-react-jsx-source@7.27.1 OK for: @vitejs/plugin-react@4.7.0 want: ^7.27.1
223 silly placeDep ROOT @rolldown/pluginutils@1.0.0-beta.27 OK for: @vitejs/plugin-react@4.7.0 want: 1.0.0-beta.27
224 silly placeDep ROOT @types/babel__core@7.20.5 OK for: @vitejs/plugin-react@4.7.0 want: ^7.20.5
225 silly fetch manifest @babel/types@^7.20.7
226 silly fetch manifest @babel/parser@^7.20.7
227 silly fetch manifest @types/babel__template@*
228 silly fetch manifest @types/babel__traverse@*
229 silly fetch manifest @types/babel__generator@*
230 silly placeDep ROOT react-refresh@0.17.0 OK for: @vitejs/plugin-react@4.7.0 want: ^0.17.0
231 http fetch GET 200 https://registry.npmjs.org/json5 36ms (cache hit)
232 http fetch GET 200 https://registry.npmjs.org/semver 36ms (cache hit)
233 http fetch GET 200 https://registry.npmjs.org/@babel%2fcode-frame 35ms (cache hit)
234 http fetch GET 200 https://registry.npmjs.org/@types%2fbabel__template 111ms (cache miss)
235 http fetch GET 200 https://registry.npmjs.org/gensync 342ms (cache miss)
236 http fetch GET 200 https://registry.npmjs.org/convert-source-map 358ms (cache miss)
237 http fetch GET 200 https://registry.npmjs.org/@types%2fbabel__generator 408ms (cache miss)
238 http fetch GET 200 https://registry.npmjs.org/@types%2fbabel__traverse 437ms (cache miss)
239 http fetch GET 200 https://registry.npmjs.org/@babel%2fhelper-plugin-utils 556ms (cache miss)
240 http fetch GET 200 https://registry.npmjs.org/@babel%2ftypes 626ms (cache miss)
241 http fetch GET 200 https://registry.npmjs.org/@babel%2ftypes 646ms (cache miss)
242 http fetch GET 200 https://registry.npmjs.org/@babel%2fhelpers 649ms (cache miss)
243 http fetch GET 200 https://registry.npmjs.org/@babel%2ftemplate 651ms (cache miss)
244 http fetch GET 200 https://registry.npmjs.org/@babel%2ftraverse 655ms (cache miss)
245 http fetch GET 200 https://registry.npmjs.org/@babel%2fparser 665ms (cache miss)
246 http fetch GET 200 https://registry.npmjs.org/@babel%2fparser 688ms (cache miss)
247 http fetch GET 200 https://registry.npmjs.org/@jridgewell%2fremapping 693ms (cache miss)
248 http fetch GET 200 https://registry.npmjs.org/@babel%2fhelper-compilation-targets 1074ms (cache miss)
249 http fetch GET 200 https://registry.npmjs.org/@babel%2fhelper-module-transforms 1075ms (cache miss)
250 http fetch GET 200 https://registry.npmjs.org/@babel%2fgenerator 1087ms (cache miss)
251 timing idealTree:node_modules/@vitejs/plugin-react Completed in 1099ms
252 silly fetch manifest @babel/core@^7.0.0
253 silly placeDep ROOT @babel/code-frame@7.29.0 OK for: @babel/core@7.29.0 want: ^7.29.0
254 silly fetch manifest js-tokens@^4.0.0
255 silly fetch manifest picocolors@^1.1.1
256 silly fetch manifest @babel/helper-validator-identifier@^7.28.5
257 silly placeDep ROOT @babel/generator@7.29.1 OK for: @babel/core@7.29.0 want: ^7.29.0
258 silly fetch manifest jsesc@^3.0.2
259 silly fetch manifest @jridgewell/gen-mapping@^0.3.12
260 silly fetch manifest @jridgewell/trace-mapping@^0.3.28
261 silly placeDep ROOT @babel/helper-compilation-targets@7.28.6 OK for: @babel/core@7.29.0 want: ^7.28.6
262 silly fetch manifest lru-cache@^5.1.1
263 silly fetch manifest browserslist@^4.24.0
264 silly fetch manifest @babel/compat-data@^7.28.6
265 silly fetch manifest @babel/helper-validator-option@^7.27.1
266 silly placeDep ROOT @babel/helper-module-transforms@7.28.6 OK for: @babel/core@7.29.0 want: ^7.28.6
267 silly fetch manifest @babel/traverse@^7.28.6
268 silly fetch manifest @babel/helper-module-imports@^7.28.6
269 silly placeDep ROOT @babel/helpers@7.29.2 OK for: @babel/core@7.29.0 want: ^7.28.6
270 silly placeDep ROOT @babel/parser@7.29.2 OK for: @babel/core@7.29.0 want: ^7.29.0
271 silly placeDep ROOT @babel/template@7.28.6 OK for: @babel/core@7.29.0 want: ^7.28.6
272 silly fetch manifest @babel/types@^7.28.6
273 silly placeDep ROOT @babel/traverse@7.29.0 OK for: @babel/core@7.29.0 want: ^7.29.0
274 silly fetch manifest debug@^4.3.1
275 silly fetch manifest @babel/helper-globals@^7.28.0
276 silly placeDep ROOT @babel/types@7.29.0 OK for: @babel/core@7.29.0 want: ^7.29.0
277 silly fetch manifest @babel/helper-string-parser@^7.27.1
278 silly placeDep ROOT @jridgewell/remapping@2.3.5 OK for: @babel/core@7.29.0 want: ^2.3.5
279 silly fetch manifest @jridgewell/gen-mapping@^0.3.5
280 silly fetch manifest @jridgewell/trace-mapping@^0.3.24
281 silly placeDep ROOT convert-source-map@2.0.0 OK for: @babel/core@7.29.0 want: ^2.0.0
282 silly placeDep ROOT debug@4.4.3 OK for: @babel/core@7.29.0 want: ^4.1.0
283 silly fetch manifest ms@^2.1.3
284 silly placeDep ROOT gensync@1.0.0-beta.2 OK for: @babel/core@7.29.0 want: ^1.0.0-beta.2
285 silly placeDep ROOT json5@2.2.3 OK for: @babel/core@7.29.0 want: ^2.2.3
286 silly placeDep ROOT semver@6.3.1 OK for: @babel/core@7.29.0 want: ^6.3.1
287 http fetch GET 200 https://registry.npmjs.org/@babel%2fhelper-validator-identifier 54ms (cache hit)
288 http fetch GET 200 https://registry.npmjs.org/picocolors 55ms (cache hit)
289 http fetch GET 200 https://registry.npmjs.org/js-tokens 56ms (cache hit)
290 http fetch GET 200 https://registry.npmjs.org/@jridgewell%2ftrace-mapping 36ms (cache hit)
291 http fetch GET 200 https://registry.npmjs.org/@jridgewell%2ftrace-mapping 54ms (cache hit)
292 http fetch GET 200 https://registry.npmjs.org/@jridgewell%2fgen-mapping 39ms (cache hit)
293 http fetch GET 200 https://registry.npmjs.org/lru-cache 52ms (cache hit)
294 http fetch GET 200 https://registry.npmjs.org/@jridgewell%2fgen-mapping 59ms (cache hit)
295 http fetch GET 200 https://registry.npmjs.org/ms 39ms (cache hit)
296 http fetch GET 200 https://registry.npmjs.org/browserslist 55ms (cache hit)
297 http fetch GET 200 https://registry.npmjs.org/jsesc 730ms (cache miss)
298 http fetch GET 200 https://registry.npmjs.org/@babel%2fhelper-globals 927ms (cache miss)
299 http fetch GET 200 https://registry.npmjs.org/@babel%2fhelper-module-imports 943ms (cache miss)
300 http fetch GET 200 https://registry.npmjs.org/@babel%2fhelper-string-parser 938ms (cache miss)
301 http fetch GET 200 https://registry.npmjs.org/@babel%2fcompat-data 988ms (cache miss)
302 http fetch GET 200 https://registry.npmjs.org/@babel%2fhelper-validator-option 1420ms (cache miss)
303 timing idealTree:node_modules/@babel/core Completed in 1438ms
304 silly placeDep ROOT @babel/helper-validator-identifier@7.28.5 OK for: @babel/code-frame@7.29.0 want: ^7.28.5
305 silly placeDep ROOT js-tokens@4.0.0 OK for: @babel/code-frame@7.29.0 want: ^4.0.0
306 silly placeDep ROOT picocolors@1.1.1 OK for: @babel/code-frame@7.29.0 want: ^1.1.1
307 timing idealTree:node_modules/@babel/code-frame Completed in 5ms
308 silly placeDep ROOT @jridgewell/gen-mapping@0.3.13 OK for: @babel/generator@7.29.1 want: ^0.3.12
309 silly fetch manifest @jridgewell/sourcemap-codec@^1.5.0
310 silly placeDep ROOT @jridgewell/trace-mapping@0.3.31 OK for: @babel/generator@7.29.1 want: ^0.3.28
311 silly fetch manifest @jridgewell/resolve-uri@^3.1.0
312 silly fetch manifest @jridgewell/sourcemap-codec@^1.4.14
313 silly placeDep ROOT jsesc@3.1.0 OK for: @babel/generator@7.29.1 want: ^3.0.2
314 http fetch GET 200 https://registry.npmjs.org/@jridgewell%2fsourcemap-codec 16ms (cache hit)
315 http fetch GET 200 https://registry.npmjs.org/@jridgewell%2fresolve-uri 17ms (cache hit)
316 http fetch GET 200 https://registry.npmjs.org/@jridgewell%2fsourcemap-codec 21ms (cache hit)
317 timing idealTree:node_modules/@babel/generator Completed in 25ms
318 silly placeDep ROOT @babel/compat-data@7.29.0 OK for: @babel/helper-compilation-targets@7.28.6 want: ^7.28.6
319 silly placeDep ROOT @babel/helper-validator-option@7.27.1 OK for: @babel/helper-compilation-targets@7.28.6 want: ^7.27.1
320 silly placeDep ROOT browserslist@4.28.2 OK for: @babel/helper-compilation-targets@7.28.6 want: ^4.24.0
321 silly fetch manifest baseline-browser-mapping@^2.10.12
322 silly fetch manifest caniuse-lite@^1.0.30001782
323 silly fetch manifest electron-to-chromium@^1.5.328
324 silly fetch manifest node-releases@^2.0.36
325 silly fetch manifest update-browserslist-db@^1.2.3
326 silly placeDep ROOT lru-cache@5.1.1 OK for: @babel/helper-compilation-targets@7.28.6 want: ^5.1.1
327 silly fetch manifest yallist@^3.0.2
328 http fetch GET 200 https://registry.npmjs.org/node-releases 28ms (cache hit)
329 http fetch GET 200 https://registry.npmjs.org/update-browserslist-db 32ms (cache hit)
330 http fetch GET 200 https://registry.npmjs.org/baseline-browser-mapping 35ms (cache hit)
331 http fetch GET 200 https://registry.npmjs.org/caniuse-lite 42ms (cache hit)
332 http fetch GET 200 https://registry.npmjs.org/electron-to-chromium 59ms (cache hit)
333 http fetch GET 200 https://registry.npmjs.org/yallist 324ms (cache miss)
334 timing idealTree:node_modules/@babel/helper-compilation-targets Completed in 331ms
335 timing idealTree:node_modules/@babel/compat-data Completed in 0ms
336 silly placeDep ROOT @babel/helper-module-imports@7.28.6 OK for: @babel/helper-module-transforms@7.28.6 want: ^7.28.6
337 timing idealTree:node_modules/@babel/helper-module-transforms Completed in 2ms
338 timing idealTree:node_modules/@babel/helper-module-imports Completed in 0ms
339 timing idealTree:node_modules/@babel/helper-validator-identifier Completed in 0ms
340 timing idealTree:node_modules/@babel/helper-validator-option Completed in 0ms
341 timing idealTree:node_modules/@babel/helpers Completed in 0ms
342 timing idealTree:node_modules/@babel/parser Completed in 1ms
343 silly placeDep ROOT @babel/helper-plugin-utils@7.28.6 OK for: @babel/plugin-transform-react-jsx-self@7.27.1 want: ^7.27.1
344 timing idealTree:node_modules/@babel/plugin-transform-react-jsx-self Completed in 1ms
345 timing idealTree:node_modules/@babel/helper-plugin-utils Completed in 0ms
346 timing idealTree:node_modules/@babel/plugin-transform-react-jsx-source Completed in 0ms
347 timing idealTree:node_modules/@babel/template Completed in 0ms
348 silly placeDep ROOT @babel/helper-globals@7.28.0 OK for: @babel/traverse@7.29.0 want: ^7.28.0
349 timing idealTree:node_modules/@babel/traverse Completed in 2ms
350 timing idealTree:node_modules/@babel/helper-globals Completed in 0ms
351 silly placeDep ROOT @babel/helper-string-parser@7.27.1 OK for: @babel/types@7.29.0 want: ^7.27.1
352 timing idealTree:node_modules/@babel/types Completed in 1ms
353 timing idealTree:node_modules/@babel/helper-string-parser Completed in 0ms
354 silly placeDep ROOT @jridgewell/sourcemap-codec@1.5.5 OK for: @jridgewell/gen-mapping@0.3.13 want: ^1.5.0
355 timing idealTree:node_modules/@jridgewell/gen-mapping Completed in 2ms
356 timing idealTree:node_modules/@jridgewell/remapping Completed in 0ms
357 timing idealTree:node_modules/@jridgewell/sourcemap-codec Completed in 0ms
358 silly placeDep ROOT @jridgewell/resolve-uri@3.1.2 OK for: @jridgewell/trace-mapping@0.3.31 want: ^3.1.0
359 timing idealTree:node_modules/@jridgewell/trace-mapping Completed in 1ms
360 timing idealTree:node_modules/@jridgewell/resolve-uri Completed in 0ms
361 timing idealTree:node_modules/@rolldown/pluginutils Completed in 0ms
362 silly placeDep ROOT @types/babel__generator@7.27.0 OK for: @types/babel__core@7.20.5 want: *
363 silly placeDep ROOT @types/babel__template@7.4.4 OK for: @types/babel__core@7.20.5 want: *
364 silly placeDep ROOT @types/babel__traverse@7.28.0 OK for: @types/babel__core@7.20.5 want: *
365 timing idealTree:node_modules/@types/babel__core Completed in 5ms
366 timing idealTree:node_modules/@types/babel__generator Completed in 0ms
367 timing idealTree:node_modules/@types/babel__template Completed in 0ms
368 timing idealTree:node_modules/@types/babel__traverse Completed in 0ms
369 silly fetch manifest browserslist@>= 4.21.0
370 silly placeDep ROOT baseline-browser-mapping@2.10.16 OK for: browserslist@4.28.2 want: ^2.10.12
371 silly placeDep ROOT caniuse-lite@1.0.30001787 OK for: browserslist@4.28.2 want: ^1.0.30001782
372 silly placeDep ROOT electron-to-chromium@1.5.334 OK for: browserslist@4.28.2 want: ^1.5.328
373 silly placeDep ROOT node-releases@2.0.37 OK for: browserslist@4.28.2 want: ^2.0.36
374 silly placeDep ROOT update-browserslist-db@1.2.3 OK for: browserslist@4.28.2 want: ^1.2.3
375 silly fetch manifest escalade@^3.2.0
376 http fetch GET 200 https://registry.npmjs.org/escalade 8ms (cache hit)
377 timing idealTree:node_modules/browserslist Completed in 18ms
378 timing idealTree:node_modules/baseline-browser-mapping Completed in 0ms
379 timing idealTree:node_modules/caniuse-lite Completed in 0ms
380 timing idealTree:node_modules/convert-source-map Completed in 1ms
381 timing idealTree:node_modules/csstype Completed in 0ms
382 silly placeDep ROOT ms@2.1.3 OK for: debug@4.4.3 want: ^2.1.3
383 timing idealTree:node_modules/debug Completed in 1ms
384 timing idealTree:node_modules/electron-to-chromium Completed in 0ms
385 silly fetch manifest eslint@^6.0.0 || ^7.0.0 || >=8.0.0
386 silly placeDep ROOT @eslint-community/eslint-utils@4.9.1 OK for: eslint@9.39.4 want: ^4.8.0
387 silly fetch manifest eslint-visitor-keys@^3.4.3
388 silly placeDep ROOT @eslint-community/regexpp@4.12.2 OK for: eslint@9.39.4 want: ^4.12.1
389 silly placeDep ROOT @eslint/config-array@0.21.2 OK for: eslint@9.39.4 want: ^0.21.2
390 silly fetch manifest @eslint/object-schema@^2.1.7
391 silly placeDep ROOT @eslint/config-helpers@0.4.2 OK for: eslint@9.39.4 want: ^0.4.2
392 silly placeDep ROOT @eslint/core@0.17.0 OK for: eslint@9.39.4 want: ^0.17.0
393 silly fetch manifest @types/json-schema@^7.0.15
394 silly placeDep ROOT @eslint/eslintrc@3.3.5 OK for: eslint@9.39.4 want: ^3.3.5
395 silly fetch manifest espree@^10.0.1
396 silly fetch manifest globals@^14.0.0
397 silly fetch manifest import-fresh@^3.2.1
398 silly fetch manifest js-yaml@^4.1.1
399 silly fetch manifest strip-json-comments@^3.1.1
400 silly placeDep ROOT @eslint/plugin-kit@0.4.1 OK for: eslint@9.39.4 want: ^0.4.1
401 silly fetch manifest levn@^0.4.1
402 silly placeDep ROOT @humanfs/node@0.16.7 OK for: eslint@9.39.4 want: ^0.16.6
403 silly fetch manifest @humanwhocodes/retry@^0.4.0
404 silly fetch manifest @humanfs/core@^0.19.1
405 silly placeDep ROOT @humanwhocodes/module-importer@1.0.1 OK for: eslint@9.39.4 want: ^1.0.1
406 silly placeDep ROOT @humanwhocodes/retry@0.4.3 OK for: eslint@9.39.4 want: ^0.4.2
407 silly placeDep ROOT @types/estree@1.0.8 OK for: eslint@9.39.4 want: ^1.0.6
408 silly placeDep ROOT ajv@6.14.0 OK for: eslint@9.39.4 want: ^6.14.0
409 silly fetch manifest fast-deep-equal@^3.1.1
410 silly fetch manifest fast-json-stable-stringify@^2.0.0
411 silly fetch manifest json-schema-traverse@^0.4.1
412 silly fetch manifest uri-js@^4.2.2
413 silly placeDep ROOT chalk@4.1.2 OK for: eslint@9.39.4 want: ^4.0.0
414 silly fetch manifest ansi-styles@^4.1.0
415 silly fetch manifest supports-color@^7.1.0
416 silly placeDep ROOT cross-spawn@7.0.6 OK for: eslint@9.39.4 want: ^7.0.6
417 silly fetch manifest which@^2.0.1
418 silly fetch manifest path-key@^3.1.0
419 silly fetch manifest shebang-command@^2.0.0
420 silly placeDep ROOT escape-string-regexp@4.0.0 OK for: eslint@9.39.4 want: ^4.0.0
421 silly placeDep ROOT eslint-scope@8.4.0 OK for: eslint@9.39.4 want: ^8.4.0
422 silly fetch manifest esrecurse@^4.3.0
423 silly fetch manifest estraverse@^5.2.0
424 silly placeDep ROOT eslint-visitor-keys@4.2.1 OK for: eslint@9.39.4 want: ^4.2.1
425 silly placeDep ROOT espree@10.4.0 OK for: eslint@9.39.4 want: ^10.4.0
426 silly fetch manifest acorn@^8.15.0
427 silly fetch manifest acorn-jsx@^5.3.2
428 silly placeDep ROOT esquery@1.7.0 OK for: eslint@9.39.4 want: ^1.5.0
429 silly fetch manifest estraverse@^5.1.0
430 silly placeDep ROOT esutils@2.0.3 OK for: eslint@9.39.4 want: ^2.0.2
431 silly placeDep ROOT fast-deep-equal@3.1.3 OK for: eslint@9.39.4 want: ^3.1.3
432 silly placeDep ROOT file-entry-cache@8.0.0 OK for: eslint@9.39.4 want: ^8.0.0
433 silly fetch manifest flat-cache@^4.0.0
434 silly placeDep ROOT find-up@5.0.0 OK for: eslint@9.39.4 want: ^5.0.0
435 silly fetch manifest locate-path@^6.0.0
436 silly fetch manifest path-exists@^4.0.0
437 silly placeDep ROOT glob-parent@6.0.2 OK for: eslint@9.39.4 want: ^6.0.2
438 silly fetch manifest is-glob@^4.0.3
439 silly placeDep ROOT ignore@5.3.2 OK for: eslint@9.39.4 want: ^5.2.0
440 silly placeDep ROOT imurmurhash@0.1.4 OK for: eslint@9.39.4 want: ^0.1.4
441 silly placeDep ROOT is-glob@4.0.3 OK for: eslint@9.39.4 want: ^4.0.0
442 silly fetch manifest is-extglob@^2.1.1
443 silly placeDep ROOT json-stable-stringify-without-jsonify@1.0.1 OK for: eslint@9.39.4 want: ^1.0.1
444 silly placeDep ROOT lodash.merge@4.6.2 OK for: eslint@9.39.4 want: ^4.6.2
445 silly placeDep ROOT minimatch@3.1.5 OK for: eslint@9.39.4 want: ^3.1.5
446 silly fetch manifest brace-expansion@^1.1.7
447 silly placeDep ROOT natural-compare@1.4.0 OK for: eslint@9.39.4 want: ^1.4.0
448 silly placeDep ROOT optionator@0.9.4 OK for: eslint@9.39.4 want: ^0.9.3
449 silly fetch manifest prelude-ls@^1.2.1
450 silly fetch manifest deep-is@^0.1.3
451 silly fetch manifest word-wrap@^1.2.5
452 silly fetch manifest type-check@^0.4.0
453 silly fetch manifest fast-levenshtein@^2.0.6
454 http fetch GET 200 https://registry.npmjs.org/which 62ms (cache hit)
455 http fetch GET 200 https://registry.npmjs.org/import-fresh 75ms (cache hit)
456 http fetch GET 200 https://registry.npmjs.org/acorn-jsx 58ms (cache hit)
457 http fetch GET 200 https://registry.npmjs.org/fast-json-stable-stringify 68ms (cache hit)
458 http fetch GET 200 https://registry.npmjs.org/esrecurse 63ms (cache hit)
459 http fetch GET 200 https://registry.npmjs.org/@types%2fjson-schema 81ms (cache hit)
460 http fetch GET 200 https://registry.npmjs.org/shebang-command 65ms (cache hit)
461 http fetch GET 200 https://registry.npmjs.org/estraverse 64ms (cache hit)
462 http fetch GET 200 https://registry.npmjs.org/uri-js 70ms (cache hit)
463 http fetch GET 200 https://registry.npmjs.org/estraverse 61ms (cache hit)
464 http fetch GET 200 https://registry.npmjs.org/levn 78ms (cache hit)
465 http fetch GET 200 https://registry.npmjs.org/json-schema-traverse 72ms (cache hit)
466 http fetch GET 200 https://registry.npmjs.org/path-exists 58ms (cache hit)
467 http fetch GET 200 https://registry.npmjs.org/deep-is 49ms (cache hit)
468 http fetch GET 200 https://registry.npmjs.org/prelude-ls 49ms (cache hit)
469 http fetch GET 200 https://registry.npmjs.org/flat-cache 61ms (cache hit)
470 http fetch GET 200 https://registry.npmjs.org/word-wrap 51ms (cache hit)
471 http fetch GET 200 https://registry.npmjs.org/fast-levenshtein 50ms (cache hit)
472 http fetch GET 200 https://registry.npmjs.org/is-extglob 57ms (cache hit)
473 http fetch GET 200 https://registry.npmjs.org/path-key 73ms (cache hit)
474 http fetch GET 200 https://registry.npmjs.org/supports-color 75ms (cache hit)
475 http fetch GET 200 https://registry.npmjs.org/js-yaml 87ms (cache hit)
476 http fetch GET 200 https://registry.npmjs.org/ansi-styles 78ms (cache hit)
477 http fetch GET 200 https://registry.npmjs.org/locate-path 67ms (cache hit)
478 http fetch GET 200 https://registry.npmjs.org/strip-json-comments 88ms (cache hit)
479 http fetch GET 200 https://registry.npmjs.org/type-check 57ms (cache hit)
480 http fetch GET 200 https://registry.npmjs.org/brace-expansion 61ms (cache hit)
481 http fetch GET 200 https://registry.npmjs.org/acorn 74ms (cache hit)
482 http fetch GET 200 https://registry.npmjs.org/@humanfs%2fcore 526ms (cache miss)
483 http fetch GET 200 https://registry.npmjs.org/@eslint%2fobject-schema 745ms (cache miss)
484 timing idealTree:node_modules/eslint Completed in 769ms
485 silly placeDep node_modules/@eslint-community/eslint-utils eslint-visitor-keys@3.4.3 OK for: @eslint-community/eslint-utils@4.9.1 want: ^3.4.3
486 timing idealTree:node_modules/@eslint-community/eslint-utils Completed in 2ms
487 timing idealTree:node_modules/@eslint-community/regexpp Completed in 0ms
488 silly placeDep ROOT @eslint/object-schema@2.1.7 OK for: @eslint/config-array@0.21.2 want: ^2.1.7
489 timing idealTree:node_modules/@eslint/config-array Completed in 1ms
490 timing idealTree:node_modules/@eslint/config-helpers Completed in 0ms
491 silly placeDep ROOT @types/json-schema@7.0.15 OK for: @eslint/core@0.17.0 want: ^7.0.15
492 timing idealTree:node_modules/@eslint/core Completed in 1ms
493 silly placeDep node_modules/@eslint/eslintrc globals@14.0.0 OK for: @eslint/eslintrc@3.3.5 want: ^14.0.0
494 silly placeDep ROOT import-fresh@3.3.1 OK for: @eslint/eslintrc@3.3.5 want: ^3.2.1
495 silly fetch manifest resolve-from@^4.0.0
496 silly fetch manifest parent-module@^1.0.0
497 silly placeDep ROOT js-yaml@4.1.1 OK for: @eslint/eslintrc@3.3.5 want: ^4.1.1
498 silly fetch manifest argparse@^2.0.1
499 silly placeDep ROOT strip-json-comments@3.1.1 OK for: @eslint/eslintrc@3.3.5 want: ^3.1.1
500 http fetch GET 200 https://registry.npmjs.org/parent-module 10ms (cache hit)
501 http fetch GET 200 https://registry.npmjs.org/argparse 10ms (cache hit)
502 http fetch GET 200 https://registry.npmjs.org/resolve-from 12ms (cache hit)
503 timing idealTree:node_modules/@eslint/eslintrc Completed in 16ms
504 timing idealTree:node_modules/@eslint/object-schema Completed in 0ms
505 silly placeDep ROOT levn@0.4.1 OK for: @eslint/plugin-kit@0.4.1 want: ^0.4.1
506 silly fetch manifest type-check@~0.4.0
507 timing idealTree:node_modules/@eslint/plugin-kit Completed in 2ms
508 silly placeDep ROOT @humanfs/core@0.19.1 OK for: @humanfs/node@0.16.7 want: ^0.19.1
509 timing idealTree:node_modules/@humanfs/node Completed in 2ms
510 timing idealTree:node_modules/@humanfs/core Completed in 0ms
511 timing idealTree:node_modules/@humanwhocodes/module-importer Completed in 0ms
512 timing idealTree:node_modules/@humanwhocodes/retry Completed in 0ms
513 timing idealTree:node_modules/@types/estree Completed in 0ms
514 timing idealTree:node_modules/@types/json-schema Completed in 0ms
515 silly placeDep ROOT fast-json-stable-stringify@2.1.0 OK for: ajv@6.14.0 want: ^2.0.0
516 silly placeDep ROOT json-schema-traverse@0.4.1 OK for: ajv@6.14.0 want: ^0.4.1
517 silly placeDep ROOT uri-js@4.4.1 OK for: ajv@6.14.0 want: ^4.2.2
518 silly fetch manifest punycode@^2.1.0
519 http fetch GET 200 https://registry.npmjs.org/punycode 5ms (cache hit)
520 timing idealTree:node_modules/ajv Completed in 10ms
521 silly placeDep ROOT ansi-styles@4.3.0 OK for: chalk@4.1.2 want: ^4.1.0
522 silly fetch manifest color-convert@^2.0.1
523 silly placeDep ROOT supports-color@7.2.0 OK for: chalk@4.1.2 want: ^7.1.0
524 silly fetch manifest has-flag@^4.0.0
525 http fetch GET 200 https://registry.npmjs.org/has-flag 5ms (cache hit)
526 http fetch GET 200 https://registry.npmjs.org/color-convert 7ms (cache hit)
527 timing idealTree:node_modules/chalk Completed in 9ms
528 silly placeDep ROOT color-convert@2.0.1 OK for: ansi-styles@4.3.0 want: ^2.0.1
529 silly fetch manifest color-name@~1.1.4
530 http fetch GET 200 https://registry.npmjs.org/color-name 4ms (cache hit)
531 timing idealTree:node_modules/ansi-styles Completed in 5ms
532 silly placeDep ROOT color-name@1.1.4 OK for: color-convert@2.0.1 want: ~1.1.4
533 timing idealTree:node_modules/color-convert Completed in 2ms
534 timing idealTree:node_modules/color-name Completed in 0ms
535 silly placeDep ROOT path-key@3.1.1 OK for: cross-spawn@7.0.6 want: ^3.1.0
536 silly placeDep ROOT shebang-command@2.0.0 OK for: cross-spawn@7.0.6 want: ^2.0.0
537 silly fetch manifest shebang-regex@^3.0.0
538 silly placeDep ROOT which@2.0.2 OK for: cross-spawn@7.0.6 want: ^2.0.1
539 silly fetch manifest isexe@^2.0.0
540 http fetch GET 200 https://registry.npmjs.org/isexe 4ms (cache hit)
541 http fetch GET 200 https://registry.npmjs.org/shebang-regex 6ms (cache hit)
542 timing idealTree:node_modules/cross-spawn Completed in 10ms
543 timing idealTree:node_modules/escape-string-regexp Completed in 0ms
544 timing idealTree:node_modules/eslint-plugin-react-hooks Completed in 0ms
545 timing idealTree:node_modules/eslint-plugin-react-refresh Completed in 0ms
546 silly placeDep ROOT esrecurse@4.3.0 OK for: eslint-scope@8.4.0 want: ^4.3.0
547 silly placeDep ROOT estraverse@5.3.0 OK for: eslint-scope@8.4.0 want: ^5.2.0
548 timing idealTree:node_modules/eslint-scope Completed in 3ms
549 timing idealTree:node_modules/eslint-visitor-keys Completed in 0ms
550 silly placeDep ROOT acorn@8.16.0 OK for: espree@10.4.0 want: ^8.15.0
551 silly placeDep ROOT acorn-jsx@5.3.2 OK for: espree@10.4.0 want: ^5.3.2
552 timing idealTree:node_modules/espree Completed in 4ms
553 timing idealTree:node_modules/acorn Completed in 0ms
554 timing idealTree:node_modules/acorn-jsx Completed in 0ms
555 timing idealTree:node_modules/esquery Completed in 0ms
556 timing idealTree:node_modules/esrecurse Completed in 0ms
557 timing idealTree:node_modules/estraverse Completed in 0ms
558 timing idealTree:node_modules/esutils Completed in 0ms
559 timing idealTree:node_modules/fast-deep-equal Completed in 0ms
560 timing idealTree:node_modules/fast-json-stable-stringify Completed in 0ms
561 silly placeDep ROOT flat-cache@4.0.1 OK for: file-entry-cache@8.0.0 want: ^4.0.0
562 silly fetch manifest keyv@^4.5.4
563 silly fetch manifest flatted@^3.2.9
564 http fetch GET 200 https://registry.npmjs.org/flatted 72ms (cache miss)
565 http fetch GET 200 https://registry.npmjs.org/keyv 323ms (cache miss)
566 timing idealTree:node_modules/file-entry-cache Completed in 326ms
567 silly placeDep ROOT locate-path@6.0.0 OK for: find-up@5.0.0 want: ^6.0.0
568 silly fetch manifest p-locate@^5.0.0
569 silly placeDep ROOT path-exists@4.0.0 OK for: find-up@5.0.0 want: ^4.0.0
570 http fetch GET 200 https://registry.npmjs.org/p-locate 1003ms (cache miss)
571 timing idealTree:node_modules/find-up Completed in 1007ms
572 silly placeDep ROOT flatted@3.4.2 OK for: flat-cache@4.0.1 want: ^3.2.9
573 silly placeDep ROOT keyv@4.5.4 OK for: flat-cache@4.0.1 want: ^4.5.4
574 silly fetch manifest json-buffer@3.0.1
575 http fetch GET 200 https://registry.npmjs.org/json-buffer 326ms (cache miss)
576 timing idealTree:node_modules/flat-cache Completed in 329ms
577 timing idealTree:node_modules/flatted Completed in 0ms
578 timing idealTree:node_modules/gensync Completed in 0ms
579 timing idealTree:node_modules/glob-parent Completed in 0ms
580 timing idealTree:node_modules/globals Completed in 0ms
581 timing idealTree:node_modules/ignore Completed in 0ms
582 silly placeDep ROOT parent-module@1.0.1 OK for: import-fresh@3.3.1 want: ^1.0.0
583 silly fetch manifest callsites@^3.0.0
584 silly placeDep ROOT resolve-from@4.0.0 OK for: import-fresh@3.3.1 want: ^4.0.0
585 http fetch GET 200 https://registry.npmjs.org/callsites 12ms (cache hit)
586 timing idealTree:node_modules/import-fresh Completed in 16ms
587 timing idealTree:node_modules/imurmurhash Completed in 0ms
588 silly placeDep ROOT is-extglob@2.1.1 OK for: is-glob@4.0.3 want: ^2.1.1
589 timing idealTree:node_modules/is-glob Completed in 1ms
590 timing idealTree:node_modules/is-extglob Completed in 0ms
591 timing idealTree:node_modules/js-tokens Completed in 0ms
592 silly placeDep ROOT argparse@2.0.1 OK for: js-yaml@4.1.1 want: ^2.0.1
593 timing idealTree:node_modules/js-yaml Completed in 6ms
594 timing idealTree:node_modules/argparse Completed in 0ms
595 timing idealTree:node_modules/jsesc Completed in 0ms
596 timing idealTree:node_modules/json-schema-traverse Completed in 0ms
597 timing idealTree:node_modules/json-stable-stringify-without-jsonify Completed in 0ms
598 timing idealTree:node_modules/json5 Completed in 0ms
599 silly placeDep ROOT json-buffer@3.0.1 OK for: keyv@4.5.4 want: 3.0.1
600 timing idealTree:node_modules/keyv Completed in 3ms
601 timing idealTree:node_modules/json-buffer Completed in 0ms
602 silly placeDep ROOT prelude-ls@1.2.1 OK for: levn@0.4.1 want: ^1.2.1
603 silly placeDep ROOT type-check@0.4.0 OK for: levn@0.4.1 want: ~0.4.0
604 timing idealTree:node_modules/levn Completed in 4ms
605 silly placeDep ROOT p-locate@5.0.0 OK for: locate-path@6.0.0 want: ^5.0.0
606 silly fetch manifest p-limit@^3.0.2
607 http fetch GET 200 https://registry.npmjs.org/p-limit 107ms (cache miss)
608 timing idealTree:node_modules/locate-path Completed in 110ms
609 timing idealTree:node_modules/lodash.merge Completed in 1ms
610 silly placeDep ROOT yallist@3.1.1 OK for: lru-cache@5.1.1 want: ^3.0.2
611 timing idealTree:node_modules/lru-cache Completed in 3ms
612 silly placeDep ROOT brace-expansion@1.1.13 OK for: minimatch@3.1.5 want: ^1.1.7
613 silly fetch manifest concat-map@0.0.1
614 silly fetch manifest balanced-match@^1.0.0
615 http fetch GET 200 https://registry.npmjs.org/concat-map 5ms (cache hit)
616 http fetch GET 200 https://registry.npmjs.org/balanced-match 5ms (cache hit)
617 timing idealTree:node_modules/minimatch Completed in 8ms
618 silly placeDep ROOT balanced-match@1.0.2 OK for: brace-expansion@1.1.13 want: ^1.0.0
619 silly placeDep ROOT concat-map@0.0.1 OK for: brace-expansion@1.1.13 want: 0.0.1
620 timing idealTree:node_modules/brace-expansion Completed in 2ms
621 timing idealTree:node_modules/balanced-match Completed in 0ms
622 timing idealTree:node_modules/concat-map Completed in 0ms
623 timing idealTree:node_modules/ms Completed in 0ms
624 timing idealTree:node_modules/natural-compare Completed in 0ms
625 timing idealTree:node_modules/node-releases Completed in 0ms
626 silly placeDep ROOT deep-is@0.1.4 OK for: optionator@0.9.4 want: ^0.1.3
627 silly placeDep ROOT fast-levenshtein@2.0.6 OK for: optionator@0.9.4 want: ^2.0.6
628 silly placeDep ROOT word-wrap@1.2.5 OK for: optionator@0.9.4 want: ^1.2.5
629 timing idealTree:node_modules/optionator Completed in 6ms
630 timing idealTree:node_modules/deep-is Completed in 0ms
631 timing idealTree:node_modules/fast-levenshtein Completed in 0ms
632 silly placeDep ROOT p-limit@3.1.0 OK for: p-locate@5.0.0 want: ^3.0.2
633 silly fetch manifest yocto-queue@^0.1.0
634 http fetch GET 200 https://registry.npmjs.org/yocto-queue 316ms (cache miss)
635 timing idealTree:node_modules/p-locate Completed in 318ms
636 silly placeDep ROOT yocto-queue@0.1.0 OK for: p-limit@3.1.0 want: ^0.1.0
637 timing idealTree:node_modules/p-limit Completed in 2ms
638 silly placeDep ROOT callsites@3.1.0 OK for: parent-module@1.0.1 want: ^3.0.0
639 timing idealTree:node_modules/parent-module Completed in 1ms
640 timing idealTree:node_modules/callsites Completed in 0ms
641 timing idealTree:node_modules/path-exists Completed in 0ms
642 timing idealTree:node_modules/path-key Completed in 0ms
643 timing idealTree:node_modules/picocolors Completed in 0ms
644 timing idealTree:node_modules/prelude-ls Completed in 0ms
645 silly placeDep ROOT loose-envify@1.4.0 OK for: react@18.3.1 want: ^1.1.0
646 timing idealTree:node_modules/react Completed in 2ms
647 timing idealTree:node_modules/loose-envify Completed in 0ms
648 silly placeDep ROOT scheduler@0.23.2 OK for: react-dom@18.3.1 want: ^0.23.2
649 timing idealTree:node_modules/react-dom Completed in 1ms
650 timing idealTree:node_modules/react-refresh Completed in 0ms
651 timing idealTree:node_modules/resolve-from Completed in 0ms
652 timing idealTree:node_modules/scheduler Completed in 0ms
653 timing idealTree:node_modules/semver Completed in 0ms
654 silly placeDep ROOT shebang-regex@3.0.0 OK for: shebang-command@2.0.0 want: ^3.0.0
655 timing idealTree:node_modules/shebang-command Completed in 1ms
656 timing idealTree:node_modules/shebang-regex Completed in 0ms
657 timing idealTree:node_modules/strip-json-comments Completed in 0ms
658 silly placeDep ROOT has-flag@4.0.0 OK for: supports-color@7.2.0 want: ^4.0.0
659 timing idealTree:node_modules/supports-color Completed in 2ms
660 timing idealTree:node_modules/has-flag Completed in 0ms
661 timing idealTree:node_modules/type-check Completed in 0ms
662 timing idealTree:node_modules/typescript Completed in 0ms
663 silly fetch manifest eslint@^8.57.0 || ^9.0.0 || ^10.0.0
664 silly fetch manifest typescript@>=4.8.4 <6.1.0
665 silly placeDep ROOT @typescript-eslint/eslint-plugin@8.58.1 OK for: typescript-eslint@8.58.1 want: 8.58.1
666 silly placeDep ROOT @typescript-eslint/parser@8.58.1 OK for: @typescript-eslint/eslint-plugin@8.58.1 want: ^8.58.1
667 silly fetch manifest ignore@^7.0.5
668 silly fetch manifest ts-api-utils@^2.5.0
669 silly fetch manifest @typescript-eslint/type-utils@8.58.1
670 silly fetch manifest @typescript-eslint/visitor-keys@8.58.1
671 silly fetch manifest @typescript-eslint/scope-manager@8.58.1
672 silly fetch manifest @typescript-eslint/types@8.58.1
673 silly placeDep ROOT @typescript-eslint/typescript-estree@8.58.1 OK for: typescript-eslint@8.58.1 want: 8.58.1
674 silly fetch manifest semver@^7.7.3
675 silly fetch manifest minimatch@^10.2.2
676 silly fetch manifest tinyglobby@^0.2.15
677 silly fetch manifest @typescript-eslint/tsconfig-utils@8.58.1
678 silly fetch manifest @typescript-eslint/project-service@8.58.1
679 silly placeDep ROOT @typescript-eslint/utils@8.58.1 OK for: typescript-eslint@8.58.1 want: 8.58.1
680 http fetch GET 200 https://registry.npmjs.org/tinyglobby 23ms (cache hit)
681 http fetch GET 200 https://registry.npmjs.org/@typescript-eslint%2ftsconfig-utils 34ms (cache hit)
682 http fetch GET 200 https://registry.npmjs.org/@typescript-eslint%2fvisitor-keys 67ms (cache hit)
683 http fetch GET 200 https://registry.npmjs.org/ts-api-utils 142ms (cache hit)
684 http fetch GET 200 https://registry.npmjs.org/@typescript-eslint%2fscope-manager 161ms (cache hit)
685 http fetch GET 200 https://registry.npmjs.org/@typescript-eslint%2ftype-utils 251ms (cache hit)
686 http fetch GET 200 https://registry.npmjs.org/@typescript-eslint%2fproject-service 295ms (cache hit)
687 http fetch GET 200 https://registry.npmjs.org/@typescript-eslint%2ftypes 316ms (cache hit)
688 timing idealTree:node_modules/typescript-eslint Completed in 371ms
689 silly placeDep ROOT @typescript-eslint/scope-manager@8.58.1 OK for: @typescript-eslint/eslint-plugin@8.58.1 want: 8.58.1
690 silly placeDep ROOT @typescript-eslint/type-utils@8.58.1 OK for: @typescript-eslint/eslint-plugin@8.58.1 want: 8.58.1
691 silly placeDep ROOT @typescript-eslint/visitor-keys@8.58.1 OK for: @typescript-eslint/eslint-plugin@8.58.1 want: 8.58.1
692 silly fetch manifest eslint-visitor-keys@^5.0.0
693 silly placeDep node_modules/@typescript-eslint/eslint-plugin ignore@7.0.5 OK for: @typescript-eslint/eslint-plugin@8.58.1 want: ^7.0.5
694 silly placeDep ROOT ts-api-utils@2.5.0 OK for: @typescript-eslint/eslint-plugin@8.58.1 want: ^2.5.0
695 timing idealTree:node_modules/@typescript-eslint/eslint-plugin Completed in 12ms
696 silly placeDep ROOT @typescript-eslint/types@8.58.1 OK for: @typescript-eslint/parser@8.58.1 want: 8.58.1
697 timing idealTree:node_modules/@typescript-eslint/parser Completed in 2ms
698 timing idealTree:node_modules/@typescript-eslint/scope-manager Completed in 0ms
699 timing idealTree:node_modules/@typescript-eslint/type-utils Completed in 0ms
700 timing idealTree:node_modules/@typescript-eslint/types Completed in 0ms
701 silly placeDep ROOT @typescript-eslint/project-service@8.58.1 OK for: @typescript-eslint/typescript-estree@8.58.1 want: 8.58.1
702 silly fetch manifest @typescript-eslint/tsconfig-utils@^8.58.1
703 silly placeDep ROOT @typescript-eslint/tsconfig-utils@8.58.1 OK for: @typescript-eslint/typescript-estree@8.58.1 want: 8.58.1
704 silly placeDep node_modules/@typescript-eslint/typescript-estree minimatch@10.2.5 OK for: @typescript-eslint/typescript-estree@8.58.1 want: ^10.2.2
705 silly fetch manifest brace-expansion@^5.0.5
706 silly placeDep node_modules/@typescript-eslint/typescript-estree semver@7.7.4 OK for: @typescript-eslint/typescript-estree@8.58.1 want: ^7.7.3
707 silly placeDep ROOT tinyglobby@0.2.16 OK for: @typescript-eslint/typescript-estree@8.58.1 want: ^0.2.15
708 silly fetch manifest fdir@^6.5.0
709 silly fetch manifest picomatch@^4.0.4
710 http fetch GET 200 https://registry.npmjs.org/picomatch 34ms (cache hit)
711 http fetch GET 200 https://registry.npmjs.org/fdir 35ms (cache hit)
712 timing idealTree:node_modules/@typescript-eslint/typescript-estree Completed in 64ms
713 timing idealTree:node_modules/@typescript-eslint/project-service Completed in 1ms
714 timing idealTree:node_modules/@typescript-eslint/tsconfig-utils Completed in 0ms
715 timing idealTree:node_modules/@typescript-eslint/utils Completed in 0ms
716 silly placeDep node_modules/@typescript-eslint/visitor-keys eslint-visitor-keys@5.0.1 OK for: @typescript-eslint/visitor-keys@8.58.1 want: ^5.0.0
717 timing idealTree:node_modules/@typescript-eslint/visitor-keys Completed in 2ms
718 silly placeDep ROOT fdir@6.5.0 OK for: tinyglobby@0.2.16 want: ^6.5.0
719 silly placeDep ROOT picomatch@4.0.4 OK for: tinyglobby@0.2.16 want: ^4.0.4
720 timing idealTree:node_modules/tinyglobby Completed in 4ms
721 timing idealTree:node_modules/fdir Completed in 0ms
722 timing idealTree:node_modules/picomatch Completed in 0ms
723 timing idealTree:node_modules/ts-api-utils Completed in 0ms
724 silly placeDep ROOT escalade@3.2.0 OK for: update-browserslist-db@1.2.3 want: ^3.2.0
725 timing idealTree:node_modules/update-browserslist-db Completed in 1ms
726 timing idealTree:node_modules/escalade Completed in 0ms
727 silly placeDep ROOT punycode@2.3.1 OK for: uri-js@4.4.1 want: ^2.1.0
728 timing idealTree:node_modules/uri-js Completed in 1ms
729 timing idealTree:node_modules/punycode Completed in 0ms
730 silly placeDep ROOT esbuild@0.21.5 OK for: vite@5.4.21 want: ^0.21.3
731 silly fetch manifest @esbuild/aix-ppc64@0.21.5
732 silly fetch manifest @esbuild/linux-arm@0.21.5
733 silly fetch manifest @esbuild/linux-x64@0.21.5
734 silly fetch manifest @esbuild/sunos-x64@0.21.5
735 silly fetch manifest @esbuild/win32-x64@0.21.5
736 silly fetch manifest @esbuild/darwin-x64@0.21.5
737 silly fetch manifest @esbuild/linux-ia32@0.21.5
738 silly fetch manifest @esbuild/netbsd-x64@0.21.5
739 silly fetch manifest @esbuild/win32-ia32@0.21.5
740 silly fetch manifest @esbuild/android-arm@0.21.5
741 silly fetch manifest @esbuild/android-x64@0.21.5
742 silly fetch manifest @esbuild/freebsd-x64@0.21.5
743 silly fetch manifest @esbuild/linux-arm64@0.21.5
744 silly fetch manifest @esbuild/linux-ppc64@0.21.5
745 silly fetch manifest @esbuild/linux-s390x@0.21.5
746 silly fetch manifest @esbuild/openbsd-x64@0.21.5
747 silly fetch manifest @esbuild/win32-arm64@0.21.5
748 silly fetch manifest @esbuild/darwin-arm64@0.21.5
749 silly fetch manifest @esbuild/android-arm64@0.21.5
750 silly fetch manifest @esbuild/freebsd-arm64@0.21.5
751 silly fetch manifest @esbuild/linux-loong64@0.21.5
752 silly fetch manifest @esbuild/linux-riscv64@0.21.5
753 silly fetch manifest @esbuild/linux-mips64el@0.21.5
754 silly placeDep ROOT fsevents@2.3.3 OK for: vite@5.4.21 want: ~2.3.3
755 silly placeDep ROOT postcss@8.5.9 OK for: vite@5.4.21 want: ^8.4.43
756 silly fetch manifest nanoid@^3.3.11
757 silly fetch manifest source-map-js@^1.2.1
758 silly placeDep ROOT rollup@4.60.1 OK for: vite@5.4.21 want: ^4.20.0
759 silly fetch manifest @rollup/rollup-darwin-arm64@4.60.1
760 silly fetch manifest @rollup/rollup-android-arm64@4.60.1
761 silly fetch manifest @rollup/rollup-win32-arm64-msvc@4.60.1
762 silly fetch manifest @rollup/rollup-freebsd-arm64@4.60.1
763 silly fetch manifest @rollup/rollup-linux-arm64-gnu@4.60.1
764 silly fetch manifest @rollup/rollup-linux-arm64-musl@4.60.1
765 silly fetch manifest @rollup/rollup-android-arm-eabi@4.60.1
766 silly fetch manifest @rollup/rollup-linux-arm-gnueabihf@4.60.1
767 silly fetch manifest @rollup/rollup-linux-arm-musleabihf@4.60.1
768 silly fetch manifest @rollup/rollup-win32-ia32-msvc@4.60.1
769 silly fetch manifest @rollup/rollup-linux-loong64-gnu@4.60.1
770 silly fetch manifest @rollup/rollup-linux-loong64-musl@4.60.1
771 silly fetch manifest @rollup/rollup-linux-riscv64-gnu@4.60.1
772 silly fetch manifest @rollup/rollup-linux-riscv64-musl@4.60.1
773 silly fetch manifest @rollup/rollup-linux-ppc64-gnu@4.60.1
774 silly fetch manifest @rollup/rollup-linux-ppc64-musl@4.60.1
775 silly fetch manifest @rollup/rollup-linux-s390x-gnu@4.60.1
776 silly fetch manifest @rollup/rollup-darwin-x64@4.60.1
777 silly fetch manifest @rollup/rollup-win32-x64-gnu@4.60.1
778 silly fetch manifest @rollup/rollup-win32-x64-msvc@4.60.1
779 silly fetch manifest @rollup/rollup-freebsd-x64@4.60.1
780 silly fetch manifest @rollup/rollup-linux-x64-gnu@4.60.1
781 silly fetch manifest @rollup/rollup-linux-x64-musl@4.60.1
782 silly fetch manifest @rollup/rollup-openbsd-x64@4.60.1
783 silly fetch manifest @rollup/rollup-openharmony-arm64@4.60.1
784 http fetch GET 200 https://registry.npmjs.org/@esbuild%2fwin32-ia32 549ms (cache miss)
785 http fetch GET 200 https://registry.npmjs.org/@esbuild%2flinux-ppc64 557ms (cache miss)
786 http fetch GET 200 https://registry.npmjs.org/@esbuild%2flinux-x64 562ms (cache miss)
787 http fetch GET 200 https://registry.npmjs.org/@esbuild%2fsunos-x64 564ms (cache miss)
788 http fetch GET 200 https://registry.npmjs.org/@esbuild%2fdarwin-x64 565ms (cache miss)
789 http fetch GET 200 https://registry.npmjs.org/@esbuild%2flinux-s390x 564ms (cache miss)
790 http fetch GET 200 https://registry.npmjs.org/@esbuild%2flinux-arm64 578ms (cache miss)
791 http fetch GET 200 https://registry.npmjs.org/@esbuild%2flinux-arm 637ms (cache miss)
792 http fetch GET 200 https://registry.npmjs.org/@esbuild%2fopenbsd-x64 641ms (cache miss)
793 http fetch GET 200 https://registry.npmjs.org/@esbuild%2fandroid-arm 650ms (cache miss)
794 http fetch GET 200 https://registry.npmjs.org/@esbuild%2fwin32-x64 652ms (cache miss)
795 http fetch GET 200 https://registry.npmjs.org/@esbuild%2fandroid-x64 654ms (cache miss)
796 http fetch GET 200 https://registry.npmjs.org/@esbuild%2faix-ppc64 666ms (cache miss)
797 http fetch GET 200 https://registry.npmjs.org/@esbuild%2fnetbsd-x64 729ms (cache miss)
798 http fetch GET 200 https://registry.npmjs.org/@esbuild%2ffreebsd-x64 738ms (cache miss)
799 http fetch GET 200 https://registry.npmjs.org/@esbuild%2flinux-ia32 747ms (cache miss)
800 http fetch GET 200 https://registry.npmjs.org/@esbuild%2ffreebsd-arm64 776ms (cache miss)
801 http fetch GET 200 https://registry.npmjs.org/@esbuild%2fdarwin-arm64 782ms (cache miss)
802 http fetch GET 200 https://registry.npmjs.org/@rollup%2frollup-android-arm64 800ms (cache miss)
803 http fetch GET 200 https://registry.npmjs.org/@esbuild%2flinux-mips64el 813ms (cache miss)
804 http fetch GET 200 https://registry.npmjs.org/nanoid 1046ms (cache miss)
805 http fetch GET 200 https://registry.npmjs.org/@esbuild%2flinux-riscv64 1055ms (cache miss)
806 http fetch GET 200 https://registry.npmjs.org/@esbuild%2fwin32-arm64 1057ms (cache miss)
807 http fetch GET 200 https://registry.npmjs.org/@rollup%2frollup-win32-arm64-msvc 1052ms (cache miss)
808 http fetch GET 200 https://registry.npmjs.org/@esbuild%2flinux-loong64 1060ms (cache miss)
809 http fetch GET 200 https://registry.npmjs.org/@esbuild%2fandroid-arm64 1063ms (cache miss)
810 http fetch GET 200 https://registry.npmjs.org/@rollup%2frollup-darwin-arm64 1057ms (cache miss)
811 http fetch GET 200 https://registry.npmjs.org/@rollup%2frollup-win32-ia32-msvc 1106ms (cache miss)
812 http fetch GET 200 https://registry.npmjs.org/@rollup%2frollup-freebsd-arm64 1113ms (cache miss)
813 http fetch GET 200 https://registry.npmjs.org/@rollup%2frollup-linux-arm64-gnu 1193ms (cache miss)
814 http fetch GET 200 https://registry.npmjs.org/@rollup%2frollup-linux-ppc64-musl 1204ms (cache miss)
815 http fetch GET 200 https://registry.npmjs.org/@rollup%2frollup-linux-arm-gnueabihf 1237ms (cache miss)
816 http fetch GET 200 https://registry.npmjs.org/@rollup%2frollup-linux-s390x-gnu 1313ms (cache miss)
817 http fetch GET 200 https://registry.npmjs.org/@rollup%2frollup-linux-arm-musleabihf 1324ms (cache miss)
818 http fetch GET 200 https://registry.npmjs.org/@rollup%2frollup-linux-arm64-musl 1407ms (cache miss)
819 http fetch GET 200 https://registry.npmjs.org/source-map-js 1423ms (cache miss)
820 http fetch GET 200 https://registry.npmjs.org/@rollup%2frollup-linux-ppc64-gnu 1431ms (cache miss)
821 http fetch GET 200 https://registry.npmjs.org/@rollup%2frollup-linux-loong64-gnu 1472ms (cache miss)
822 http fetch GET 200 https://registry.npmjs.org/@rollup%2frollup-linux-loong64-musl 1482ms (cache miss)
823 http fetch GET 200 https://registry.npmjs.org/@rollup%2frollup-openharmony-arm64 1486ms (cache miss)
824 http fetch GET 200 https://registry.npmjs.org/@rollup%2frollup-android-arm-eabi 1527ms (cache miss)
825 http fetch GET 200 https://registry.npmjs.org/@rollup%2frollup-win32-x64-msvc 1554ms (cache miss)
826 http fetch GET 200 https://registry.npmjs.org/@rollup%2frollup-freebsd-x64 1556ms (cache miss)
827 http fetch GET 200 https://registry.npmjs.org/@rollup%2frollup-darwin-x64 1558ms (cache miss)
828 http fetch GET 200 https://registry.npmjs.org/@rollup%2frollup-linux-x64-gnu 1558ms (cache miss)
829 http fetch GET 200 https://registry.npmjs.org/@rollup%2frollup-linux-x64-musl 1627ms (cache miss)
830 http fetch GET 200 https://registry.npmjs.org/@rollup%2frollup-linux-riscv64-gnu 1642ms (cache miss)
831 http fetch GET 200 https://registry.npmjs.org/@rollup%2frollup-openbsd-x64 1643ms (cache miss)
832 http fetch GET 200 https://registry.npmjs.org/@rollup%2frollup-linux-riscv64-musl 1694ms (cache miss)
833 http fetch GET 200 https://registry.npmjs.org/@rollup%2frollup-win32-x64-gnu 1754ms (cache miss)
834 timing idealTree:node_modules/vite Completed in 1774ms
835 silly placeDep ROOT @esbuild/aix-ppc64@0.21.5 OK for: esbuild@0.21.5 want: 0.21.5
836 silly placeDep ROOT @esbuild/android-arm@0.21.5 OK for: esbuild@0.21.5 want: 0.21.5
837 silly placeDep ROOT @esbuild/android-arm64@0.21.5 OK for: esbuild@0.21.5 want: 0.21.5
838 silly placeDep ROOT @esbuild/android-x64@0.21.5 OK for: esbuild@0.21.5 want: 0.21.5
839 silly placeDep ROOT @esbuild/darwin-arm64@0.21.5 OK for: esbuild@0.21.5 want: 0.21.5
840 silly placeDep ROOT @esbuild/darwin-x64@0.21.5 OK for: esbuild@0.21.5 want: 0.21.5
841 silly placeDep ROOT @esbuild/freebsd-arm64@0.21.5 OK for: esbuild@0.21.5 want: 0.21.5
842 silly placeDep ROOT @esbuild/freebsd-x64@0.21.5 OK for: esbuild@0.21.5 want: 0.21.5
843 silly placeDep ROOT @esbuild/linux-arm@0.21.5 OK for: esbuild@0.21.5 want: 0.21.5
844 silly placeDep ROOT @esbuild/linux-arm64@0.21.5 OK for: esbuild@0.21.5 want: 0.21.5
845 silly placeDep ROOT @esbuild/linux-ia32@0.21.5 OK for: esbuild@0.21.5 want: 0.21.5
846 silly placeDep ROOT @esbuild/linux-loong64@0.21.5 OK for: esbuild@0.21.5 want: 0.21.5
847 silly placeDep ROOT @esbuild/linux-mips64el@0.21.5 OK for: esbuild@0.21.5 want: 0.21.5
848 silly placeDep ROOT @esbuild/linux-ppc64@0.21.5 OK for: esbuild@0.21.5 want: 0.21.5
849 silly placeDep ROOT @esbuild/linux-riscv64@0.21.5 OK for: esbuild@0.21.5 want: 0.21.5
850 silly placeDep ROOT @esbuild/linux-s390x@0.21.5 OK for: esbuild@0.21.5 want: 0.21.5
851 silly placeDep ROOT @esbuild/linux-x64@0.21.5 OK for: esbuild@0.21.5 want: 0.21.5
852 silly placeDep ROOT @esbuild/netbsd-x64@0.21.5 OK for: esbuild@0.21.5 want: 0.21.5
853 silly placeDep ROOT @esbuild/openbsd-x64@0.21.5 OK for: esbuild@0.21.5 want: 0.21.5
854 silly placeDep ROOT @esbuild/sunos-x64@0.21.5 OK for: esbuild@0.21.5 want: 0.21.5
855 silly placeDep ROOT @esbuild/win32-arm64@0.21.5 OK for: esbuild@0.21.5 want: 0.21.5
856 silly placeDep ROOT @esbuild/win32-ia32@0.21.5 OK for: esbuild@0.21.5 want: 0.21.5
857 silly placeDep ROOT @esbuild/win32-x64@0.21.5 OK for: esbuild@0.21.5 want: 0.21.5
858 timing idealTree:node_modules/esbuild Completed in 29ms
859 timing idealTree:node_modules/@esbuild/aix-ppc64 Completed in 0ms
860 timing idealTree:node_modules/@esbuild/android-arm Completed in 0ms
861 timing idealTree:node_modules/@esbuild/android-arm64 Completed in 0ms
862 timing idealTree:node_modules/@esbuild/android-x64 Completed in 0ms
863 timing idealTree:node_modules/@esbuild/darwin-arm64 Completed in 0ms
864 timing idealTree:node_modules/@esbuild/darwin-x64 Completed in 0ms
865 timing idealTree:node_modules/@esbuild/freebsd-arm64 Completed in 0ms
866 timing idealTree:node_modules/@esbuild/freebsd-x64 Completed in 0ms
867 timing idealTree:node_modules/@esbuild/linux-arm Completed in 0ms
868 timing idealTree:node_modules/@esbuild/linux-arm64 Completed in 0ms
869 timing idealTree:node_modules/@esbuild/linux-ia32 Completed in 0ms
870 timing idealTree:node_modules/@esbuild/linux-loong64 Completed in 0ms
871 timing idealTree:node_modules/@esbuild/linux-mips64el Completed in 0ms
872 timing idealTree:node_modules/@esbuild/linux-ppc64 Completed in 0ms
873 timing idealTree:node_modules/@esbuild/linux-riscv64 Completed in 0ms
874 timing idealTree:node_modules/@esbuild/linux-s390x Completed in 0ms
875 timing idealTree:node_modules/@esbuild/linux-x64 Completed in 1ms
876 timing idealTree:node_modules/@esbuild/netbsd-x64 Completed in 0ms
877 timing idealTree:node_modules/@esbuild/openbsd-x64 Completed in 0ms
878 timing idealTree:node_modules/@esbuild/sunos-x64 Completed in 0ms
879 timing idealTree:node_modules/@esbuild/win32-arm64 Completed in 0ms
880 timing idealTree:node_modules/@esbuild/win32-ia32 Completed in 0ms
881 timing idealTree:node_modules/@esbuild/win32-x64 Completed in 0ms
882 timing idealTree:node_modules/fsevents Completed in 0ms
883 silly placeDep ROOT nanoid@3.3.11 OK for: postcss@8.5.9 want: ^3.3.11
884 silly placeDep ROOT source-map-js@1.2.1 OK for: postcss@8.5.9 want: ^1.2.1
885 timing idealTree:node_modules/postcss Completed in 2ms
886 timing idealTree:node_modules/nanoid Completed in 0ms
887 silly placeDep ROOT @rollup/rollup-android-arm-eabi@4.60.1 OK for: rollup@4.60.1 want: 4.60.1
888 silly placeDep ROOT @rollup/rollup-android-arm64@4.60.1 OK for: rollup@4.60.1 want: 4.60.1
889 silly placeDep ROOT @rollup/rollup-darwin-arm64@4.60.1 OK for: rollup@4.60.1 want: 4.60.1
890 silly placeDep ROOT @rollup/rollup-darwin-x64@4.60.1 OK for: rollup@4.60.1 want: 4.60.1
891 silly placeDep ROOT @rollup/rollup-freebsd-arm64@4.60.1 OK for: rollup@4.60.1 want: 4.60.1
892 silly placeDep ROOT @rollup/rollup-freebsd-x64@4.60.1 OK for: rollup@4.60.1 want: 4.60.1
893 silly placeDep ROOT @rollup/rollup-linux-arm-gnueabihf@4.60.1 OK for: rollup@4.60.1 want: 4.60.1
894 silly placeDep ROOT @rollup/rollup-linux-arm-musleabihf@4.60.1 OK for: rollup@4.60.1 want: 4.60.1
895 silly placeDep ROOT @rollup/rollup-linux-arm64-gnu@4.60.1 OK for: rollup@4.60.1 want: 4.60.1
896 silly placeDep ROOT @rollup/rollup-linux-arm64-musl@4.60.1 OK for: rollup@4.60.1 want: 4.60.1
897 silly placeDep ROOT @rollup/rollup-linux-loong64-gnu@4.60.1 OK for: rollup@4.60.1 want: 4.60.1
898 silly placeDep ROOT @rollup/rollup-linux-loong64-musl@4.60.1 OK for: rollup@4.60.1 want: 4.60.1
899 silly placeDep ROOT @rollup/rollup-linux-ppc64-gnu@4.60.1 OK for: rollup@4.60.1 want: 4.60.1
900 silly placeDep ROOT @rollup/rollup-linux-ppc64-musl@4.60.1 OK for: rollup@4.60.1 want: 4.60.1
901 silly placeDep ROOT @rollup/rollup-linux-riscv64-gnu@4.60.1 OK for: rollup@4.60.1 want: 4.60.1
902 silly placeDep ROOT @rollup/rollup-linux-riscv64-musl@4.60.1 OK for: rollup@4.60.1 want: 4.60.1
903 silly placeDep ROOT @rollup/rollup-linux-s390x-gnu@4.60.1 OK for: rollup@4.60.1 want: 4.60.1
904 silly placeDep ROOT @rollup/rollup-linux-x64-gnu@4.60.1 OK for: rollup@4.60.1 want: 4.60.1
905 silly placeDep ROOT @rollup/rollup-linux-x64-musl@4.60.1 OK for: rollup@4.60.1 want: 4.60.1
906 silly placeDep ROOT @rollup/rollup-openbsd-x64@4.60.1 OK for: rollup@4.60.1 want: 4.60.1
907 silly placeDep ROOT @rollup/rollup-openharmony-arm64@4.60.1 OK for: rollup@4.60.1 want: 4.60.1
908 silly placeDep ROOT @rollup/rollup-win32-arm64-msvc@4.60.1 OK for: rollup@4.60.1 want: 4.60.1
909 silly placeDep ROOT @rollup/rollup-win32-ia32-msvc@4.60.1 OK for: rollup@4.60.1 want: 4.60.1
910 silly placeDep ROOT @rollup/rollup-win32-x64-gnu@4.60.1 OK for: rollup@4.60.1 want: 4.60.1
911 silly placeDep ROOT @rollup/rollup-win32-x64-msvc@4.60.1 OK for: rollup@4.60.1 want: 4.60.1
912 timing idealTree:node_modules/rollup Completed in 29ms
913 timing idealTree:node_modules/@rollup/rollup-android-arm-eabi Completed in 0ms
914 timing idealTree:node_modules/@rollup/rollup-android-arm64 Completed in 0ms
915 timing idealTree:node_modules/@rollup/rollup-darwin-arm64 Completed in 0ms
916 timing idealTree:node_modules/@rollup/rollup-darwin-x64 Completed in 0ms
917 timing idealTree:node_modules/@rollup/rollup-freebsd-arm64 Completed in 0ms
918 timing idealTree:node_modules/@rollup/rollup-freebsd-x64 Completed in 0ms
919 timing idealTree:node_modules/@rollup/rollup-linux-arm-gnueabihf Completed in 0ms
920 timing idealTree:node_modules/@rollup/rollup-linux-arm-musleabihf Completed in 0ms
921 timing idealTree:node_modules/@rollup/rollup-linux-arm64-gnu Completed in 0ms
922 timing idealTree:node_modules/@rollup/rollup-linux-arm64-musl Completed in 0ms
923 timing idealTree:node_modules/@rollup/rollup-linux-loong64-gnu Completed in 0ms
924 timing idealTree:node_modules/@rollup/rollup-linux-loong64-musl Completed in 0ms
925 timing idealTree:node_modules/@rollup/rollup-linux-ppc64-gnu Completed in 0ms
926 timing idealTree:node_modules/@rollup/rollup-linux-ppc64-musl Completed in 0ms
927 timing idealTree:node_modules/@rollup/rollup-linux-riscv64-gnu Completed in 0ms
928 timing idealTree:node_modules/@rollup/rollup-linux-riscv64-musl Completed in 0ms
929 timing idealTree:node_modules/@rollup/rollup-linux-s390x-gnu Completed in 0ms
930 timing idealTree:node_modules/@rollup/rollup-linux-x64-gnu Completed in 0ms
931 timing idealTree:node_modules/@rollup/rollup-linux-x64-musl Completed in 0ms
932 timing idealTree:node_modules/@rollup/rollup-openbsd-x64 Completed in 0ms
933 timing idealTree:node_modules/@rollup/rollup-openharmony-arm64 Completed in 0ms
934 timing idealTree:node_modules/@rollup/rollup-win32-arm64-msvc Completed in 0ms
935 timing idealTree:node_modules/@rollup/rollup-win32-ia32-msvc Completed in 1ms
936 timing idealTree:node_modules/@rollup/rollup-win32-x64-gnu Completed in 0ms
937 timing idealTree:node_modules/@rollup/rollup-win32-x64-msvc Completed in 0ms
938 timing idealTree:node_modules/source-map-js Completed in 0ms
939 silly placeDep ROOT isexe@2.0.0 OK for: which@2.0.2 want: ^2.0.0
940 timing idealTree:node_modules/which Completed in 1ms
941 timing idealTree:node_modules/isexe Completed in 0ms
942 timing idealTree:node_modules/word-wrap Completed in 0ms
943 timing idealTree:node_modules/yallist Completed in 0ms
944 timing idealTree:node_modules/yocto-queue Completed in 0ms
945 timing idealTree:node_modules/@eslint-community/eslint-utils/node_modules/eslint-visitor-keys Completed in 0ms
946 timing idealTree:node_modules/@eslint/eslintrc/node_modules/globals Completed in 0ms
947 timing idealTree:node_modules/@typescript-eslint/eslint-plugin/node_modules/ignore Completed in 0ms
948 silly placeDep node_modules/@typescript-eslint/typescript-estree brace-expansion@5.0.5 OK for: minimatch@10.2.5 want: ^5.0.5
949 silly fetch manifest balanced-match@^4.0.2
950 timing idealTree:node_modules/@typescript-eslint/typescript-estree/node_modules/minimatch Completed in 2ms
951 silly placeDep node_modules/@typescript-eslint/typescript-estree balanced-match@4.0.4 OK for: brace-expansion@5.0.5 want: ^4.0.2
952 timing idealTree:node_modules/@typescript-eslint/typescript-estree/node_modules/brace-expansion Completed in 2ms
953 timing idealTree:node_modules/@typescript-eslint/typescript-estree/node_modules/balanced-match Completed in 0ms
954 timing idealTree:node_modules/@typescript-eslint/typescript-estree/node_modules/semver Completed in 0ms
955 timing idealTree:node_modules/@typescript-eslint/visitor-keys/node_modules/eslint-visitor-keys Completed in 0ms
956 timing idealTree:buildDeps Completed in 27573ms
957 timing idealTree:fixDepFlags Completed in 3ms
958 warn EBADENGINE Unsupported engine {
958 warn EBADENGINE   package: 'minimatch@10.2.5',
958 warn EBADENGINE   required: { node: '18 || 20 || >=22' },
958 warn EBADENGINE   current: { node: 'v21.6.1', npm: '10.2.4' }
958 warn EBADENGINE }
959 warn EBADENGINE Unsupported engine {
959 warn EBADENGINE   package: 'eslint-visitor-keys@5.0.1',
959 warn EBADENGINE   required: { node: '^20.19.0 || ^22.13.0 || >=24' },
959 warn EBADENGINE   current: { node: 'v21.6.1', npm: '10.2.4' }
959 warn EBADENGINE }
960 warn EBADENGINE Unsupported engine {
960 warn EBADENGINE   package: 'brace-expansion@5.0.5',
960 warn EBADENGINE   required: { node: '18 || 20 || >=22' },
960 warn EBADENGINE   current: { node: 'v21.6.1', npm: '10.2.4' }
960 warn EBADENGINE }
961 warn EBADENGINE Unsupported engine {
961 warn EBADENGINE   package: 'balanced-match@4.0.4',
961 warn EBADENGINE   required: { node: '18 || 20 || >=22' },
961 warn EBADENGINE   current: { node: 'v21.6.1', npm: '10.2.4' }
961 warn EBADENGINE }
962 timing idealTree Completed in 27598ms
963 timing reify:loadTrees Completed in 27600ms
964 timing reify:diffTrees Completed in 3ms
965 silly reify moves {}
966 timing reify:retireShallow Completed in 0ms
967 timing reify:createSparse Completed in 33ms
968 timing reify:loadBundles Completed in 0ms
969 silly audit bulk request {
969 silly audit   '@eslint/js': [ '9.39.4' ],
969 silly audit   '@types/react': [ '18.3.28' ],
969 silly audit   '@types/react-dom': [ '18.3.7' ],
969 silly audit   '@vitejs/plugin-react': [ '4.7.0' ],
969 silly audit   vite: [ '5.4.21' ],
969 silly audit   eslint: [ '9.39.4' ],
969 silly audit   'eslint-plugin-react-hooks': [ '5.2.0' ],
969 silly audit   'eslint-plugin-react-refresh': [ '0.4.26' ],
969 silly audit   globals: [ '15.15.0', '14.0.0' ],
969 silly audit   react: [ '18.3.1' ],
969 silly audit   'react-dom': [ '18.3.1' ],
969 silly audit   typescript: [ '5.6.3' ],
969 silly audit   'typescript-eslint': [ '8.58.1' ],
969 silly audit   '@types/prop-types': [ '15.7.15' ],
969 silly audit   csstype: [ '3.2.3' ],
969 silly audit   '@babel/core': [ '7.29.0' ],
969 silly audit   '@babel/plugin-transform-react-jsx-self': [ '7.27.1' ],
969 silly audit   '@babel/plugin-transform-react-jsx-source': [ '7.27.1' ],
969 silly audit   '@rolldown/pluginutils': [ '1.0.0-beta.27' ],
969 silly audit   '@types/babel__core': [ '7.20.5' ],
969 silly audit   'react-refresh': [ '0.17.0' ],
969 silly audit   '@babel/code-frame': [ '7.29.0' ],
969 silly audit   '@babel/generator': [ '7.29.1' ],
969 silly audit   '@babel/helper-compilation-targets': [ '7.28.6' ],
969 silly audit   '@babel/helper-module-transforms': [ '7.28.6' ],
969 silly audit   '@babel/helpers': [ '7.29.2' ],
969 silly audit   '@babel/parser': [ '7.29.2' ],
969 silly audit   '@babel/template': [ '7.28.6' ],
969 silly audit   '@babel/traverse': [ '7.29.0' ],
969 silly audit   '@babel/types': [ '7.29.0' ],
969 silly audit   '@jridgewell/remapping': [ '2.3.5' ],
969 silly audit   'convert-source-map': [ '2.0.0' ],
969 silly audit   debug: [ '4.4.3' ],
969 silly audit   gensync: [ '1.0.0-beta.2' ],
969 silly audit   json5: [ '2.2.3' ],
969 silly audit   semver: [ '6.3.1', '7.7.4' ],
969 silly audit   '@babel/helper-validator-identifier': [ '7.28.5' ],
969 silly audit   'js-tokens': [ '4.0.0' ],
969 silly audit   picocolors: [ '1.1.1' ],
969 silly audit   '@jridgewell/gen-mapping': [ '0.3.13' ],
969 silly audit   '@jridgewell/trace-mapping': [ '0.3.31' ],
969 silly audit   jsesc: [ '3.1.0' ],
969 silly audit   '@babel/compat-data': [ '7.29.0' ],
969 silly audit   '@babel/helper-validator-option': [ '7.27.1' ],
969 silly audit   browserslist: [ '4.28.2' ],
969 silly audit   'lru-cache': [ '5.1.1' ],
969 silly audit   '@babel/helper-module-imports': [ '7.28.6' ],
969 silly audit   '@babel/helper-plugin-utils': [ '7.28.6' ],
969 silly audit   '@babel/helper-globals': [ '7.28.0' ],
969 silly audit   '@babel/helper-string-parser': [ '7.27.1' ],
969 silly audit   '@jridgewell/sourcemap-codec': [ '1.5.5' ],
969 silly audit   '@jridgewell/resolve-uri': [ '3.1.2' ],
969 silly audit   '@types/babel__generator': [ '7.27.0' ],
969 silly audit   '@types/babel__template': [ '7.4.4' ],
969 silly audit   '@types/babel__traverse': [ '7.28.0' ],
969 silly audit   'baseline-browser-mapping': [ '2.10.16' ],
969 silly audit   'caniuse-lite': [ '1.0.30001787' ],
969 silly audit   'electron-to-chromium': [ '1.5.334' ],
969 silly audit   'node-releases': [ '2.0.37' ],
969 silly audit   'update-browserslist-db': [ '1.2.3' ],
969 silly audit   ms: [ '2.1.3' ],
969 silly audit   '@eslint-community/eslint-utils': [ '4.9.1' ],
969 silly audit   '@eslint-community/regexpp': [ '4.12.2' ],
969 silly audit   '@eslint/config-array': [ '0.21.2' ],
969 silly audit   '@eslint/config-helpers': [ '0.4.2' ],
969 silly audit   '@eslint/core': [ '0.17.0' ],
969 silly audit   '@eslint/eslintrc': [ '3.3.5' ],
969 silly audit   '@eslint/plugin-kit': [ '0.4.1' ],
969 silly audit   '@humanfs/node': [ '0.16.7' ],
969 silly audit   '@humanwhocodes/module-importer': [ '1.0.1' ],
969 silly audit   '@humanwhocodes/retry': [ '0.4.3' ],
969 silly audit   '@types/estree': [ '1.0.8' ],
969 silly audit   ajv: [ '6.14.0' ],
969 silly audit   chalk: [ '4.1.2' ],
969 silly audit   'cross-spawn': [ '7.0.6' ],
969 silly audit   'escape-string-regexp': [ '4.0.0' ],
969 silly audit   'eslint-scope': [ '8.4.0' ],
969 silly audit   'eslint-visitor-keys': [ '4.2.1', '3.4.3', '5.0.1' ],
969 silly audit   espree: [ '10.4.0' ],
969 silly audit   esquery: [ '1.7.0' ],
969 silly audit   esutils: [ '2.0.3' ],
969 silly audit   'fast-deep-equal': [ '3.1.3' ],
969 silly audit   'file-entry-cache': [ '8.0.0' ],
969 silly audit   'find-up': [ '5.0.0' ],
969 silly audit   'glob-parent': [ '6.0.2' ],
969 silly audit   ignore: [ '5.3.2', '7.0.5' ],
969 silly audit   imurmurhash: [ '0.1.4' ],
969 silly audit   'is-glob': [ '4.0.3' ],
969 silly audit   'json-stable-stringify-without-jsonify': [ '1.0.1' ],
969 silly audit   'lodash.merge': [ '4.6.2' ],
969 silly audit   minimatch: [ '3.1.5', '10.2.5' ],
969 silly audit   'natural-compare': [ '1.4.0' ],
969 silly audit   optionator: [ '0.9.4' ],
969 silly audit   '@eslint/object-schema': [ '2.1.7' ],
969 silly audit   '@types/json-schema': [ '7.0.15' ],
969 silly audit   'import-fresh': [ '3.3.1' ],
969 silly audit   'js-yaml': [ '4.1.1' ],
969 silly audit   'strip-json-comments': [ '3.1.1' ],
969 silly audit   levn: [ '0.4.1' ],
969 silly audit   '@humanfs/core': [ '0.19.1' ],
969 silly audit   'fast-json-stable-stringify': [ '2.1.0' ],
969 silly audit   'json-schema-traverse': [ '0.4.1' ],
969 silly audit   'uri-js': [ '4.4.1' ],
969 silly audit   'ansi-styles': [ '4.3.0' ],
969 silly audit   'supports-color': [ '7.2.0' ],
969 silly audit   'color-convert': [ '2.0.1' ],
969 silly audit   'color-name': [ '1.1.4' ],
969 silly audit   'path-key': [ '3.1.1' ],
969 silly audit   'shebang-command': [ '2.0.0' ],
969 silly audit   which: [ '2.0.2' ],
969 silly audit   esrecurse: [ '4.3.0' ],
969 silly audit   estraverse: [ '5.3.0' ],
969 silly audit   acorn: [ '8.16.0' ],
969 silly audit   'acorn-jsx': [ '5.3.2' ],
969 silly audit   'flat-cache': [ '4.0.1' ],
969 silly audit   'locate-path': [ '6.0.0' ],
969 silly audit   'path-exists': [ '4.0.0' ],
969 silly audit   flatted: [ '3.4.2' ],
969 silly audit   keyv: [ '4.5.4' ],
969 silly audit   'parent-module': [ '1.0.1' ],
969 silly audit   'resolve-from': [ '4.0.0' ],
969 silly audit   'is-extglob': [ '2.1.1' ],
969 silly audit   argparse: [ '2.0.1' ],
969 silly audit   'json-buffer': [ '3.0.1' ],
969 silly audit   'prelude-ls': [ '1.2.1' ],
969 silly audit   'type-check': [ '0.4.0' ],
969 silly audit   'p-locate': [ '5.0.0' ],
969 silly audit   yallist: [ '3.1.1' ],
969 silly audit   'brace-expansion': [ '1.1.13', '5.0.5' ],
969 silly audit   'balanced-match': [ '1.0.2', '4.0.4' ],
969 silly audit   'concat-map': [ '0.0.1' ],
969 silly audit   'deep-is': [ '0.1.4' ],
969 silly audit   'fast-levenshtein': [ '2.0.6' ],
969 silly audit   'word-wrap': [ '1.2.5' ],
969 silly audit   'p-limit': [ '3.1.0' ],
969 silly audit   'yocto-queue': [ '0.1.0' ],
969 silly audit   callsites: [ '3.1.0' ],
969 silly audit   'loose-envify': [ '1.4.0' ],
969 silly audit   scheduler: [ '0.23.2' ],
969 silly audit   'shebang-regex': [ '3.0.0' ],
969 silly audit   'has-flag': [ '4.0.0' ],
969 silly audit   '@typescript-eslint/eslint-plugin': [ '8.58.1' ],
969 silly audit   '@typescript-eslint/parser': [ '8.58.1' ],
969 silly audit   '@typescript-eslint/typescript-estree': [ '8.58.1' ],
969 silly audit   '@typescript-eslint/utils': [ '8.58.1' ],
969 silly audit   '@typescript-eslint/scope-manager': [ '8.58.1' ],
969 silly audit   '@typescript-eslint/type-utils': [ '8.58.1' ],
969 silly audit   '@typescript-eslint/visitor-keys': [ '8.58.1' ],
969 silly audit   'ts-api-utils': [ '2.5.0' ],
969 silly audit   '@typescript-eslint/types': [ '8.58.1' ],
969 silly audit   '@typescript-eslint/project-service': [ '8.58.1' ],
969 silly audit   '@typescript-eslint/tsconfig-utils': [ '8.58.1' ],
969 silly audit   tinyglobby: [ '0.2.16' ],
969 silly audit   fdir: [ '6.5.0' ],
969 silly audit   picomatch: [ '4.0.4' ],
969 silly audit   escalade: [ '3.2.0' ],
969 silly audit   punycode: [ '2.3.1' ],
969 silly audit   esbuild: [ '0.21.5' ],
969 silly audit   fsevents: [ '2.3.3' ],
969 silly audit   postcss: [ '8.5.9' ],
969 silly audit   rollup: [ '4.60.1' ],
969 silly audit   '@esbuild/aix-ppc64': [ '0.21.5' ],
969 silly audit   '@esbuild/android-arm': [ '0.21.5' ],
969 silly audit   '@esbuild/android-arm64': [ '0.21.5' ],
969 silly audit   '@esbuild/android-x64': [ '0.21.5' ],
969 silly audit   '@esbuild/darwin-arm64': [ '0.21.5' ],
969 silly audit   '@esbuild/darwin-x64': [ '0.21.5' ],
969 silly audit   '@esbuild/freebsd-arm64': [ '0.21.5' ],
969 silly audit   '@esbuild/freebsd-x64': [ '0.21.5' ],
969 silly audit   '@esbuild/linux-arm': [ '0.21.5' ],
969 silly audit   '@esbuild/linux-arm64': [ '0.21.5' ],
969 silly audit   '@esbuild/linux-ia32': [ '0.21.5' ],
969 silly audit   '@esbuild/linux-loong64': [ '0.21.5' ],
969 silly audit   '@esbuild/linux-mips64el': [ '0.21.5' ],
969 silly audit   '@esbuild/linux-ppc64': [ '0.21.5' ],
969 silly audit   '@esbuild/linux-riscv64': [ '0.21.5' ],
969 silly audit   '@esbuild/linux-s390x': [ '0.21.5' ],
969 silly audit   '@esbuild/linux-x64': [ '0.21.5' ],
969 silly audit   '@esbuild/netbsd-x64': [ '0.21.5' ],
969 silly audit   '@esbuild/openbsd-x64': [ '0.21.5' ],
969 silly audit   '@esbuild/sunos-x64': [ '0.21.5' ],
969 silly audit   '@esbuild/win32-arm64': [ '0.21.5' ],
969 silly audit   '@esbuild/win32-ia32': [ '0.21.5' ],
969 silly audit   '@esbuild/win32-x64': [ '0.21.5' ],
969 silly audit   nanoid: [ '3.3.11' ],
969 silly audit   'source-map-js': [ '1.2.1' ],
969 silly audit   '@rollup/rollup-android-arm-eabi': [ '4.60.1' ],
969 silly audit   '@rollup/rollup-android-arm64': [ '4.60.1' ],
969 silly audit   '@rollup/rollup-darwin-arm64': [ '4.60.1' ],
969 silly audit   '@rollup/rollup-darwin-x64': [ '4.60.1' ],
969 silly audit   '@rollup/rollup-freebsd-arm64': [ '4.60.1' ],
969 silly audit   '@rollup/rollup-freebsd-x64': [ '4.60.1' ],
969 silly audit   '@rollup/rollup-linux-arm-gnueabihf': [ '4.60.1' ],
969 silly audit   '@rollup/rollup-linux-arm-musleabihf': [ '4.60.1' ],
969 silly audit   '@rollup/rollup-linux-arm64-gnu': [ '4.60.1' ],
969 silly audit   '@rollup/rollup-linux-arm64-musl': [ '4.60.1' ],
969 silly audit   '@rollup/rollup-linux-loong64-gnu': [ '4.60.1' ],
969 silly audit   '@rollup/rollup-linux-loong64-musl': [ '4.60.1' ],
969 silly audit   '@rollup/rollup-linux-ppc64-gnu': [ '4.60.1' ],
969 silly audit   '@rollup/rollup-linux-ppc64-musl': [ '4.60.1' ],
969 silly audit   '@rollup/rollup-linux-riscv64-gnu': [ '4.60.1' ],
969 silly audit   '@rollup/rollup-linux-riscv64-musl': [ '4.60.1' ],
969 silly audit   '@rollup/rollup-linux-s390x-gnu': [ '4.60.1' ],
969 silly audit   '@rollup/rollup-linux-x64-gnu': [ '4.60.1' ],
969 silly audit   '@rollup/rollup-linux-x64-musl': [ '4.60.1' ],
969 silly audit   '@rollup/rollup-openbsd-x64': [ '4.60.1' ],
969 silly audit   '@rollup/rollup-openharmony-arm64': [ '4.60.1' ],
969 silly audit   '@rollup/rollup-win32-arm64-msvc': [ '4.60.1' ],
969 silly audit   '@rollup/rollup-win32-ia32-msvc': [ '4.60.1' ],
969 silly audit   '@rollup/rollup-win32-x64-gnu': [ '4.60.1' ],
969 silly audit   '@rollup/rollup-win32-x64-msvc': [ '4.60.1' ],
969 silly audit   isexe: [ '2.0.0' ]
969 silly audit }
970 verbose reify failed optional dependency /Users/mr.akpini/Desktop/urban-kicks/frontend/node_modules/@rollup/rollup-win32-x64-msvc
971 silly reify mark deleted [
971 silly reify   '/Users/mr.akpini/Desktop/urban-kicks/frontend/node_modules/@rollup/rollup-win32-x64-msvc'
971 silly reify ]
972 verbose reify failed optional dependency /Users/mr.akpini/Desktop/urban-kicks/frontend/node_modules/@rollup/rollup-win32-x64-gnu
973 silly reify mark deleted [
973 silly reify   '/Users/mr.akpini/Desktop/urban-kicks/frontend/node_modules/@rollup/rollup-win32-x64-gnu'
973 silly reify ]
974 verbose reify failed optional dependency /Users/mr.akpini/Desktop/urban-kicks/frontend/node_modules/@rollup/rollup-win32-ia32-msvc
975 silly reify mark deleted [
975 silly reify   '/Users/mr.akpini/Desktop/urban-kicks/frontend/node_modules/@rollup/rollup-win32-ia32-msvc'
975 silly reify ]
976 verbose reify failed optional dependency /Users/mr.akpini/Desktop/urban-kicks/frontend/node_modules/@rollup/rollup-win32-arm64-msvc
977 silly reify mark deleted [
977 silly reify   '/Users/mr.akpini/Desktop/urban-kicks/frontend/node_modules/@rollup/rollup-win32-arm64-msvc'
977 silly reify ]
978 verbose reify failed optional dependency /Users/mr.akpini/Desktop/urban-kicks/frontend/node_modules/@rollup/rollup-openharmony-arm64
979 silly reify mark deleted [
979 silly reify   '/Users/mr.akpini/Desktop/urban-kicks/frontend/node_modules/@rollup/rollup-openharmony-arm64'
979 silly reify ]
980 verbose reify failed optional dependency /Users/mr.akpini/Desktop/urban-kicks/frontend/node_modules/@rollup/rollup-openbsd-x64
981 silly reify mark deleted [
981 silly reify   '/Users/mr.akpini/Desktop/urban-kicks/frontend/node_modules/@rollup/rollup-openbsd-x64'
981 silly reify ]
982 verbose reify failed optional dependency /Users/mr.akpini/Desktop/urban-kicks/frontend/node_modules/@rollup/rollup-linux-x64-musl
983 silly reify mark deleted [
983 silly reify   '/Users/mr.akpini/Desktop/urban-kicks/frontend/node_modules/@rollup/rollup-linux-x64-musl'
983 silly reify ]
984 verbose reify failed optional dependency /Users/mr.akpini/Desktop/urban-kicks/frontend/node_modules/@rollup/rollup-linux-x64-gnu
985 silly reify mark deleted [
985 silly reify   '/Users/mr.akpini/Desktop/urban-kicks/frontend/node_modules/@rollup/rollup-linux-x64-gnu'
985 silly reify ]
986 verbose reify failed optional dependency /Users/mr.akpini/Desktop/urban-kicks/frontend/node_modules/@rollup/rollup-linux-s390x-gnu
987 silly reify mark deleted [
987 silly reify   '/Users/mr.akpini/Desktop/urban-kicks/frontend/node_modules/@rollup/rollup-linux-s390x-gnu'
987 silly reify ]
988 verbose reify failed optional dependency /Users/mr.akpini/Desktop/urban-kicks/frontend/node_modules/@rollup/rollup-linux-riscv64-musl
989 silly reify mark deleted [
989 silly reify   '/Users/mr.akpini/Desktop/urban-kicks/frontend/node_modules/@rollup/rollup-linux-riscv64-musl'
989 silly reify ]
990 verbose reify failed optional dependency /Users/mr.akpini/Desktop/urban-kicks/frontend/node_modules/@rollup/rollup-linux-riscv64-gnu
991 silly reify mark deleted [
991 silly reify   '/Users/mr.akpini/Desktop/urban-kicks/frontend/node_modules/@rollup/rollup-linux-riscv64-gnu'
991 silly reify ]
992 verbose reify failed optional dependency /Users/mr.akpini/Desktop/urban-kicks/frontend/node_modules/@rollup/rollup-linux-ppc64-musl
993 silly reify mark deleted [
993 silly reify   '/Users/mr.akpini/Desktop/urban-kicks/frontend/node_modules/@rollup/rollup-linux-ppc64-musl'
993 silly reify ]
994 verbose reify failed optional dependency /Users/mr.akpini/Desktop/urban-kicks/frontend/node_modules/@rollup/rollup-linux-ppc64-gnu
995 silly reify mark deleted [
995 silly reify   '/Users/mr.akpini/Desktop/urban-kicks/frontend/node_modules/@rollup/rollup-linux-ppc64-gnu'
995 silly reify ]
996 verbose reify failed optional dependency /Users/mr.akpini/Desktop/urban-kicks/frontend/node_modules/@rollup/rollup-linux-loong64-musl
997 silly reify mark deleted [
997 silly reify   '/Users/mr.akpini/Desktop/urban-kicks/frontend/node_modules/@rollup/rollup-linux-loong64-musl'
997 silly reify ]
998 verbose reify failed optional dependency /Users/mr.akpini/Desktop/urban-kicks/frontend/node_modules/@rollup/rollup-linux-loong64-gnu
999 silly reify mark deleted [
999 silly reify   '/Users/mr.akpini/Desktop/urban-kicks/frontend/node_modules/@rollup/rollup-linux-loong64-gnu'
999 silly reify ]
1000 verbose reify failed optional dependency /Users/mr.akpini/Desktop/urban-kicks/frontend/node_modules/@rollup/rollup-linux-arm64-musl
1001 silly reify mark deleted [
1001 silly reify   '/Users/mr.akpini/Desktop/urban-kicks/frontend/node_modules/@rollup/rollup-linux-arm64-musl'
1001 silly reify ]
1002 verbose reify failed optional dependency /Users/mr.akpini/Desktop/urban-kicks/frontend/node_modules/@rollup/rollup-linux-arm64-gnu
1003 silly reify mark deleted [
1003 silly reify   '/Users/mr.akpini/Desktop/urban-kicks/frontend/node_modules/@rollup/rollup-linux-arm64-gnu'
1003 silly reify ]
1004 verbose reify failed optional dependency /Users/mr.akpini/Desktop/urban-kicks/frontend/node_modules/@rollup/rollup-linux-arm-musleabihf
1005 silly reify mark deleted [
1005 silly reify   '/Users/mr.akpini/Desktop/urban-kicks/frontend/node_modules/@rollup/rollup-linux-arm-musleabihf'
1005 silly reify ]
1006 verbose reify failed optional dependency /Users/mr.akpini/Desktop/urban-kicks/frontend/node_modules/@rollup/rollup-linux-arm-gnueabihf
1007 silly reify mark deleted [
1007 silly reify   '/Users/mr.akpini/Desktop/urban-kicks/frontend/node_modules/@rollup/rollup-linux-arm-gnueabihf'
1007 silly reify ]
1008 verbose reify failed optional dependency /Users/mr.akpini/Desktop/urban-kicks/frontend/node_modules/@rollup/rollup-freebsd-x64
1009 silly reify mark deleted [
1009 silly reify   '/Users/mr.akpini/Desktop/urban-kicks/frontend/node_modules/@rollup/rollup-freebsd-x64'
1009 silly reify ]
1010 verbose reify failed optional dependency /Users/mr.akpini/Desktop/urban-kicks/frontend/node_modules/@rollup/rollup-freebsd-arm64
1011 silly reify mark deleted [
1011 silly reify   '/Users/mr.akpini/Desktop/urban-kicks/frontend/node_modules/@rollup/rollup-freebsd-arm64'
1011 silly reify ]
1012 verbose reify failed optional dependency /Users/mr.akpini/Desktop/urban-kicks/frontend/node_modules/@rollup/rollup-darwin-arm64
1013 silly reify mark deleted [
1013 silly reify   '/Users/mr.akpini/Desktop/urban-kicks/frontend/node_modules/@rollup/rollup-darwin-arm64'
1013 silly reify ]
1014 verbose reify failed optional dependency /Users/mr.akpini/Desktop/urban-kicks/frontend/node_modules/@rollup/rollup-android-arm64
1015 silly reify mark deleted [
1015 silly reify   '/Users/mr.akpini/Desktop/urban-kicks/frontend/node_modules/@rollup/rollup-android-arm64'
1015 silly reify ]
1016 verbose reify failed optional dependency /Users/mr.akpini/Desktop/urban-kicks/frontend/node_modules/@rollup/rollup-android-arm-eabi
1017 silly reify mark deleted [
1017 silly reify   '/Users/mr.akpini/Desktop/urban-kicks/frontend/node_modules/@rollup/rollup-android-arm-eabi'
1017 silly reify ]
1018 verbose reify failed optional dependency /Users/mr.akpini/Desktop/urban-kicks/frontend/node_modules/@esbuild/win32-x64
1019 silly reify mark deleted [
1019 silly reify   '/Users/mr.akpini/Desktop/urban-kicks/frontend/node_modules/@esbuild/win32-x64'
1019 silly reify ]
1020 verbose reify failed optional dependency /Users/mr.akpini/Desktop/urban-kicks/frontend/node_modules/@esbuild/win32-ia32
1021 silly reify mark deleted [
1021 silly reify   '/Users/mr.akpini/Desktop/urban-kicks/frontend/node_modules/@esbuild/win32-ia32'
1021 silly reify ]
1022 verbose reify failed optional dependency /Users/mr.akpini/Desktop/urban-kicks/frontend/node_modules/@esbuild/win32-arm64
1023 silly reify mark deleted [
1023 silly reify   '/Users/mr.akpini/Desktop/urban-kicks/frontend/node_modules/@esbuild/win32-arm64'
1023 silly reify ]
1024 verbose reify failed optional dependency /Users/mr.akpini/Desktop/urban-kicks/frontend/node_modules/@esbuild/sunos-x64
1025 silly reify mark deleted [
1025 silly reify   '/Users/mr.akpini/Desktop/urban-kicks/frontend/node_modules/@esbuild/sunos-x64'
1025 silly reify ]
1026 verbose reify failed optional dependency /Users/mr.akpini/Desktop/urban-kicks/frontend/node_modules/@esbuild/openbsd-x64
1027 silly reify mark deleted [
1027 silly reify   '/Users/mr.akpini/Desktop/urban-kicks/frontend/node_modules/@esbuild/openbsd-x64'
1027 silly reify ]
1028 verbose reify failed optional dependency /Users/mr.akpini/Desktop/urban-kicks/frontend/node_modules/@esbuild/netbsd-x64
1029 silly reify mark deleted [
1029 silly reify   '/Users/mr.akpini/Desktop/urban-kicks/frontend/node_modules/@esbuild/netbsd-x64'
1029 silly reify ]
1030 verbose reify failed optional dependency /Users/mr.akpini/Desktop/urban-kicks/frontend/node_modules/@esbuild/linux-x64
1031 silly reify mark deleted [
1031 silly reify   '/Users/mr.akpini/Desktop/urban-kicks/frontend/node_modules/@esbuild/linux-x64'
1031 silly reify ]
1032 verbose reify failed optional dependency /Users/mr.akpini/Desktop/urban-kicks/frontend/node_modules/@esbuild/linux-s390x
1033 silly reify mark deleted [
1033 silly reify   '/Users/mr.akpini/Desktop/urban-kicks/frontend/node_modules/@esbuild/linux-s390x'
1033 silly reify ]
1034 verbose reify failed optional dependency /Users/mr.akpini/Desktop/urban-kicks/frontend/node_modules/@esbuild/linux-riscv64
1035 silly reify mark deleted [
1035 silly reify   '/Users/mr.akpini/Desktop/urban-kicks/frontend/node_modules/@esbuild/linux-riscv64'
1035 silly reify ]
1036 verbose reify failed optional dependency /Users/mr.akpini/Desktop/urban-kicks/frontend/node_modules/@esbuild/linux-ppc64
1037 silly reify mark deleted [
1037 silly reify   '/Users/mr.akpini/Desktop/urban-kicks/frontend/node_modules/@esbuild/linux-ppc64'
1037 silly reify ]
1038 verbose reify failed optional dependency /Users/mr.akpini/Desktop/urban-kicks/frontend/node_modules/@esbuild/linux-mips64el
1039 silly reify mark deleted [
1039 silly reify   '/Users/mr.akpini/Desktop/urban-kicks/frontend/node_modules/@esbuild/linux-mips64el'
1039 silly reify ]
1040 verbose reify failed optional dependency /Users/mr.akpini/Desktop/urban-kicks/frontend/node_modules/@esbuild/linux-loong64
1041 silly reify mark deleted [
1041 silly reify   '/Users/mr.akpini/Desktop/urban-kicks/frontend/node_modules/@esbuild/linux-loong64'
1041 silly reify ]
1042 verbose reify failed optional dependency /Users/mr.akpini/Desktop/urban-kicks/frontend/node_modules/@esbuild/linux-ia32
1043 silly reify mark deleted [
1043 silly reify   '/Users/mr.akpini/Desktop/urban-kicks/frontend/node_modules/@esbuild/linux-ia32'
1043 silly reify ]
1044 verbose reify failed optional dependency /Users/mr.akpini/Desktop/urban-kicks/frontend/node_modules/@esbuild/linux-arm64
1045 silly reify mark deleted [
1045 silly reify   '/Users/mr.akpini/Desktop/urban-kicks/frontend/node_modules/@esbuild/linux-arm64'
1045 silly reify ]
1046 verbose reify failed optional dependency /Users/mr.akpini/Desktop/urban-kicks/frontend/node_modules/@esbuild/linux-arm
1047 silly reify mark deleted [
1047 silly reify   '/Users/mr.akpini/Desktop/urban-kicks/frontend/node_modules/@esbuild/linux-arm'
1047 silly reify ]
1048 verbose reify failed optional dependency /Users/mr.akpini/Desktop/urban-kicks/frontend/node_modules/@esbuild/freebsd-x64
1049 silly reify mark deleted [
1049 silly reify   '/Users/mr.akpini/Desktop/urban-kicks/frontend/node_modules/@esbuild/freebsd-x64'
1049 silly reify ]
1050 verbose reify failed optional dependency /Users/mr.akpini/Desktop/urban-kicks/frontend/node_modules/@esbuild/freebsd-arm64
1051 silly reify mark deleted [
1051 silly reify   '/Users/mr.akpini/Desktop/urban-kicks/frontend/node_modules/@esbuild/freebsd-arm64'
1051 silly reify ]
1052 verbose reify failed optional dependency /Users/mr.akpini/Desktop/urban-kicks/frontend/node_modules/@esbuild/darwin-arm64
1053 silly reify mark deleted [
1053 silly reify   '/Users/mr.akpini/Desktop/urban-kicks/frontend/node_modules/@esbuild/darwin-arm64'
1053 silly reify ]
1054 verbose reify failed optional dependency /Users/mr.akpini/Desktop/urban-kicks/frontend/node_modules/@esbuild/android-x64
1055 silly reify mark deleted [
1055 silly reify   '/Users/mr.akpini/Desktop/urban-kicks/frontend/node_modules/@esbuild/android-x64'
1055 silly reify ]
1056 verbose reify failed optional dependency /Users/mr.akpini/Desktop/urban-kicks/frontend/node_modules/@esbuild/android-arm64
1057 silly reify mark deleted [
1057 silly reify   '/Users/mr.akpini/Desktop/urban-kicks/frontend/node_modules/@esbuild/android-arm64'
1057 silly reify ]
1058 verbose reify failed optional dependency /Users/mr.akpini/Desktop/urban-kicks/frontend/node_modules/@esbuild/android-arm
1059 silly reify mark deleted [
1059 silly reify   '/Users/mr.akpini/Desktop/urban-kicks/frontend/node_modules/@esbuild/android-arm'
1059 silly reify ]
1060 verbose reify failed optional dependency /Users/mr.akpini/Desktop/urban-kicks/frontend/node_modules/@esbuild/aix-ppc64
1061 silly reify mark deleted [
1061 silly reify   '/Users/mr.akpini/Desktop/urban-kicks/frontend/node_modules/@esbuild/aix-ppc64'
1061 silly reify ]
1062 timing reifyNode:node_modules/@rollup/rollup-win32-x64-msvc Completed in 57ms
1063 timing reifyNode:node_modules/@rollup/rollup-win32-x64-gnu Completed in 57ms
1064 timing reifyNode:node_modules/@rollup/rollup-win32-ia32-msvc Completed in 57ms
1065 timing reifyNode:node_modules/@rollup/rollup-win32-arm64-msvc Completed in 58ms
1066 timing reifyNode:node_modules/@rollup/rollup-openharmony-arm64 Completed in 57ms
1067 timing reifyNode:node_modules/@rollup/rollup-openbsd-x64 Completed in 57ms
1068 timing reifyNode:node_modules/@rollup/rollup-linux-x64-musl Completed in 57ms
1069 timing reifyNode:node_modules/@rollup/rollup-linux-x64-gnu Completed in 57ms
1070 timing reifyNode:node_modules/@rollup/rollup-linux-s390x-gnu Completed in 57ms
1071 timing reifyNode:node_modules/@rollup/rollup-linux-riscv64-musl Completed in 57ms
1072 timing reifyNode:node_modules/@rollup/rollup-linux-riscv64-gnu Completed in 57ms
1073 timing reifyNode:node_modules/@rollup/rollup-linux-ppc64-musl Completed in 57ms
1074 timing reifyNode:node_modules/@rollup/rollup-linux-ppc64-gnu Completed in 58ms
1075 timing reifyNode:node_modules/@rollup/rollup-linux-loong64-musl Completed in 58ms
1076 timing reifyNode:node_modules/@rollup/rollup-linux-loong64-gnu Completed in 58ms
1077 timing reifyNode:node_modules/@rollup/rollup-linux-arm64-musl Completed in 57ms
1078 timing reifyNode:node_modules/@rollup/rollup-linux-arm64-gnu Completed in 57ms
1079 timing reifyNode:node_modules/@rollup/rollup-linux-arm-musleabihf Completed in 57ms
1080 timing reifyNode:node_modules/@rollup/rollup-linux-arm-gnueabihf Completed in 57ms
1081 timing reifyNode:node_modules/@rollup/rollup-freebsd-x64 Completed in 57ms
1082 timing reifyNode:node_modules/@rollup/rollup-freebsd-arm64 Completed in 57ms
1083 timing reifyNode:node_modules/@rollup/rollup-darwin-arm64 Completed in 58ms
1084 timing reifyNode:node_modules/@rollup/rollup-android-arm64 Completed in 58ms
1085 timing reifyNode:node_modules/@rollup/rollup-android-arm-eabi Completed in 58ms
1086 timing reifyNode:node_modules/@esbuild/win32-x64 Completed in 58ms
1087 timing reifyNode:node_modules/@esbuild/win32-ia32 Completed in 58ms
1088 timing reifyNode:node_modules/@esbuild/win32-arm64 Completed in 59ms
1089 timing reifyNode:node_modules/@esbuild/sunos-x64 Completed in 58ms
1090 timing reifyNode:node_modules/@esbuild/openbsd-x64 Completed in 59ms
1091 timing reifyNode:node_modules/@esbuild/netbsd-x64 Completed in 59ms
1092 timing reifyNode:node_modules/@esbuild/linux-x64 Completed in 60ms
1093 timing reifyNode:node_modules/@esbuild/linux-s390x Completed in 60ms
1094 timing reifyNode:node_modules/@esbuild/linux-riscv64 Completed in 60ms
1095 timing reifyNode:node_modules/@esbuild/linux-ppc64 Completed in 60ms
1096 timing reifyNode:node_modules/@esbuild/linux-mips64el Completed in 60ms
1097 timing reifyNode:node_modules/@esbuild/linux-loong64 Completed in 60ms
1098 timing reifyNode:node_modules/@esbuild/linux-ia32 Completed in 60ms
1099 timing reifyNode:node_modules/@esbuild/linux-arm64 Completed in 60ms
1100 timing reifyNode:node_modules/@esbuild/linux-arm Completed in 61ms
1101 timing reifyNode:node_modules/@esbuild/freebsd-x64 Completed in 61ms
1102 timing reifyNode:node_modules/@esbuild/freebsd-arm64 Completed in 61ms
1103 timing reifyNode:node_modules/@esbuild/darwin-arm64 Completed in 62ms
1104 timing reifyNode:node_modules/@esbuild/android-x64 Completed in 61ms
1105 timing reifyNode:node_modules/@esbuild/android-arm64 Completed in 61ms
1106 timing reifyNode:node_modules/@esbuild/android-arm Completed in 61ms
1107 timing reifyNode:node_modules/@esbuild/aix-ppc64 Completed in 61ms
1108 silly tarball no local data for nanoid@https://registry.npmjs.org/nanoid/-/nanoid-3.3.11.tgz. Extracting by manifest.
1109 silly tarball no local data for source-map-js@https://registry.npmjs.org/source-map-js/-/source-map-js-1.2.1.tgz. Extracting by manifest.
1110 silly tarball no local data for @rollup/rollup-darwin-x64@https://registry.npmjs.org/@rollup/rollup-darwin-x64/-/rollup-darwin-x64-4.60.1.tgz. Extracting by manifest.
1111 silly tarball no local data for @esbuild/darwin-x64@https://registry.npmjs.org/@esbuild/darwin-x64/-/darwin-x64-0.21.5.tgz. Extracting by manifest.
1112 silly tarball no local data for rollup@https://registry.npmjs.org/rollup/-/rollup-4.60.1.tgz. Extracting by manifest.
1113 silly tarball no local data for postcss@https://registry.npmjs.org/postcss/-/postcss-8.5.9.tgz. Extracting by manifest.
1114 silly tarball no local data for esbuild@https://registry.npmjs.org/esbuild/-/esbuild-0.21.5.tgz. Extracting by manifest.
1115 silly tarball no local data for picomatch@https://registry.npmjs.org/picomatch/-/picomatch-4.0.4.tgz. Extracting by manifest.
1116 silly tarball no local data for fdir@https://registry.npmjs.org/fdir/-/fdir-6.5.0.tgz. Extracting by manifest.
1117 silly tarball no local data for tinyglobby@https://registry.npmjs.org/tinyglobby/-/tinyglobby-0.2.16.tgz. Extracting by manifest.
1118 silly tarball no local data for @typescript-eslint/tsconfig-utils@https://registry.npmjs.org/@typescript-eslint/tsconfig-utils/-/tsconfig-utils-8.58.1.tgz. Extracting by manifest.
1119 silly tarball no local data for @typescript-eslint/types@https://registry.npmjs.org/@typescript-eslint/types/-/types-8.58.1.tgz. Extracting by manifest.
1120 silly tarball no local data for ts-api-utils@https://registry.npmjs.org/ts-api-utils/-/ts-api-utils-2.5.0.tgz. Extracting by manifest.
1121 silly tarball no local data for @typescript-eslint/project-service@https://registry.npmjs.org/@typescript-eslint/project-service/-/project-service-8.58.1.tgz. Extracting by manifest.
1122 silly tarball no local data for @typescript-eslint/type-utils@https://registry.npmjs.org/@typescript-eslint/type-utils/-/type-utils-8.58.1.tgz. Extracting by manifest.
1123 silly tarball no local data for @typescript-eslint/visitor-keys@https://registry.npmjs.org/@typescript-eslint/visitor-keys/-/visitor-keys-8.58.1.tgz. Extracting by manifest.
1124 silly tarball no local data for @typescript-eslint/scope-manager@https://registry.npmjs.org/@typescript-eslint/scope-manager/-/scope-manager-8.58.1.tgz. Extracting by manifest.
1125 silly tarball no local data for @typescript-eslint/typescript-estree@https://registry.npmjs.org/@typescript-eslint/typescript-estree/-/typescript-estree-8.58.1.tgz. Extracting by manifest.
1126 silly tarball no local data for @typescript-eslint/parser@https://registry.npmjs.org/@typescript-eslint/parser/-/parser-8.58.1.tgz. Extracting by manifest.
1127 silly tarball no local data for @typescript-eslint/eslint-plugin@https://registry.npmjs.org/@typescript-eslint/eslint-plugin/-/eslint-plugin-8.58.1.tgz. Extracting by manifest.
1128 silly tarball no local data for @typescript-eslint/utils@https://registry.npmjs.org/@typescript-eslint/utils/-/utils-8.58.1.tgz. Extracting by manifest.
1129 silly tarball no local data for scheduler@https://registry.npmjs.org/scheduler/-/scheduler-0.23.2.tgz. Extracting by manifest.
1130 silly tarball no local data for loose-envify@https://registry.npmjs.org/loose-envify/-/loose-envify-1.4.0.tgz. Extracting by manifest.
1131 silly tarball no local data for word-wrap@https://registry.npmjs.org/word-wrap/-/word-wrap-1.2.5.tgz. Extracting by manifest.
1132 silly tarball no local data for p-limit@https://registry.npmjs.org/p-limit/-/p-limit-3.1.0.tgz. Extracting by manifest.
1133 silly tarball no local data for yocto-queue@https://registry.npmjs.org/yocto-queue/-/yocto-queue-0.1.0.tgz. Extracting by manifest.
1134 silly tarball no local data for fast-levenshtein@https://registry.npmjs.org/fast-levenshtein/-/fast-levenshtein-2.0.6.tgz. Extracting by manifest.
1135 silly tarball no local data for deep-is@https://registry.npmjs.org/deep-is/-/deep-is-0.1.4.tgz. Extracting by manifest.
1136 silly tarball no local data for p-locate@https://registry.npmjs.org/p-locate/-/p-locate-5.0.0.tgz. Extracting by manifest.
1137 silly tarball no local data for type-check@https://registry.npmjs.org/type-check/-/type-check-0.4.0.tgz. Extracting by manifest.
1138 silly tarball no local data for prelude-ls@https://registry.npmjs.org/prelude-ls/-/prelude-ls-1.2.1.tgz. Extracting by manifest.
1139 silly tarball no local data for json-buffer@https://registry.npmjs.org/json-buffer/-/json-buffer-3.0.1.tgz. Extracting by manifest.
1140 silly tarball no local data for yallist@https://registry.npmjs.org/yallist/-/yallist-3.1.1.tgz. Extracting by manifest.
1141 silly tarball no local data for keyv@https://registry.npmjs.org/keyv/-/keyv-4.5.4.tgz. Extracting by manifest.
1142 silly tarball no local data for flatted@https://registry.npmjs.org/flatted/-/flatted-3.4.2.tgz. Extracting by manifest.
1143 silly tarball no local data for path-exists@https://registry.npmjs.org/path-exists/-/path-exists-4.0.0.tgz. Extracting by manifest.
1144 silly tarball no local data for locate-path@https://registry.npmjs.org/locate-path/-/locate-path-6.0.0.tgz. Extracting by manifest.
1145 silly tarball no local data for acorn-jsx@https://registry.npmjs.org/acorn-jsx/-/acorn-jsx-5.3.2.tgz. Extracting by manifest.
1146 silly tarball no local data for flat-cache@https://registry.npmjs.org/flat-cache/-/flat-cache-4.0.1.tgz. Extracting by manifest.
1147 silly tarball no local data for @humanfs/core@https://registry.npmjs.org/@humanfs/core/-/core-0.19.1.tgz. Extracting by manifest.
1148 silly tarball no local data for levn@https://registry.npmjs.org/levn/-/levn-0.4.1.tgz. Extracting by manifest.
1149 silly tarball no local data for strip-json-comments@https://registry.npmjs.org/strip-json-comments/-/strip-json-comments-3.1.1.tgz. Extracting by manifest.
1150 silly tarball no local data for optionator@https://registry.npmjs.org/optionator/-/optionator-0.9.4.tgz. Extracting by manifest.
1151 silly tarball no local data for @eslint/object-schema@https://registry.npmjs.org/@eslint/object-schema/-/object-schema-2.1.7.tgz. Extracting by manifest.
1152 silly tarball no local data for natural-compare@https://registry.npmjs.org/natural-compare/-/natural-compare-1.4.0.tgz. Extracting by manifest.
1153 silly tarball no local data for lodash.merge@https://registry.npmjs.org/lodash.merge/-/lodash.merge-4.6.2.tgz. Extracting by manifest.
1154 silly tarball no local data for ignore@https://registry.npmjs.org/ignore/-/ignore-5.3.2.tgz. Extracting by manifest.
1155 silly tarball no local data for imurmurhash@https://registry.npmjs.org/imurmurhash/-/imurmurhash-0.1.4.tgz. Extracting by manifest.
1156 silly tarball no local data for json-stable-stringify-without-jsonify@https://registry.npmjs.org/json-stable-stringify-without-jsonify/-/json-stable-stringify-without-jsonify-1.0.1.tgz. Extracting by manifest.
1157 silly tarball no local data for find-up@https://registry.npmjs.org/find-up/-/find-up-5.0.0.tgz. Extracting by manifest.
1158 silly tarball no local data for glob-parent@https://registry.npmjs.org/glob-parent/-/glob-parent-6.0.2.tgz. Extracting by manifest.
1159 silly tarball no local data for esquery@https://registry.npmjs.org/esquery/-/esquery-1.7.0.tgz. Extracting by manifest.
1160 silly tarball no local data for file-entry-cache@https://registry.npmjs.org/file-entry-cache/-/file-entry-cache-8.0.0.tgz. Extracting by manifest.
1161 silly tarball no local data for esutils@https://registry.npmjs.org/esutils/-/esutils-2.0.3.tgz. Extracting by manifest.
1162 silly tarball no local data for espree@https://registry.npmjs.org/espree/-/espree-10.4.0.tgz. Extracting by manifest.
1163 silly tarball no local data for eslint-visitor-keys@https://registry.npmjs.org/eslint-visitor-keys/-/eslint-visitor-keys-4.2.1.tgz. Extracting by manifest.
1164 silly tarball no local data for escape-string-regexp@https://registry.npmjs.org/escape-string-regexp/-/escape-string-regexp-4.0.0.tgz. Extracting by manifest.
1165 silly tarball no local data for eslint-scope@https://registry.npmjs.org/eslint-scope/-/eslint-scope-8.4.0.tgz. Extracting by manifest.
1166 silly tarball no local data for @humanwhocodes/retry@https://registry.npmjs.org/@humanwhocodes/retry/-/retry-0.4.3.tgz. Extracting by manifest.
1167 silly tarball no local data for @humanwhocodes/module-importer@https://registry.npmjs.org/@humanwhocodes/module-importer/-/module-importer-1.0.1.tgz. Extracting by manifest.
1168 silly tarball no local data for @eslint/plugin-kit@https://registry.npmjs.org/@eslint/plugin-kit/-/plugin-kit-0.4.1.tgz. Extracting by manifest.
1169 silly tarball no local data for @humanfs/node@https://registry.npmjs.org/@humanfs/node/-/node-0.16.7.tgz. Extracting by manifest.
1170 silly tarball no local data for @eslint/eslintrc@https://registry.npmjs.org/@eslint/eslintrc/-/eslintrc-3.3.5.tgz. Extracting by manifest.
1171 silly tarball no local data for @eslint/core@https://registry.npmjs.org/@eslint/core/-/core-0.17.0.tgz. Extracting by manifest.
1172 silly tarball no local data for @eslint/config-array@https://registry.npmjs.org/@eslint/config-array/-/config-array-0.21.2.tgz. Extracting by manifest.
1173 silly tarball no local data for @eslint-community/regexpp@https://registry.npmjs.org/@eslint-community/regexpp/-/regexpp-4.12.2.tgz. Extracting by manifest.
1174 silly tarball no local data for @eslint/config-helpers@https://registry.npmjs.org/@eslint/config-helpers/-/config-helpers-0.4.2.tgz. Extracting by manifest.
1175 silly tarball no local data for @eslint-community/eslint-utils@https://registry.npmjs.org/@eslint-community/eslint-utils/-/eslint-utils-4.9.1.tgz. Extracting by manifest.
1176 silly tarball no local data for ms@https://registry.npmjs.org/ms/-/ms-2.1.3.tgz. Extracting by manifest.
1177 silly tarball no local data for @types/babel__traverse@https://registry.npmjs.org/@types/babel__traverse/-/babel__traverse-7.28.0.tgz. Extracting by manifest.
1178 silly tarball no local data for @types/babel__template@https://registry.npmjs.org/@types/babel__template/-/babel__template-7.4.4.tgz. Extracting by manifest.
1179 silly tarball no local data for @types/babel__generator@https://registry.npmjs.org/@types/babel__generator/-/babel__generator-7.27.0.tgz. Extracting by manifest.
1180 silly tarball no local data for @babel/helper-string-parser@https://registry.npmjs.org/@babel/helper-string-parser/-/helper-string-parser-7.27.1.tgz. Extracting by manifest.
1181 silly tarball no local data for @babel/helper-globals@https://registry.npmjs.org/@babel/helper-globals/-/helper-globals-7.28.0.tgz. Extracting by manifest.
1182 silly tarball no local data for @babel/helper-plugin-utils@https://registry.npmjs.org/@babel/helper-plugin-utils/-/helper-plugin-utils-7.28.6.tgz. Extracting by manifest.
1183 silly tarball no local data for @babel/helper-module-imports@https://registry.npmjs.org/@babel/helper-module-imports/-/helper-module-imports-7.28.6.tgz. Extracting by manifest.
1184 silly tarball no local data for lru-cache@https://registry.npmjs.org/lru-cache/-/lru-cache-5.1.1.tgz. Extracting by manifest.
1185 silly tarball no local data for @babel/helper-validator-option@https://registry.npmjs.org/@babel/helper-validator-option/-/helper-validator-option-7.27.1.tgz. Extracting by manifest.
1186 silly tarball no local data for @babel/compat-data@https://registry.npmjs.org/@babel/compat-data/-/compat-data-7.29.0.tgz. Extracting by manifest.
1187 silly tarball no local data for jsesc@https://registry.npmjs.org/jsesc/-/jsesc-3.1.0.tgz. Extracting by manifest.
1188 silly tarball no local data for semver@https://registry.npmjs.org/semver/-/semver-6.3.1.tgz. Extracting by manifest.
1189 silly tarball no local data for gensync@https://registry.npmjs.org/gensync/-/gensync-1.0.0-beta.2.tgz. Extracting by manifest.
1190 silly tarball no local data for convert-source-map@https://registry.npmjs.org/convert-source-map/-/convert-source-map-2.0.0.tgz. Extracting by manifest.
1191 silly tarball no local data for debug@https://registry.npmjs.org/debug/-/debug-4.4.3.tgz. Extracting by manifest.
1192 silly tarball no local data for @babel/types@https://registry.npmjs.org/@babel/types/-/types-7.29.0.tgz. Extracting by manifest.
1193 silly tarball no local data for @jridgewell/remapping@https://registry.npmjs.org/@jridgewell/remapping/-/remapping-2.3.5.tgz. Extracting by manifest.
1194 silly tarball no local data for @babel/template@https://registry.npmjs.org/@babel/template/-/template-7.28.6.tgz. Extracting by manifest.
1195 silly tarball no local data for @babel/parser@https://registry.npmjs.org/@babel/parser/-/parser-7.29.2.tgz. Extracting by manifest.
1196 silly tarball no local data for @babel/traverse@https://registry.npmjs.org/@babel/traverse/-/traverse-7.29.0.tgz. Extracting by manifest.
1197 silly tarball no local data for @babel/helpers@https://registry.npmjs.org/@babel/helpers/-/helpers-7.29.2.tgz. Extracting by manifest.
1198 silly tarball no local data for @babel/helper-module-transforms@https://registry.npmjs.org/@babel/helper-module-transforms/-/helper-module-transforms-7.28.6.tgz. Extracting by manifest.
1199 silly tarball no local data for @babel/generator@https://registry.npmjs.org/@babel/generator/-/generator-7.29.1.tgz. Extracting by manifest.
1200 silly tarball no local data for @babel/helper-compilation-targets@https://registry.npmjs.org/@babel/helper-compilation-targets/-/helper-compilation-targets-7.28.6.tgz. Extracting by manifest.
1201 silly tarball no local data for react-refresh@https://registry.npmjs.org/react-refresh/-/react-refresh-0.17.0.tgz. Extracting by manifest.
1202 silly tarball no local data for @types/babel__core@https://registry.npmjs.org/@types/babel__core/-/babel__core-7.20.5.tgz. Extracting by manifest.
1203 silly tarball no local data for @babel/plugin-transform-react-jsx-source@https://registry.npmjs.org/@babel/plugin-transform-react-jsx-source/-/plugin-transform-react-jsx-source-7.27.1.tgz. Extracting by manifest.
1204 silly tarball no local data for @babel/plugin-transform-react-jsx-self@https://registry.npmjs.org/@babel/plugin-transform-react-jsx-self/-/plugin-transform-react-jsx-self-7.27.1.tgz. Extracting by manifest.
1205 silly tarball no local data for @rolldown/pluginutils@https://registry.npmjs.org/@rolldown/pluginutils/-/pluginutils-1.0.0-beta.27.tgz. Extracting by manifest.
1206 silly tarball no local data for @babel/core@https://registry.npmjs.org/@babel/core/-/core-7.29.0.tgz. Extracting by manifest.
1207 silly tarball no local data for csstype@https://registry.npmjs.org/csstype/-/csstype-3.2.3.tgz. Extracting by manifest.
1208 silly tarball no local data for @types/prop-types@https://registry.npmjs.org/@types/prop-types/-/prop-types-15.7.15.tgz. Extracting by manifest.
1209 silly tarball no local data for react-dom@https://registry.npmjs.org/react-dom/-/react-dom-18.3.1.tgz. Extracting by manifest.
1210 silly tarball no local data for typescript@https://registry.npmjs.org/typescript/-/typescript-5.6.3.tgz. Extracting by manifest.
1211 silly tarball no local data for typescript-eslint@https://registry.npmjs.org/typescript-eslint/-/typescript-eslint-8.58.1.tgz. Extracting by manifest.
1212 silly tarball no local data for globals@https://registry.npmjs.org/globals/-/globals-15.15.0.tgz. Extracting by manifest.
1213 silly tarball no local data for react@https://registry.npmjs.org/react/-/react-18.3.1.tgz. Extracting by manifest.
1214 silly tarball no local data for eslint-plugin-react-refresh@https://registry.npmjs.org/eslint-plugin-react-refresh/-/eslint-plugin-react-refresh-0.4.26.tgz. Extracting by manifest.
1215 silly tarball no local data for eslint-plugin-react-hooks@https://registry.npmjs.org/eslint-plugin-react-hooks/-/eslint-plugin-react-hooks-5.2.0.tgz. Extracting by manifest.
1216 silly tarball no local data for eslint@https://registry.npmjs.org/eslint/-/eslint-9.39.4.tgz. Extracting by manifest.
1217 silly tarball no local data for vite@https://registry.npmjs.org/vite/-/vite-5.4.21.tgz. Extracting by manifest.
1218 silly tarball no local data for @vitejs/plugin-react@https://registry.npmjs.org/@vitejs/plugin-react/-/plugin-react-4.7.0.tgz. Extracting by manifest.
1219 silly tarball no local data for @eslint/js@https://registry.npmjs.org/@eslint/js/-/js-9.39.4.tgz. Extracting by manifest.
1220 silly tarball no local data for @types/react-dom@https://registry.npmjs.org/@types/react-dom/-/react-dom-18.3.7.tgz. Extracting by manifest.
1221 silly tarball no local data for @types/react@https://registry.npmjs.org/@types/react/-/react-18.3.28.tgz. Extracting by manifest.
1222 silly tarball no local data for eslint-visitor-keys@https://registry.npmjs.org/eslint-visitor-keys/-/eslint-visitor-keys-5.0.1.tgz. Extracting by manifest.
1223 silly tarball no local data for balanced-match@https://registry.npmjs.org/balanced-match/-/balanced-match-4.0.4.tgz. Extracting by manifest.
1224 silly tarball no local data for brace-expansion@https://registry.npmjs.org/brace-expansion/-/brace-expansion-5.0.5.tgz. Extracting by manifest.
1225 silly tarball no local data for minimatch@https://registry.npmjs.org/minimatch/-/minimatch-10.2.5.tgz. Extracting by manifest.
1226 silly tarball no local data for ignore@https://registry.npmjs.org/ignore/-/ignore-7.0.5.tgz. Extracting by manifest.
1227 silly tarball no local data for globals@https://registry.npmjs.org/globals/-/globals-14.0.0.tgz. Extracting by manifest.
1228 silly tarball no local data for eslint-visitor-keys@https://registry.npmjs.org/eslint-visitor-keys/-/eslint-visitor-keys-3.4.3.tgz. Extracting by manifest.
1229 timing reifyNode:node_modules/is-extglob Completed in 391ms
1230 timing reifyNode:node_modules/resolve-from Completed in 392ms
1231 timing reifyNode:node_modules/parent-module Completed in 392ms
1232 timing reifyNode:node_modules/brace-expansion Completed in 392ms
1233 timing reifyNode:node_modules/shebang-command Completed in 391ms
1234 timing reifyNode:node_modules/color-name Completed in 392ms
1235 timing reifyNode:node_modules/shebang-regex Completed in 398ms
1236 timing reifyNode:node_modules/has-flag Completed in 398ms
1237 timing reifyNode:node_modules/callsites Completed in 399ms
1238 timing reifyNode:node_modules/path-key Completed in 397ms
1239 timing reifyNode:node_modules/supports-color Completed in 397ms
1240 timing reifyNode:node_modules/import-fresh Completed in 397ms
1241 timing reifyNode:node_modules/is-glob Completed in 397ms
1242 timing reifyNode:node_modules/balanced-match Completed in 403ms
1243 timing reifyNode:node_modules/esrecurse Completed in 401ms
1244 timing reifyNode:node_modules/ansi-styles Completed in 402ms
1245 timing reifyNode:node_modules/@types/json-schema Completed in 401ms
1246 timing reifyNode:node_modules/js-tokens Completed in 397ms
1247 timing reifyNode:node_modules/which Completed in 406ms
1248 timing reifyNode:node_modules/minimatch Completed in 406ms
1249 timing reifyNode:node_modules/@types/estree Completed in 405ms
1250 timing reifyNode:node_modules/picocolors Completed in 401ms
1251 timing reifyNode:node_modules/@babel/code-frame Completed in 403ms
1252 timing reifyNode:node_modules/punycode Completed in 416ms
1253 timing reifyNode:node_modules/concat-map Completed in 415ms
1254 timing reifyNode:node_modules/color-convert Completed in 413ms
1255 timing reifyNode:node_modules/isexe Completed in 423ms
1256 timing reifyNode:node_modules/estraverse Completed in 416ms
1257 timing reifyNode:node_modules/update-browserslist-db Completed in 412ms
1258 timing reifyNode:node_modules/cross-spawn Completed in 416ms
1259 timing reifyNode:node_modules/chalk Completed in 416ms
1260 timing reifyNode:node_modules/node-releases Completed in 417ms
1261 timing reifyNode:node_modules/@jridgewell/resolve-uri Completed in 417ms
1262 timing reifyNode:node_modules/escalade Completed in 428ms
1263 timing reifyNode:node_modules/json-schema-traverse Completed in 425ms
1264 timing reifyNode:node_modules/fast-deep-equal Completed in 425ms
1265 timing reifyNode:node_modules/@babel/helper-validator-identifier Completed in 421ms
1266 timing reifyNode:node_modules/browserslist Completed in 423ms
1267 timing reifyNode:node_modules/fsevents Completed in 433ms
1268 timing reifyNode:node_modules/argparse Completed in 435ms
1269 timing reifyNode:node_modules/fast-json-stable-stringify Completed in 441ms
1270 timing reifyNode:node_modules/electron-to-chromium Completed in 440ms
1271 timing reifyNode:node_modules/baseline-browser-mapping Completed in 446ms
1272 timing reifyNode:node_modules/@jridgewell/sourcemap-codec Completed in 481ms
1273 timing reifyNode:node_modules/json5 Completed in 484ms
1274 timing reifyNode:node_modules/@jridgewell/gen-mapping Completed in 487ms
1275 timing reifyNode:node_modules/acorn Completed in 501ms
1276 timing reifyNode:node_modules/@typescript-eslint/typescript-estree/node_modules/semver Completed in 531ms
1277 timing reifyNode:node_modules/js-yaml Completed in 534ms
1278 timing reifyNode:node_modules/@jridgewell/trace-mapping Completed in 534ms
1279 http fetch GET 200 https://registry.npmjs.org/tinyglobby/-/tinyglobby-0.2.16.tgz 534ms (cache miss)
1280 timing reifyNode:node_modules/tinyglobby Completed in 651ms
1281 http fetch GET 200 https://registry.npmjs.org/fdir/-/fdir-6.5.0.tgz 546ms (cache miss)
1282 timing reifyNode:node_modules/uri-js Completed in 658ms
1283 timing reifyNode:node_modules/fdir Completed in 664ms
1284 http fetch GET 200 https://registry.npmjs.org/esbuild/-/esbuild-0.21.5.tgz 569ms (cache miss)
1285 timing reifyNode:node_modules/esbuild Completed in 678ms
1286 http fetch GET 200 https://registry.npmjs.org/picomatch/-/picomatch-4.0.4.tgz 573ms (cache miss)
1287 timing reifyNode:node_modules/picomatch Completed in 682ms
1288 http fetch POST 200 https://registry.npmjs.org/-/npm/v1/security/advisories/bulk 701ms
1289 timing auditReport:getReport Completed in 705ms
1290 silly audit report {
1290 silly audit report   vite: [
1290 silly audit report     {
1290 silly audit report       id: 1116229,
1290 silly audit report       url: 'https://github.com/advisories/GHSA-4w7w-66w2-5vf9',
1290 silly audit report       title: 'Vite Vulnerable to Path Traversal in Optimized Deps `.map` Handling',
1290 silly audit report       severity: 'moderate',
1290 silly audit report       vulnerable_versions: '<=6.4.1',
1290 silly audit report       cwe: [Array],
1290 silly audit report       cvss: [Object]
1290 silly audit report     }
1290 silly audit report   ],
1290 silly audit report   esbuild: [
1290 silly audit report     {
1290 silly audit report       id: 1102341,
1290 silly audit report       url: 'https://github.com/advisories/GHSA-67mh-4wv8-2f99',
1290 silly audit report       title: 'esbuild enables any website to send any requests to the development server and read the response',
1290 silly audit report       severity: 'moderate',
1290 silly audit report       vulnerable_versions: '<=0.24.2',
1290 silly audit report       cwe: [Array],
1290 silly audit report       cvss: [Object]
1290 silly audit report     }
1290 silly audit report   ]
1290 silly audit report }
1291 timing metavuln:packument:vite Completed in 0ms
1292 timing metavuln:packument:esbuild Completed in 1ms
1293 timing metavuln:cache:get:security-advisory:vite:I1BdsVrQ8+F0Nz5pjiEY7gYSFBzvKNwOR8nQyg9euOprN34SC4VipJH1GMc8WCRl+e0xZWGr2QiYwiNwqO4gag== Completed in 3ms
1294 timing metavuln:load:security-advisory:vite:1116229 Completed in 58ms
1295 timing metavuln:cache:get:security-advisory:esbuild:jKdCIzePj7J1488qgRXvF8Srh9wutSuR1exB8YooNX62hT+qhtrUXYbArLNoIhgwbaCqKpmduh18syZU7BR9SA== Completed in 62ms
1296 timing metavuln:load:security-advisory:esbuild:1102341 Completed in 12ms
1297 http fetch GET 200 https://registry.npmjs.org/nanoid/-/nanoid-3.3.11.tgz 694ms (cache miss)
1298 http fetch GET 200 https://registry.npmjs.org/source-map-js/-/source-map-js-1.2.1.tgz 694ms (cache miss)
1299 timing reifyNode:node_modules/nanoid Completed in 815ms
1300 timing reifyNode:node_modules/source-map-js Completed in 816ms
1301 http fetch GET 200 https://registry.npmjs.org/ts-api-utils/-/ts-api-utils-2.5.0.tgz 749ms (cache miss)
1302 timing reifyNode:node_modules/ts-api-utils Completed in 856ms
1303 timing metavuln:cache:put:security-advisory:esbuild:jKdCIzePj7J1488qgRXvF8Srh9wutSuR1exB8YooNX62hT+qhtrUXYbArLNoIhgwbaCqKpmduh18syZU7BR9SA== Completed in 117ms
1304 timing metavuln:calculate:security-advisory:esbuild:1102341 Completed in 192ms
1305 http fetch GET 200 https://registry.npmjs.org/loose-envify/-/loose-envify-1.4.0.tgz 777ms (cache miss)
1306 timing reifyNode:node_modules/loose-envify Completed in 888ms
1307 timing metavuln:cache:put:security-advisory:vite:I1BdsVrQ8+F0Nz5pjiEY7gYSFBzvKNwOR8nQyg9euOprN34SC4VipJH1GMc8WCRl+e0xZWGr2QiYwiNwqO4gag== Completed in 133ms
1308 timing metavuln:calculate:security-advisory:vite:1116229 Completed in 194ms
1309 timing metavuln:packument:@vitejs/plugin-react Completed in 10ms
1310 timing metavuln:cache:get:security-advisory:@vitejs/plugin-react:9Gy9+ze27G1us6B+W8biV10fSWWlbvxdqXOWR2dOcacJriijvaJSB375JaNqMBMF4g4ZE1YqsyqGPI5D0gHDqQ== Completed in 15ms
1311 timing metavuln:load:security-advisory:@vitejs/plugin-react:I1BdsVrQ8+F0Nz5pjiEY7gYSFBzvKNwOR8nQyg9euOprN34SC4VipJH1GMc8WCRl+e0xZWGr2QiYwiNwqO4gag== Completed in 73ms
1312 http fetch GET 200 https://registry.npmjs.org/@typescript-eslint/tsconfig-utils/-/tsconfig-utils-8.58.1.tgz 966ms (cache miss)
1313 timing reifyNode:node_modules/@typescript-eslint/tsconfig-utils Completed in 1115ms
1314 http fetch GET 200 https://registry.npmjs.org/@typescript-eslint/project-service/-/project-service-8.58.1.tgz 1128ms (cache miss)
1315 timing reifyNode:node_modules/@typescript-eslint/project-service Completed in 1236ms
1316 http fetch GET 200 https://registry.npmjs.org/@typescript-eslint/types/-/types-8.58.1.tgz 1137ms (cache miss)
1317 http fetch GET 200 https://registry.npmjs.org/yocto-queue/-/yocto-queue-0.1.0.tgz 1131ms (cache miss)
1318 timing reifyNode:node_modules/yocto-queue Completed in 1244ms
1319 http fetch GET 200 https://registry.npmjs.org/p-limit/-/p-limit-3.1.0.tgz 1132ms (cache miss)
1320 timing reifyNode:node_modules/p-limit Completed in 1244ms
1321 http fetch GET 200 https://registry.npmjs.org/fast-levenshtein/-/fast-levenshtein-2.0.6.tgz 1141ms (cache miss)
1322 timing reifyNode:node_modules/fast-levenshtein Completed in 1253ms
1323 http fetch GET 200 https://registry.npmjs.org/word-wrap/-/word-wrap-1.2.5.tgz 1157ms (cache miss)
1324 timing reifyNode:node_modules/word-wrap Completed in 1269ms
1325 http fetch GET 200 https://registry.npmjs.org/p-locate/-/p-locate-5.0.0.tgz 1164ms (cache miss)
1326 timing reifyNode:node_modules/p-locate Completed in 1276ms
1327 timing reifyNode:node_modules/@typescript-eslint/types Completed in 1279ms
1328 http fetch GET 200 https://registry.npmjs.org/deep-is/-/deep-is-0.1.4.tgz 1166ms (cache miss)
1329 timing reifyNode:node_modules/deep-is Completed in 1279ms
1330 timing metavuln:cache:put:security-advisory:@vitejs/plugin-react:9Gy9+ze27G1us6B+W8biV10fSWWlbvxdqXOWR2dOcacJriijvaJSB375JaNqMBMF4g4ZE1YqsyqGPI5D0gHDqQ== Completed in 289ms
1331 timing metavuln:calculate:security-advisory:@vitejs/plugin-react:I1BdsVrQ8+F0Nz5pjiEY7gYSFBzvKNwOR8nQyg9euOprN34SC4VipJH1GMc8WCRl+e0xZWGr2QiYwiNwqO4gag== Completed in 379ms
1332 http fetch GET 200 https://registry.npmjs.org/@typescript-eslint/visitor-keys/-/visitor-keys-8.58.1.tgz 1180ms (cache miss)
1333 http fetch GET 200 https://registry.npmjs.org/type-check/-/type-check-0.4.0.tgz 1173ms (cache miss)
1334 timing reifyNode:node_modules/type-check Completed in 1287ms
1335 http fetch GET 200 https://registry.npmjs.org/scheduler/-/scheduler-0.23.2.tgz 1180ms (cache miss)
1336 timing metavuln:cache:get:security-advisory:vite:tMBsdAS7JBTyRORp0YaJR984WAAsOxgmReSLBN0Nd41GhzEakjROICqAJ31iOdYG5Ijo/MlJ01p3ig1iN88+Tw== Completed in 10ms
1337 timing metavuln:load:security-advisory:vite:jKdCIzePj7J1488qgRXvF8Srh9wutSuR1exB8YooNX62hT+qhtrUXYbArLNoIhgwbaCqKpmduh18syZU7BR9SA== Completed in 100ms
1338 http fetch GET 200 https://registry.npmjs.org/json-buffer/-/json-buffer-3.0.1.tgz 1279ms (cache miss)
1339 timing reifyNode:node_modules/json-buffer Completed in 1396ms
1340 http fetch GET 200 https://registry.npmjs.org/prelude-ls/-/prelude-ls-1.2.1.tgz 1374ms (cache miss)
1341 timing reifyNode:node_modules/@typescript-eslint/visitor-keys Completed in 1494ms
1342 http fetch GET 200 https://registry.npmjs.org/@typescript-eslint/parser/-/parser-8.58.1.tgz 1388ms (cache miss)
1343 timing reifyNode:node_modules/scheduler Completed in 1509ms
1344 timing reifyNode:node_modules/@typescript-eslint/parser Completed in 1534ms
1345 timing reifyNode:node_modules/prelude-ls Completed in 1551ms
1346 http fetch GET 200 https://registry.npmjs.org/keyv/-/keyv-4.5.4.tgz 1463ms (cache miss)
1347 timing reifyNode:node_modules/keyv Completed in 1582ms
1348 http fetch GET 200 https://registry.npmjs.org/path-exists/-/path-exists-4.0.0.tgz 1463ms (cache miss)
1349 timing reifyNode:node_modules/path-exists Completed in 1582ms
1350 http fetch GET 200 https://registry.npmjs.org/acorn-jsx/-/acorn-jsx-5.3.2.tgz 1466ms (cache miss)
1351 timing reifyNode:node_modules/acorn-jsx Completed in 1586ms
1352 http fetch GET 200 https://registry.npmjs.org/yallist/-/yallist-3.1.1.tgz 1469ms (cache miss)
1353 timing reifyNode:node_modules/yallist Completed in 1587ms
1354 http fetch GET 200 https://registry.npmjs.org/levn/-/levn-0.4.1.tgz 1466ms (cache miss)
1355 timing reifyNode:node_modules/levn Completed in 1587ms
1356 http fetch GET 200 https://registry.npmjs.org/locate-path/-/locate-path-6.0.0.tgz 1473ms (cache miss)
1357 timing reifyNode:node_modules/locate-path Completed in 1593ms
1358 http fetch GET 200 https://registry.npmjs.org/flat-cache/-/flat-cache-4.0.1.tgz 1472ms (cache miss)
1359 timing reifyNode:node_modules/flat-cache Completed in 1594ms
1360 http fetch GET 200 https://registry.npmjs.org/postcss/-/postcss-8.5.9.tgz 1499ms (cache miss)
1361 http fetch GET 200 https://registry.npmjs.org/strip-json-comments/-/strip-json-comments-3.1.1.tgz 1491ms (cache miss)
1362 timing reifyNode:node_modules/strip-json-comments Completed in 1612ms
1363 timing reifyNode:node_modules/postcss Completed in 1621ms
1364 http fetch GET 200 https://registry.npmjs.org/natural-compare/-/natural-compare-1.4.0.tgz 1498ms (cache miss)
1365 timing reifyNode:node_modules/natural-compare Completed in 1622ms
1366 http fetch GET 200 https://registry.npmjs.org/lodash.merge/-/lodash.merge-4.6.2.tgz 1499ms (cache miss)
1367 timing reifyNode:node_modules/lodash.merge Completed in 1622ms
1368 http fetch GET 200 https://registry.npmjs.org/optionator/-/optionator-0.9.4.tgz 1502ms (cache miss)
1369 timing reifyNode:node_modules/optionator Completed in 1625ms
1370 http fetch GET 200 https://registry.npmjs.org/@eslint/object-schema/-/object-schema-2.1.7.tgz 1507ms (cache miss)
1371 http fetch GET 200 https://registry.npmjs.org/@humanfs/core/-/core-0.19.1.tgz 1515ms (cache miss)
1372 timing metavuln:cache:put:security-advisory:vite:tMBsdAS7JBTyRORp0YaJR984WAAsOxgmReSLBN0Nd41GhzEakjROICqAJ31iOdYG5Ijo/MlJ01p3ig1iN88+Tw== Completed in 248ms
1373 timing metavuln:calculate:security-advisory:vite:jKdCIzePj7J1488qgRXvF8Srh9wutSuR1exB8YooNX62hT+qhtrUXYbArLNoIhgwbaCqKpmduh18syZU7BR9SA== Completed in 358ms
1374 timing auditReport:init Completed in 947ms
1375 timing reify:audit Completed in 1653ms
1376 http fetch GET 200 https://registry.npmjs.org/glob-parent/-/glob-parent-6.0.2.tgz 1512ms (cache miss)
1377 timing reifyNode:node_modules/glob-parent Completed in 1638ms
1378 http fetch GET 200 https://registry.npmjs.org/imurmurhash/-/imurmurhash-0.1.4.tgz 1515ms (cache miss)
1379 timing reifyNode:node_modules/imurmurhash Completed in 1638ms
1380 http fetch GET 200 https://registry.npmjs.org/ignore/-/ignore-5.3.2.tgz 1515ms (cache miss)
1381 http fetch GET 200 https://registry.npmjs.org/file-entry-cache/-/file-entry-cache-8.0.0.tgz 1514ms (cache miss)
1382 timing reifyNode:node_modules/file-entry-cache Completed in 1639ms
1383 http fetch GET 200 https://registry.npmjs.org/find-up/-/find-up-5.0.0.tgz 1515ms (cache miss)
1384 timing reifyNode:node_modules/find-up Completed in 1639ms
1385 timing reifyNode:node_modules/ignore Completed in 1643ms
1386 http fetch GET 200 https://registry.npmjs.org/eslint-visitor-keys/-/eslint-visitor-keys-4.2.1.tgz 1517ms (cache miss)
1387 http fetch GET 200 https://registry.npmjs.org/escape-string-regexp/-/escape-string-regexp-4.0.0.tgz 1517ms (cache miss)
1388 timing reifyNode:node_modules/escape-string-regexp Completed in 1643ms
1389 timing reifyNode:node_modules/@humanfs/core Completed in 1647ms
1390 http fetch GET 200 https://registry.npmjs.org/esutils/-/esutils-2.0.3.tgz 1519ms (cache miss)
1391 timing reifyNode:node_modules/esutils Completed in 1650ms
1392 timing reifyNode:node_modules/eslint-visitor-keys Completed in 1651ms
1393 timing reifyNode:node_modules/@eslint/object-schema Completed in 1656ms
1394 http fetch GET 200 https://registry.npmjs.org/espree/-/espree-10.4.0.tgz 1531ms (cache miss)
1395 http fetch GET 200 https://registry.npmjs.org/flatted/-/flatted-3.4.2.tgz 1541ms (cache miss)
1396 http fetch GET 200 https://registry.npmjs.org/json-stable-stringify-without-jsonify/-/json-stable-stringify-without-jsonify-1.0.1.tgz 1534ms (cache miss)
1397 timing reifyNode:node_modules/espree Completed in 1660ms
1398 timing reifyNode:node_modules/flatted Completed in 1667ms
1399 timing reifyNode:node_modules/json-stable-stringify-without-jsonify Completed in 1666ms
1400 http fetch GET 200 https://registry.npmjs.org/@eslint/core/-/core-0.17.0.tgz 1545ms (cache miss)
1401 timing reifyNode:node_modules/@eslint/core Completed in 1678ms
1402 timing reifyNode:node_modules/ajv Completed in 1714ms
1403 http fetch GET 200 https://registry.npmjs.org/@typescript-eslint/type-utils/-/type-utils-8.58.1.tgz 1614ms (cache miss)
1404 timing reifyNode:node_modules/@typescript-eslint/type-utils Completed in 1763ms
1405 http fetch GET 200 https://registry.npmjs.org/ms/-/ms-2.1.3.tgz 1685ms (cache miss)
1406 timing reifyNode:node_modules/ms Completed in 1815ms
1407 http fetch GET 200 https://registry.npmjs.org/@types/babel__traverse/-/babel__traverse-7.28.0.tgz 1688ms (cache miss)
1408 timing reifyNode:node_modules/@types/babel__traverse Completed in 1819ms
1409 http fetch GET 200 https://registry.npmjs.org/@types/babel__template/-/babel__template-7.4.4.tgz 1689ms (cache miss)
1410 timing reifyNode:node_modules/@types/babel__template Completed in 1819ms
1411 http fetch GET 200 https://registry.npmjs.org/@babel/helper-string-parser/-/helper-string-parser-7.27.1.tgz 1688ms (cache miss)
1412 timing reifyNode:node_modules/@babel/helper-string-parser Completed in 1818ms
1413 http fetch GET 200 https://registry.npmjs.org/@humanwhocodes/module-importer/-/module-importer-1.0.1.tgz 1695ms (cache miss)
1414 http fetch GET 200 https://registry.npmjs.org/@eslint/config-array/-/config-array-0.21.2.tgz 1712ms (cache miss)
1415 timing reifyNode:node_modules/@humanwhocodes/module-importer Completed in 1843ms
1416 http fetch GET 200 https://registry.npmjs.org/@types/babel__generator/-/babel__generator-7.27.0.tgz 1711ms (cache miss)
1417 timing reifyNode:node_modules/@types/babel__generator Completed in 1842ms
1418 timing reifyNode:node_modules/@eslint/config-array Completed in 1858ms
1419 http fetch GET 200 https://registry.npmjs.org/@eslint/config-helpers/-/config-helpers-0.4.2.tgz 1756ms (cache miss)
1420 timing reifyNode:node_modules/@eslint/config-helpers Completed in 1886ms
1421 http fetch GET 200 https://registry.npmjs.org/eslint-scope/-/eslint-scope-8.4.0.tgz 1771ms (cache miss)
1422 timing reifyNode:node_modules/eslint-scope Completed in 1909ms
1423 http fetch GET 200 https://registry.npmjs.org/@humanwhocodes/retry/-/retry-0.4.3.tgz 1783ms (cache miss)
1424 http fetch GET 200 https://registry.npmjs.org/lru-cache/-/lru-cache-5.1.1.tgz 1776ms (cache miss)
1425 timing reifyNode:node_modules/lru-cache Completed in 1908ms
1426 http fetch GET 200 https://registry.npmjs.org/@eslint/plugin-kit/-/plugin-kit-0.4.1.tgz 1793ms (cache miss)
1427 timing reifyNode:node_modules/@eslint/plugin-kit Completed in 1928ms
1428 timing reifyNode:node_modules/@humanwhocodes/retry Completed in 1929ms
1429 http fetch GET 200 https://registry.npmjs.org/esquery/-/esquery-1.7.0.tgz 1818ms (cache miss)
1430 http fetch GET 200 https://registry.npmjs.org/@eslint-community/eslint-utils/-/eslint-utils-4.9.1.tgz 1812ms (cache miss)
1431 timing reifyNode:node_modules/esquery Completed in 1949ms
1432 timing reifyNode:node_modules/@eslint-community/eslint-utils Completed in 1948ms
1433 http fetch GET 200 https://registry.npmjs.org/@eslint/eslintrc/-/eslintrc-3.3.5.tgz 1835ms (cache miss)
1434 timing reifyNode:node_modules/@eslint/eslintrc Completed in 1963ms
1435 http fetch GET 200 https://registry.npmjs.org/@typescript-eslint/utils/-/utils-8.58.1.tgz 1862ms (cache miss)
1436 timing reifyNode:node_modules/@typescript-eslint/utils Completed in 1976ms
1437 http fetch GET 200 https://registry.npmjs.org/@rollup/rollup-darwin-x64/-/rollup-darwin-x64-4.60.1.tgz 1877ms (cache miss)
1438 timing reifyNode:node_modules/@rollup/rollup-darwin-x64 Completed in 1981ms
1439 http fetch GET 200 https://registry.npmjs.org/@typescript-eslint/typescript-estree/-/typescript-estree-8.58.1.tgz 1903ms (cache miss)
1440 timing reifyNode:node_modules/@typescript-eslint/typescript-estree Completed in 2013ms
1441 http fetch GET 200 https://registry.npmjs.org/rollup/-/rollup-4.60.1.tgz 1922ms (cache miss)
1442 timing reifyNode:node_modules/rollup Completed in 2027ms
1443 http fetch GET 200 https://registry.npmjs.org/@typescript-eslint/scope-manager/-/scope-manager-8.58.1.tgz 2069ms (cache miss)
1444 timing reifyNode:node_modules/@typescript-eslint/scope-manager Completed in 2178ms
1445 http fetch GET 200 https://registry.npmjs.org/jsesc/-/jsesc-3.1.0.tgz 2065ms (cache miss)
1446 timing reifyNode:node_modules/jsesc Completed in 2199ms
1447 http fetch GET 200 https://registry.npmjs.org/gensync/-/gensync-1.0.0-beta.2.tgz 2388ms (cache miss)
1448 timing reifyNode:node_modules/gensync Completed in 2523ms
1449 http fetch GET 200 https://registry.npmjs.org/@babel/helper-module-imports/-/helper-module-imports-7.28.6.tgz 2392ms (cache miss)
1450 http fetch GET 200 https://registry.npmjs.org/@babel/helper-validator-option/-/helper-validator-option-7.27.1.tgz 2398ms (cache miss)
1451 timing reifyNode:node_modules/@babel/helper-validator-option Completed in 2537ms
1452 http fetch GET 200 https://registry.npmjs.org/debug/-/debug-4.4.3.tgz 2401ms (cache miss)
1453 timing reifyNode:node_modules/debug Completed in 2537ms
1454 http fetch GET 200 https://registry.npmjs.org/convert-source-map/-/convert-source-map-2.0.0.tgz 2402ms (cache miss)
1455 timing reifyNode:node_modules/convert-source-map Completed in 2537ms
1456 http fetch GET 200 https://registry.npmjs.org/@babel/helper-globals/-/helper-globals-7.28.0.tgz 2408ms (cache miss)
1457 timing reifyNode:node_modules/@babel/helper-globals Completed in 2539ms
1458 http fetch GET 200 https://registry.npmjs.org/@babel/helper-plugin-utils/-/helper-plugin-utils-7.28.6.tgz 2410ms (cache miss)
1459 timing reifyNode:node_modules/@babel/helper-plugin-utils Completed in 2541ms
1460 http fetch GET 200 https://registry.npmjs.org/@humanfs/node/-/node-0.16.7.tgz 2417ms (cache miss)
1461 http fetch GET 200 https://registry.npmjs.org/@eslint-community/regexpp/-/regexpp-4.12.2.tgz 2417ms (cache miss)
1462 timing reifyNode:node_modules/@eslint-community/regexpp Completed in 2546ms
1463 http fetch GET 200 https://registry.npmjs.org/semver/-/semver-6.3.1.tgz 2411ms (cache miss)
1464 timing reifyNode:node_modules/semver Completed in 2545ms
1465 timing reifyNode:node_modules/@humanfs/node Completed in 2550ms
1466 timing reifyNode:node_modules/@babel/helper-module-imports Completed in 2553ms
1467 http fetch GET 200 https://registry.npmjs.org/@babel/helper-compilation-targets/-/helper-compilation-targets-7.28.6.tgz 2413ms (cache miss)
1468 http fetch GET 200 https://registry.npmjs.org/@babel/compat-data/-/compat-data-7.29.0.tgz 2421ms (cache miss)
1469 timing reifyNode:node_modules/@babel/compat-data Completed in 2563ms
1470 http fetch GET 200 https://registry.npmjs.org/@types/babel__core/-/babel__core-7.20.5.tgz 2424ms (cache miss)
1471 timing reifyNode:node_modules/@types/babel__core Completed in 2565ms
1472 http fetch GET 200 https://registry.npmjs.org/react-refresh/-/react-refresh-0.17.0.tgz 2426ms (cache miss)
1473 http fetch GET 200 https://registry.npmjs.org/@rolldown/pluginutils/-/pluginutils-1.0.0-beta.27.tgz 2426ms (cache miss)
1474 timing reifyNode:node_modules/@rolldown/pluginutils Completed in 2568ms
1475 http fetch GET 200 https://registry.npmjs.org/@babel/template/-/template-7.28.6.tgz 2433ms (cache miss)
1476 timing reifyNode:node_modules/@babel/template Completed in 2576ms
1477 http fetch GET 200 https://registry.npmjs.org/@babel/plugin-transform-react-jsx-self/-/plugin-transform-react-jsx-self-7.27.1.tgz 2437ms (cache miss)
1478 timing reifyNode:node_modules/@babel/plugin-transform-react-jsx-self Completed in 2578ms
1479 timing reifyNode:node_modules/react-refresh Completed in 2588ms
1480 timing reifyNode:node_modules/@babel/helper-compilation-targets Completed in 2590ms
1481 http fetch GET 200 https://registry.npmjs.org/@babel/helper-module-transforms/-/helper-module-transforms-7.28.6.tgz 2501ms (cache miss)
1482 http fetch GET 200 https://registry.npmjs.org/@jridgewell/remapping/-/remapping-2.3.5.tgz 2513ms (cache miss)
1483 timing reifyNode:node_modules/@babel/helper-module-transforms Completed in 2650ms
1484 timing reifyNode:node_modules/@jridgewell/remapping Completed in 2663ms
1485 http fetch GET 200 https://registry.npmjs.org/typescript-eslint/-/typescript-eslint-8.58.1.tgz 2663ms (cache miss)
1486 http fetch GET 200 https://registry.npmjs.org/eslint-plugin-react-refresh/-/eslint-plugin-react-refresh-0.4.26.tgz 2670ms (cache miss)
1487 timing reifyNode:node_modules/eslint-plugin-react-refresh Completed in 2815ms
1488 timing reifyNode:node_modules/typescript-eslint Completed in 2868ms
1489 http fetch GET 200 https://registry.npmjs.org/globals/-/globals-15.15.0.tgz 2745ms (cache miss)
1490 timing reifyNode:node_modules/globals Completed in 2899ms
1491 http fetch GET 200 https://registry.npmjs.org/@babel/plugin-transform-react-jsx-source/-/plugin-transform-react-jsx-source-7.27.1.tgz 2774ms (cache miss)
1492 timing reifyNode:node_modules/@babel/plugin-transform-react-jsx-source Completed in 2914ms
1493 http fetch GET 200 https://registry.npmjs.org/@types/prop-types/-/prop-types-15.7.15.tgz 2790ms (cache miss)
1494 timing reifyNode:node_modules/@types/prop-types Completed in 2932ms
1495 http fetch GET 200 https://registry.npmjs.org/balanced-match/-/balanced-match-4.0.4.tgz 2785ms (cache miss)
1496 http fetch GET 200 https://registry.npmjs.org/eslint-visitor-keys/-/eslint-visitor-keys-5.0.1.tgz 2793ms (cache miss)
1497 http fetch GET 200 https://registry.npmjs.org/eslint-plugin-react-hooks/-/eslint-plugin-react-hooks-5.2.0.tgz 2797ms (cache miss)
1498 http fetch GET 200 https://registry.npmjs.org/brace-expansion/-/brace-expansion-5.0.5.tgz 2803ms (cache miss)
1499 timing reifyNode:node_modules/@typescript-eslint/visitor-keys/node_modules/eslint-visitor-keys Completed in 2965ms
1500 timing reifyNode:node_modules/eslint-plugin-react-hooks Completed in 2952ms
1501 http fetch GET 200 https://registry.npmjs.org/@vitejs/plugin-react/-/plugin-react-4.7.0.tgz 2818ms (cache miss)
1502 timing reifyNode:node_modules/@typescript-eslint/typescript-estree/node_modules/balanced-match Completed in 2977ms
1503 http fetch GET 200 https://registry.npmjs.org/react/-/react-18.3.1.tgz 2824ms (cache miss)
1504 timing reifyNode:node_modules/@vitejs/plugin-react Completed in 2979ms
1505 timing reifyNode:node_modules/react Completed in 2990ms
1506 timing reifyNode:node_modules/@typescript-eslint/typescript-estree/node_modules/brace-expansion Completed in 3017ms
1507 http fetch GET 200 https://registry.npmjs.org/eslint-visitor-keys/-/eslint-visitor-keys-3.4.3.tgz 2883ms (cache miss)
1508 http fetch GET 200 https://registry.npmjs.org/ignore/-/ignore-7.0.5.tgz 2884ms (cache miss)
1509 timing reifyNode:node_modules/@typescript-eslint/eslint-plugin/node_modules/ignore Completed in 3045ms
1510 timing reifyNode:node_modules/@eslint-community/eslint-utils/node_modules/eslint-visitor-keys Completed in 3042ms
1511 http fetch GET 200 https://registry.npmjs.org/@babel/generator/-/generator-7.29.1.tgz 2902ms (cache miss)
1512 timing reifyNode:node_modules/@babel/generator Completed in 3050ms
1513 http fetch GET 200 https://registry.npmjs.org/globals/-/globals-14.0.0.tgz 2915ms (cache miss)
1514 timing reifyNode:node_modules/@eslint/eslintrc/node_modules/globals Completed in 3073ms
1515 http fetch GET 200 https://registry.npmjs.org/csstype/-/csstype-3.2.3.tgz 2939ms (cache miss)
1516 timing reifyNode:node_modules/csstype Completed in 3087ms
1517 http fetch GET 200 https://registry.npmjs.org/@eslint/js/-/js-9.39.4.tgz 2989ms (cache miss)
1518 timing reifyNode:node_modules/@eslint/js Completed in 3139ms
1519 http fetch GET 200 https://registry.npmjs.org/@babel/traverse/-/traverse-7.29.0.tgz 3040ms (cache miss)
1520 http fetch GET 200 https://registry.npmjs.org/@babel/parser/-/parser-7.29.2.tgz 3042ms (cache miss)
1521 timing reifyNode:node_modules/@babel/parser Completed in 3186ms
1522 timing reifyNode:node_modules/@babel/traverse Completed in 3188ms
1523 http fetch GET 200 https://registry.npmjs.org/@types/react-dom/-/react-dom-18.3.7.tgz 3053ms (cache miss)
1524 timing reifyNode:node_modules/@types/react-dom Completed in 3199ms
1525 http fetch GET 200 https://registry.npmjs.org/@typescript-eslint/eslint-plugin/-/eslint-plugin-8.58.1.tgz 3254ms (cache miss)
1526 timing reifyNode:node_modules/@typescript-eslint/eslint-plugin Completed in 3364ms
1527 http fetch GET 200 https://registry.npmjs.org/@babel/core/-/core-7.29.0.tgz 3250ms (cache miss)
1528 timing reifyNode:node_modules/@babel/core Completed in 3399ms
1529 http fetch GET 200 https://registry.npmjs.org/vite/-/vite-5.4.21.tgz 3327ms (cache miss)
1530 timing reifyNode:node_modules/vite Completed in 3471ms
1531 http fetch GET 200 https://registry.npmjs.org/@babel/helpers/-/helpers-7.29.2.tgz 3335ms (cache miss)
1532 timing reifyNode:node_modules/@babel/helpers Completed in 3477ms
1533 http fetch GET 200 https://registry.npmjs.org/minimatch/-/minimatch-10.2.5.tgz 3383ms (cache miss)
1534 timing reifyNode:node_modules/@typescript-eslint/typescript-estree/node_modules/minimatch Completed in 3546ms
1535 http fetch GET 200 https://registry.npmjs.org/react-dom/-/react-dom-18.3.1.tgz 3397ms (cache miss)
1536 timing reifyNode:node_modules/react-dom Completed in 3542ms
1537 http fetch GET 200 https://registry.npmjs.org/@babel/types/-/types-7.29.0.tgz 3432ms (cache miss)
1538 timing reifyNode:node_modules/@babel/types Completed in 3570ms
1539 timing reifyNode:node_modules/caniuse-lite Completed in 3662ms
1540 http fetch GET 200 https://registry.npmjs.org/eslint/-/eslint-9.39.4.tgz 3613ms (cache miss)
1541 timing reifyNode:node_modules/eslint Completed in 3757ms
1542 http fetch GET 200 https://registry.npmjs.org/@esbuild/darwin-x64/-/darwin-x64-0.21.5.tgz 4042ms (cache miss)
1543 timing reifyNode:node_modules/@esbuild/darwin-x64 Completed in 4146ms
1544 http fetch GET 200 https://registry.npmjs.org/@types/react/-/react-18.3.28.tgz 4038ms (cache miss)
1545 timing reifyNode:node_modules/@types/react Completed in 4184ms
1546 http fetch GET 200 https://registry.npmjs.org/typescript/-/typescript-5.6.3.tgz 8172ms (cache miss)
1547 timing reifyNode:node_modules/typescript Completed in 8315ms
1548 timing reify:unpack Completed in 8332ms
1549 timing reify:unretire Completed in 1ms
1550 timing build:queue Completed in 10ms
1551 timing build:link:node_modules/@babel/parser Completed in 9ms
1552 timing build:link:node_modules/esbuild Completed in 8ms
1553 timing build:link:node_modules/eslint Completed in 7ms
1554 timing build:link:node_modules/baseline-browser-mapping Completed in 8ms
1555 timing build:link:node_modules/js-yaml Completed in 7ms
1556 timing build:link:node_modules/nanoid Completed in 7ms
1557 timing build:link:node_modules/jsesc Completed in 7ms
1558 timing build:link:node_modules/acorn Completed in 9ms
1559 timing build:link:node_modules/loose-envify Completed in 7ms
1560 timing build:link:node_modules/json5 Completed in 7ms
1561 timing build:link:node_modules/semver Completed in 7ms
1562 timing build:link:node_modules/rollup Completed in 7ms
1563 timing build:link:node_modules/typescript Completed in 7ms
1564 timing build:link:node_modules/vite Completed in 8ms
1565 timing build:link:node_modules/update-browserslist-db Completed in 8ms
1566 timing build:link:node_modules/browserslist Completed in 9ms
1567 timing build:link:node_modules/which Completed in 8ms
1568 timing build:link:node_modules/@typescript-eslint/typescript-estree/node_modules/semver Completed in 8ms
1569 timing build:link Completed in 11ms
1570 info run esbuild@0.21.5 postinstall node_modules/esbuild node install.js
1571 info run esbuild@0.21.5 postinstall { code: 0, signal: null }
1572 timing build:run:postinstall:node_modules/esbuild Completed in 1359ms
1573 timing build:run:postinstall Completed in 1359ms
1574 timing build:deps Completed in 1381ms
1575 timing build Completed in 1382ms
1576 timing reify:build Completed in 1382ms
1577 timing reify:trash Completed in 7ms
1578 timing reify:save Completed in 93ms
1579 timing reify Completed in 37522ms
1580 silly ADD node_modules/isexe
1581 silly ADD
1582 silly ADD
1583 silly ADD
1584 silly ADD
1585 silly ADD
1586 silly ADD
1587 silly ADD
1588 silly ADD
1589 silly ADD
1590 silly ADD
1591 silly ADD
1592 silly ADD
1593 silly ADD
1594 silly ADD
1595 silly ADD
1596 silly ADD
1597 silly ADD
1598 silly ADD
1599 silly ADD
1600 silly ADD
1601 silly ADD
1602 silly ADD node_modules/@rollup/rollup-darwin-x64
1603 silly ADD
1604 silly ADD
1605 silly ADD
1606 silly ADD node_modules/source-map-js
1607 silly ADD node_modules/nanoid
1608 silly ADD
1609 silly ADD
1610 silly ADD
1611 silly ADD
1612 silly ADD
1613 silly ADD
1614 silly ADD
1615 silly ADD
1616 silly ADD
1617 silly ADD
1618 silly ADD
1619 silly ADD
1620 silly ADD
1621 silly ADD
1622 silly ADD
1623 silly ADD
1624 silly ADD
1625 silly ADD node_modules/@esbuild/darwin-x64
1626 silly ADD
1627 silly ADD
1628 silly ADD
1629 silly ADD
1630 silly ADD
1631 silly ADD node_modules/rollup
1632 silly ADD node_modules/postcss
1633 silly ADD node_modules/fsevents
1634 silly ADD node_modules/esbuild
1635 silly ADD node_modules/punycode
1636 silly ADD node_modules/escalade
1637 silly ADD node_modules/picomatch
1638 silly ADD node_modules/fdir
1639 silly ADD node_modules/tinyglobby
1640 silly ADD node_modules/@typescript-eslint/tsconfig-utils
1641 silly ADD node_modules/@typescript-eslint/project-service
1642 silly ADD node_modules/@typescript-eslint/types
1643 silly ADD node_modules/ts-api-utils
1644 silly ADD node_modules/@typescript-eslint/visitor-keys
1645 silly ADD node_modules/@typescript-eslint/visitor-keys/node_modules/eslint-visitor-keys
1646 silly ADD node_modules/@typescript-eslint/type-utils
1647 silly ADD node_modules/@typescript-eslint/scope-manager
1648 silly ADD node_modules/@typescript-eslint/utils
1649 silly ADD node_modules/@typescript-eslint/typescript-estree
1650 silly ADD node_modules/@typescript-eslint/typescript-estree/node_modules/balanced-match
1651 silly ADD node_modules/@typescript-eslint/typescript-estree/node_modules/brace-expansion
1652 silly ADD node_modules/@typescript-eslint/typescript-estree/node_modules/semver
1653 silly ADD node_modules/@typescript-eslint/typescript-estree/node_modules/minimatch
1654 silly ADD node_modules/@typescript-eslint/parser
1655 silly ADD node_modules/@typescript-eslint/eslint-plugin
1656 silly ADD node_modules/@typescript-eslint/eslint-plugin/node_modules/ignore
1657 silly ADD node_modules/has-flag
1658 silly ADD node_modules/shebang-regex
1659 silly ADD node_modules/scheduler
1660 silly ADD node_modules/loose-envify
1661 silly ADD node_modules/callsites
1662 silly ADD node_modules/yocto-queue
1663 silly ADD node_modules/p-limit
1664 silly ADD node_modules/word-wrap
1665 silly ADD node_modules/fast-levenshtein
1666 silly ADD node_modules/deep-is
1667 silly ADD node_modules/concat-map
1668 silly ADD node_modules/balanced-match
1669 silly ADD node_modules/brace-expansion
1670 silly ADD node_modules/yallist
1671 silly ADD node_modules/p-locate
1672 silly ADD node_modules/type-check
1673 silly ADD node_modules/prelude-ls
1674 silly ADD node_modules/json-buffer
1675 silly ADD node_modules/argparse
1676 silly ADD node_modules/is-extglob
1677 silly ADD node_modules/resolve-from
1678 silly ADD node_modules/parent-module
1679 silly ADD node_modules/keyv
1680 silly ADD node_modules/flatted
1681 silly ADD node_modules/path-exists
1682 silly ADD node_modules/locate-path
1683 silly ADD node_modules/flat-cache
1684 silly ADD node_modules/acorn-jsx
1685 silly ADD node_modules/acorn
1686 silly ADD node_modules/estraverse
1687 silly ADD node_modules/esrecurse
1688 silly ADD node_modules/which
1689 silly ADD node_modules/shebang-command
1690 silly ADD node_modules/path-key
1691 silly ADD node_modules/color-name
1692 silly ADD node_modules/color-convert
1693 silly ADD node_modules/supports-color
1694 silly ADD node_modules/ansi-styles
1695 silly ADD node_modules/uri-js
1696 silly ADD node_modules/json-schema-traverse
1697 silly ADD node_modules/fast-json-stable-stringify
1698 silly ADD node_modules/@humanfs/core
1699 silly ADD node_modules/levn
1700 silly ADD node_modules/strip-json-comments
1701 silly ADD node_modules/js-yaml
1702 silly ADD node_modules/import-fresh
1703 silly ADD node_modules/@types/json-schema
1704 silly ADD node_modules/@eslint/object-schema
1705 silly ADD node_modules/optionator
1706 silly ADD node_modules/natural-compare
1707 silly ADD node_modules/minimatch
1708 silly ADD node_modules/lodash.merge
1709 silly ADD node_modules/json-stable-stringify-without-jsonify
1710 silly ADD node_modules/is-glob
1711 silly ADD node_modules/imurmurhash
1712 silly ADD node_modules/ignore
1713 silly ADD node_modules/glob-parent
1714 silly ADD node_modules/find-up
1715 silly ADD node_modules/file-entry-cache
1716 silly ADD node_modules/fast-deep-equal
1717 silly ADD node_modules/esutils
1718 silly ADD node_modules/esquery
1719 silly ADD node_modules/espree
1720 silly ADD node_modules/eslint-visitor-keys
1721 silly ADD node_modules/eslint-scope
1722 silly ADD node_modules/escape-string-regexp
1723 silly ADD node_modules/cross-spawn
1724 silly ADD node_modules/chalk
1725 silly ADD node_modules/ajv
1726 silly ADD node_modules/@types/estree
1727 silly ADD node_modules/@humanwhocodes/retry
1728 silly ADD node_modules/@humanwhocodes/module-importer
1729 silly ADD node_modules/@humanfs/node
1730 silly ADD node_modules/@eslint/plugin-kit
1731 silly ADD node_modules/@eslint/eslintrc
1732 silly ADD node_modules/@eslint/eslintrc/node_modules/globals
1733 silly ADD node_modules/@eslint/core
1734 silly ADD node_modules/@eslint/config-helpers
1735 silly ADD node_modules/@eslint/config-array
1736 silly ADD node_modules/@eslint-community/regexpp
1737 silly ADD node_modules/@eslint-community/eslint-utils
1738 silly ADD node_modules/@eslint-community/eslint-utils/node_modules/eslint-visitor-keys
1739 silly ADD node_modules/ms
1740 silly ADD node_modules/update-browserslist-db
1741 silly ADD node_modules/node-releases
1742 silly ADD node_modules/electron-to-chromium
1743 silly ADD node_modules/caniuse-lite
1744 silly ADD node_modules/baseline-browser-mapping
1745 silly ADD node_modules/@types/babel__traverse
1746 silly ADD node_modules/@types/babel__template
1747 silly ADD node_modules/@types/babel__generator
1748 silly ADD node_modules/@jridgewell/resolve-uri
1749 silly ADD node_modules/@jridgewell/sourcemap-codec
1750 silly ADD node_modules/@babel/helper-string-parser
1751 silly ADD node_modules/@babel/helper-globals
1752 silly ADD node_modules/@babel/helper-plugin-utils
1753 silly ADD node_modules/@babel/helper-module-imports
1754 silly ADD node_modules/lru-cache
1755 silly ADD node_modules/browserslist
1756 silly ADD node_modules/@babel/helper-validator-option
1757 silly ADD node_modules/@babel/compat-data
1758 silly ADD node_modules/jsesc
1759 silly ADD node_modules/@jridgewell/trace-mapping
1760 silly ADD node_modules/@jridgewell/gen-mapping
1761 silly ADD node_modules/picocolors
1762 silly ADD node_modules/js-tokens
1763 silly ADD node_modules/@babel/helper-validator-identifier
1764 silly ADD node_modules/semver
1765 silly ADD node_modules/json5
1766 silly ADD node_modules/gensync
1767 silly ADD node_modules/debug
1768 silly ADD node_modules/convert-source-map
1769 silly ADD node_modules/@jridgewell/remapping
1770 silly ADD node_modules/@babel/types
1771 silly ADD node_modules/@babel/traverse
1772 silly ADD node_modules/@babel/template
1773 silly ADD node_modules/@babel/parser
1774 silly ADD node_modules/@babel/helpers
1775 silly ADD node_modules/@babel/helper-module-transforms
1776 silly ADD node_modules/@babel/helper-compilation-targets
1777 silly ADD node_modules/@babel/generator
1778 silly ADD node_modules/@babel/code-frame
1779 silly ADD node_modules/react-refresh
1780 silly ADD node_modules/@types/babel__core
1781 silly ADD node_modules/@rolldown/pluginutils
1782 silly ADD node_modules/@babel/plugin-transform-react-jsx-source
1783 silly ADD node_modules/@babel/plugin-transform-react-jsx-self
1784 silly ADD node_modules/@babel/core
1785 silly ADD node_modules/csstype
1786 silly ADD node_modules/@types/prop-types
1787 silly ADD node_modules/typescript-eslint
1788 silly ADD node_modules/typescript
1789 silly ADD node_modules/react-dom
1790 silly ADD node_modules/react
1791 silly ADD node_modules/globals
1792 silly ADD node_modules/eslint-plugin-react-refresh
1793 silly ADD node_modules/eslint-plugin-react-hooks
1794 silly ADD node_modules/eslint
1795 silly ADD node_modules/vite
1796 silly ADD node_modules/@vitejs/plugin-react
1797 silly ADD node_modules/@types/react-dom
1798 silly ADD node_modules/@types/react
1799 silly ADD node_modules/@eslint/js
1800 timing command:install Completed in 37564ms
1801 verbose exit 0
1802 timing npm Completed in 37953ms
1803 info ok
